cluster,name
0,Майкоп — Майкопский — Кошехабльский
1,Тахтамукайский — Теучежский — Адыгейск
2,Красногвардейский
3,Горно-Алтайск — Майминский
4,Кош-Агачский
5,Онгудайский
6,Турочакский
7,Улаганский
8,Усть-Канский
9,Усть-Коксинский
10,Чемальский
11,Чойский
12,Шебалинский
13,Уфа — Уфимский — Иглинский
14,Ижевск — Нефтекамск — Сарапул
15,Стерлитамак — Салават — Ишимбайский
16,Альметьевский — Туймазинский — Октябрьский
17,Сибай — Баймакский — Кизильский
18,Магнитогорский — Абзелиловский — Агаповский
19,Чишминский — Давлекановский — Альшеевский
20,Кармаскалинский — Архангельский
21,Аскинский
22,Бакалинский
23,Чернушинский — Куединский — Татышлинский
24,Белебеевский — Абдулинский — Ермекеевский
25,Белокатайский — Кигинский
26,Белорецкий
27,Миякинский — Бижбулякский — Шарлыкский
28,Бирский — Мишкинский
29,Буздякский
30,Бурзянский
31,Гафурийский
32,Дуванский — Катав-Ивановский — Усть-Катавский
33,Дюртюлинский — Илишевский — Чекмагушевский
34,Зианчуринский — Тюльганский
35,Зилаирский
36,Караидельский
37,Кугарчинский
38,Мечетлинский
39,Учалинский
40,Хайбуллинский
41,Янаульский
42,Северобайкальск
43,Баргузинский
44,Баунтовский эвенкийский
45,Бичурский
46,Джидинский
47,Еравнинский
48,Заиграевский
49,Закаменский
50,Иволгинский
51,Кабанский
52,Кижингинский
53,Курумканский
54,Кяхтинский
55,Муйский
56,Мухоршибирский
57,Окинский
58,Прибайкальский
59,Северо-Байкальский
60,Селенгинский
61,Тарбагатайский
62,Тункинский
63,Хоринский
64,Махачкала — Буйнакск
65,Избербаш
66,Кизилюрт
67,Кизляр
68,Магас
69,Назрань
70,Владикавказ — Пятигорск — Нальчик
71,Эльбрусский
72,Яшалтинский — овиковский
73,Лаганский
74,Сарпинский — Малодербетовский
75,Октябрьский
76,Целинный
77,Черноземельский
78,Енотаевский — Юстинский
79,Яшкульский
80,Невинномысск — Черкесский — Кочубеевский
81,Петрозаводский — Прионежский — Пряжинский
82,Костомукшский
83,Беломорский
84,Калевальский
85,Кемский
86,Кондопожский
87,Сортавальский — Лахденпохский
88,Лоухский
89,Медвежьегорский
90,Муезерский
91,Олонецкий
92,Питкярантский
93,Пудожский
94,Сегежский
95,Суоярвский
96,Сыктывкар — Сыктывдинский — Корткеросский
97,Воркута
98,Вуктыл
99,Инта
100,Усинск
101,Ухта — Сосногорск
102,Ижемский
103,Княжпогостский
104,Койгородский
105,Печора
106,Прилузский
107,Сысольский
108,Троицко-Печорский
109,Удорский
110,Усть-Вымский
111,Усть-Куломский
112,Усть-Цилемский
113,Йошкар-Ола — Медведевский — Советский
114,Казань — Ульяновск — Чебоксары
115,Козьмодемьянск — Горномарийский
116,Килемарский — Санчурский
117,Моркинский
118,Юринский
119,Нижний Новгород — Саранск — Дзержинск
120,Зубово-Полянский — Краснослободский — Торбеевский
121,Ковылкинский — Нижнеломовский — Башмаковский
122,Старошайговский
123,Вознесенский — Теньгушевский — Кадомский
124,Якутск — Мегино-Кангаласский
125,Абыйский
126,Алданский
127,Аллаиховский
128,Амгинский
129,Анабарский национальный (долгано-эвенкийский)
130,Булунский
131,Верхневилюйский
132,Верхнеколымский
133,Верхоянский
134,Вилюйский
135,Горный
136,Жиганский
137,Кобяйский
138,Нюрбинский
139,Ленский
140,Мирнинский
141,Момский
142,Намский
143,Нерюнгринский
144,Нижнеколымский
145,Оймяконский
146,Олекминский
147,Оленекский эвенкийский национальный
148,Среднеколымский
149,Сунтарский
150,Таттинский
151,Томпонский
152,Усть-Алданский
153,Усть-Майский
154,Усть-Янский
155,Хангаласский
156,Чурапчинский
157,Эвено-Бытантайский национальный
158,Моздокский
159,Набережные Челны — Нижнекамский — Елабужский
160,Аксубаевский
161,Актанышский
162,Лаишевский — Чистопольский — Алексеевский
163,Алькеевский
164,Верхнеуслонский
165,Мамадышский
166,Мензелинский
167,Муслюмовский
168,Новошешминский
169,Самара — Волжский — Новокуйбышевск
170,Спасский
171,Барун-Хемчикский — Бай-Тайгинский
172,Дзун-Хемчикский — Сут-Хольский
173,Каа-Хемский
174,Кызылский
175,Пий-Хемский
176,Тандинский
177,Тоджинский
178,Улуг-Хемский
179,Чеди-Хольский
180,Воткинск — Чайковский — Глазов
181,Каракулинский район
182,Абакан — Минусинск — Черногорск
183,Таштыпский — Абаза
184,Саяногорск — Бейский
185,Сорск
186,Боградский
187,Ужурский — Орджоникидзевский
188,Ширинский
189,Грозный
190,Барнаул — Новоалтайск — Первомайский
191,Алейск — Алейский
192,Бийск — Бийский — Алтайский
193,Заринск — Залесовский
194,Рубцовск — Егорьевский
195,Славгород — Кулундинский — Яровое
196,Баевский
197,Благовещенский — Родинский
198,Бурлинский
199,Быстроистокский
200,Волчихинский
201,Ельцовский
202,Мамонтовский — Завьяловский — Романовский
203,Локтевский — Змеиногорский — Третьяковский
204,Калманский
205,Каменский — Крутихинский
206,Красногорский
207,Краснощёковский — Курьинский
208,Кытмановский — Тогульский
209,Михайловский
210,Шипуновский — Поспелихинский — Новичихинский
211,Павловский — Шелаболихинский
212,Панкрушихинский
213,Петропавловский
214,Ребрихинский
215,Суетский район
216,Солонешенский
217,Солтонский
218,Тальменский
219,Топчихинский
220,Тюменцевский
221,Угловский
222,Усть-Калманский — Усть-Пристанский
223,Хабарский
224,Целинный
225,Чарышский район
226,Чита
227,Петровск-Забайкальский — Петровск-Забайкальский
228,Акшинский
229,Александрово-Заводский
230,Балейский
231,Борзинский
232,Газимуро-Заводский
233,Забайкальский
234,Каларский
235,Калганский
236,Карымский
237,Краснокаменск и Краснокаменский район
238,Красночикойский
239,Кыринский
240,Могочинский
241,Нерчинский
242,Нерчинско-Заводский
243,Оловяннинский
244,Ононский
245,Приаргунский
246,Сретенский
247,Тунгокоченский
248,Улётовский
249,Хилокский
250,Чернышевский
251,Читинский
252,Шелопугинский
253,Шилкинский
254,Могойтуйский — Агинское — Агинский
255,Дульдургинский
256,Владивостокский — Петропавловск-Камчатский — Артемовский
257,Быстринский
258,Мильковский
259,Соболевский
260,Усть-Большерецкий
261,Усть-Камчатский
262,Карагинский
263,Олюторский
264,Тигильский
265,Красноярск — Емельяновский — Сосновоборск
266,Ачинск — Назарово — Назаровский
267,Боготол — Тюхтетский
268,Рыбинский — Уярский — Бородино
269,Лесосибирск — Енисейский — Енисейск
270,Канск — Нижнеингашский — Иланский
271,Норильск
272,Шарыпово — Шарыповский
273,Абанский
274,Балахтинский
275,Богучанский
276,Большемуртинский
277,Дзержинский
278,Шушенский — Ермаковский
279,Краснотуранский — Идринский
280,Ирбейский
281,Казачинский
282,Каратузский
283,Кежемский
284,Козульский
285,Курагинский
286,Манский
287,Мотыгинский
288,Новоселовский
289,Пировский
290,Саянский
291,Северо-Енисейский
292,Сухобузимский
293,Таймырский Долгано-Ненецкий
294,Тасеевский
295,Туруханский
296,Эвенкийский
297,Пермский — Пермский — Краснокамский
298,Чусовской — Лысьвенский — Горнозаводский
299,Губахинский — Александровский — Кизел
300,Осинский — Бардымский
301,Кунгурский — Суксунский — Ординский
302,Добрянский
303,Еловский
304,Ильинский
305,Красновишерский
306,Октябрьский
307,Оханский
308,Уинский
309,Частинский
310,Чердынский
311,Гайнский
312,Косинский
313,Кудымкарский — Юсьвинский — Кочевский
314,Арсеньевский — Яковлевский — Анучинский
315,Дальнегорский
316,Дальнереченский — Дальнереченский
317,Лесозаводский — Кировский
318,Находкинский — Партизанский — Партизанский
319,Спасск-Дальний — Черниговский — Хорольский
320,Уссурийский — Михайловский — Октябрьский
321,Кавалеровский
322,Красноармейский
323,Лазовский
324,Ольгинский
325,Пограничный
326,Пожарский
327,Тернейский
328,Хасанский
329,Чугуевский
330,Ставрополь — Шпаковский — Изобильненский
331,Благодарненский
332,Ипатовский — Апанасенковский
333,Будённовский — Нефтекумский — Левокумский
334,Новоалександровский — Красногвардейский
335,Александровский — Новоселицкий
336,Андроповский
337,Арзгирский
338,Курский — Степновский
339,Туркменский
340,Хабаровск — Хабаровский
341,Комсомольск-на-Амуре — Комсомольский — Солнечный
342,Амурский
343,Бикинский
344,Советско-Гаванский — Ванинский — Холмский
345,Верхнебуреинский
346,Вяземский
347,имени Лазо
348,Нанайский
349,Николаевский
350,Охотский
351,имени Полины Осипенко
352,Тугуро-Чумиканский
353,Ульчский
354,Белогорск
355,Зея
356,Райчихинск
357,Свободный
358,Тында
359,Шимановск
360,(поселок городского типа) Прогресс
361,Архаринский
362,Серышевский — Белогорский
363,Благовещенский — Ивановский
364,Бурейский
365,Завитинский
366,Зейский
367,Константиновский
368,Магдагачинский
369,Мазановский
370,Михайловский
371,Октябрьский
372,Ромненский
373,Свободненский
374,Селемджинский
375,Сковородинский
376,Тамбовский
377,Тындинский
378,Шимановский
379,Архангельск — Северодвинск — Приморский
380,Котлас — Коряжма — Котласский
381,Вельский — Верховажский
382,Верхнетоемский
383,Вилегодский
384,Виноградовский
385,Каргопольский
386,Коношский
387,Красноборский
388,Ленский
389,Мезенский
390,Няндомский
391,Онежский
392,Пинежский
393,Плесецкий
394,Устьянский
395,Холмогорский
396,Шенкурский
397,Нарьян-Мар — Заполярный район
398,Астрахань — Приволжский — Наримановский
399,Ахтубинский
400,Лиманский
401,Харабалинский
402,Черноярский
403,Ярославль — Владимир — Иваново
404,округ Муром — Выкса — Кулебаки
405,Волгоград — Волжский — Среднеахтубинский
406,Камышин
407,Михайловка
408,Урюпинск — Новониколаевский
409,Фролово — Фроловский
410,Новоаннинский — Алексеевский — Киквидзенский
411,Николаевский — Быковский
412,Даниловский
413,Еланский — Самойловский
414,Жирновский — Руднянский
415,Иловлинский
416,Калачевский
417,Клетский
418,Котельниковский
419,Котовский
420,Кумылженский
421,Нехаевский
422,Октябрьский
423,Ольховский
424,Палласовский
425,Светлоярский
426,Серафимовичский
427,Старополтавский
428,Суровикинский
429,Чернышковский
430,Бабаевский
431,Тотемский — Бабушкинский
432,Белозерский
433,Великоустюгский
434,Вожегодский
435,Вологодский — Сокольский — Грязовецкий
436,Вытегорский
437,Кадуйский
438,Кирилловский
439,Кичменгско-Городецкий
440,Междуреченский
441,Никольский
442,Тарногский — Нюксенский
443,Сямженский
444,Бежецкий — Пестовский — Устюженский
445,Харовский
446,Чагодощенский
447,Череповецкий
448,Шекснинский
449,Чкаловск — Юрьевецкий — Пучежский
450,Иркутск — Ангарский — Иркутский
451,Братск — Братский
452,Саянск — Зима — Зиминский
453,Тулун
454,Усть-Илимск — Усть-Илимский
455,Черемхово — Черемховский — Заларинский
456,Балаганский
457,Жигаловский
458,Казачинско-Ленский
459,Катангский
460,Качугский
461,Киренский
462,Куйтунский
463,Нижнеилимский
464,Нижнеудинский
465,Ольхонский
466,Слюдянский
467,Тайшетский
468,Усть-Кутский
469,Усть-Удинский
470,Чунский
471,Баяндаевский
472,Боханский — Осинский
473,Эхирит-Булагатский
474,Калининград — Гурьевский — Зеленоградский
475,Всеволожский — Гатчинский — Тосненский
476,Тула — Калуга — Орёл
477,Балашиха — Одинцовский — Красногорск
478,Спас-Деменский
479,Кемеровский — Кемеровский — Березовский
480,Анжеро-Судженский — Яйский — Ижморский
481,Беловский — Ленинск-Кузнецкий — Гурьевский
482,Новокузнецкий — Прокопьевский — Киселевский
483,Междуреченский — Мысковский
484,Юргинский — Яшкинский — Болотнинский
485,Крапивинский
486,Мариинский — Чебулинский
487,Промышленновский
488,Таштагольский
489,Тисульский — Тяжинский
490,Киров — Кирово-Чепецк — Слободской
491,Котельнич — Котельничский — Орловский
492,Афанасьевский
493,Богородский
494,Верхнекамский
495,Верхошижемский
496,Даровской
497,Зуевский — Фаленский
498,Нолинский — Куменский — Сунский
499,Лузский
500,Мурашинский
501,Нагорский
502,Омутнинский
503,Опаринский
504,Подосиновский
505,Шабалинский — Свечинский
506,Унинский
507,Уржумский
508,Юрьянский
509,Галич — Нейский — Чухломский
510,Шарья — Шарьинский
511,Вохомский — Октябрьский — Пыщугский
512,Макарьевский — Кадыйский
513,Кологривский
514,Межевской
515,Поназыревский
516,Курган — Кетовский — Варгашинский
517,Шадринск — Шадринский
518,Шумихинский — Щучанский — Сафакулевский
519,Каменск-Уральский — Каменский — Далматовский
520,Звериноголовский
521,Каргапольский
522,Куртамышский
523,Лебяжьевский
524,Макушинский
525,Юргамышский — Мишкинский
526,Мокроусовский
527,Петуховский
528,Половинский
529,Притобольный
530,Целинный
531,Бердюжский — Частоозерский
532,Шатровский
533,Тихвинский — Бокситогорский
534,Волховский
535,Выборгский
536,Кингисеппский
537,Киришский
538,Лодейнопольский — Подпорожский
539,Лужский
540,Приозерский
541,Сланцевский — Гдовский
542,Липецк — Елец — Мичуринск
543,Добринский — Жердевский — Токарёвский
544,Усманский
545,Магадан — Ольский
546,Омсукчанский
547,Среднеканский
548,Сусуманский
549,Тенькинский
550,Хасынский
551,Ягоднинский
552,Рязань — Коломна — Воскресенск
553,Ступино — Кашира
554,Павловский Посад
555,Можайский — Рузский
556,Волоколамский — Шаховская — Лотошино
557,Электрогорск
558,Мурманск — Кольский
559,Апатиты — Кировск
560,Мончегорск — Оленегорск
561,Кандалакшский — Полярные Зори
562,Ковдорский
563,Ловозерский
564,Печенгский
565,Терский
566,Семеновский
567,Шахунья — Тоншаевский — Шарангский
568,Сокольский
569,Ардатовский — Дивеевский
570,Краснобаковский — Воскресенский — Варнавинский
571,Уренский — Ветлужский
572,Ковернинский
573,Великий Новгород — Новгородский
574,Боровичский — Окуловский — Мошенской
575,Валдайский
576,Старорусский — Порховский — Дедовичский
577,Демянский
578,Крестецкий
579,Любытинский
580,Маловишерский
581,Марёвский
582,Холмский — Поддорский
583,Хвойнинский
584,Чудовский
585,Новосибирск — Новосибирский — Бердск
586,Купинский — Баганский
587,Куйбышевский — Барабинский
588,Чановский — Венгеровский
589,Доволенский
590,Здвинский
591,Карасукский
592,Каргатский
593,Колыванский
594,Коченевский
595,Кочковский
596,Краснозерский
597,Кыштовский
598,Маслянинский
599,Мошковский
600,Ордынский
601,Северный
602,Сузунский
603,Татарский — Усть-Таркский
604,Тогучинский
605,Убинский
606,Черепановский
607,Чистоозерный
608,Чулымский
609,Омск — Омский — Калачинский
610,Большереченский
611,Большеуковский
612,Знаменский
613,Исилькульский
614,Колосовский
615,Крутинский
616,Любинский — Марьяновский — Шербакульский
617,Москаленский
618,Муромцевский
619,Называевский
620,Нижнеомский
621,Нововаршавский
622,Павлоградский — Одесский
623,Полтавский
624,Русско-Полянский
625,Саргатский
626,Седельниковский
627,Таврический
628,Тарский
629,Тевризский
630,Тюкалинский
631,Усть-Ишимский
632,Черлакский
633,Оренбург — Оренбургский — Сакмарский
634,Бугуруслан — Похвистнево — Похвистневский
635,Бузулук — Курманаевский — Грачёвский
636,Орск — Новотроицк — Гайский
637,Кувандыкский — Медногорск
638,Соль-Илецкий
639,Сорочинский — Тоцкий
640,Ясненский
641,Адамовский
642,Акбулакский
643,Беляевский
644,Домбаровский
645,Илекский
646,Кваркенский
647,Красногвардейский
648,Новосергиевский
649,Октябрьский
650,Первомайский
651,Переволоцкий
652,Пономарёвский
653,Саракташский
654,Светлинский
655,Клявлинский — Камышлинский — Северный
656,Ташлинский
657,Дмитровский
658,Пензенский — Ртищевский — Сердобский
659,Бессоновский — Мокшанский — Лунинский
660,Земетчинский — Вадинский
661,ищенский
662,Каменский
663,Лопатинский — Камешкирский
664,Базарно-Карабулакский — Новоспасский — Николаевский
665,Никольский
666,Сосновоборский
667,Псков — Псковский — Печорский
668,Великие Луки — Великолукский — Новосокольнический
669,Островский — Опочецкий — Бежаницкий
670,Невельский
671,Струго-Красненский — Плюсский
672,Пустошкинский
673,Себежский
674,Руднянский — Демидовский — Велижский
675,Касимов — Касимовский
676,Сасово
677,Клепиковский
678,Спасский
679,Ставропольский — Жигулевск
680,Сызрань — Сызранский — Октябрьск
681,Отрадный — Кинель-Черкасский — Нефтегорский
682,Тольятти
683,Приволжский — Хворостянский
684,Сергиевский
685,Балаковский — Вольский — Шиханы
686,Александрово-Гайский
687,Аркадакский — Турковский
688,Аткарский
689,Тамбов — Балашовский — Рассказово
690,Воскресенский
691,Ершовский — Дергачевский
692,Духовницкий
693,Екатериновский
694,Пугачевский — Ивантеевский
695,Калининский — Лысогорский
696,Красноармейский
697,Краснокутский
698,Краснопартизанский
699,Марксовский
700,Новоузенский
701,Озинский
702,Перелюбский
703,Петровский
704,Питерский
705,Ровенский
706,Советский
707,Саратов — Энгельсский — Татищевский
708,Федоровский
709,Хвалынский
710,Александровск-Сахалинский район
711,Анивский
712,Долинский
713,Корсаковский — Южно-Курильский — Курильский
714,Макаровский
715,Ногликский
716,Охинский
717,Поронайский
718,Северо-Курильский
719,Смирныховский
720,Томаринский
721,Тымовский
722,Углегорский
723,Екатеринбург — Первоуральск — Верхняя Пышма
724,Алапаевск — Алапаевское
725,Артемовский — Режевской
726,Нижний Тагил — Верхнесалдинский — Качканарский
727,Ивдельский
728,Пелым
729,Ирбит — Ирбитское
730,Серовский — Краснотурьинск — Североуральский
731,Невьянский — Кировградский — Верхний Тагил
732,Красноуфимск — Красноуфимский округ — Ачитский
733,Тавдинский
734,Махнёвское
735,Артинский
736,Новолялинский — Верхотурский
737,Сосьвинский — Гаринский
738,Бисертский
739,Тугулымский
740,Туринский
741,Шалинский
742,Байкаловский — Слободо-Туринский
743,Нижнесергинский
744,Таборинский
745,Смоленск — Смоленский — Сафоновский
746,Рославльский — Десногорск — Шумячский
747,Вяземский
748,Гагаринский
749,Ржевский — Старицкий — Зубцовский
750,Угранский — Темкинский
751,Холм-Жирковский
752,Тверь — Калининский
753,Осташковский — Селижаровский — Пеновский
754,Торжок
755,Удомельский
756,Андреапольский
757,Бельский
758,Бологовский
759,Весьегонский
760,Жарковский
761,Западнодвинский
762,Кашинский — Калязинский — Кесовогорский
763,Конаковский
764,Кувшиновский
765,Лихославльский
766,Максатихинский
767,Нелидовский
768,Оленинский
769,Рамешковский
770,Вышневолоцкий — Спировский
771,Торопецкий
772,Фировский
773,Томск — Томский
774,Кедровый
775,Стрежевой
776,Александровский
777,Асиновский — Первомайский — Зырянский
778,Бакчарский
779,Верхнекетский
780,Каргасокский
781,Кожевниковский — Шегарский
782,Колпашевский
783,Молчановский — Кривошеинский
784,Парабельский
785,Тегульдетский
786,Чаинский
787,Ефремов — Каменский
788,Куркинский
789,Тюмень — Тюменский
790,Заводоуковский — Ялуторовск — Упоровский
791,Ишим — Ишимский
792,Тобольск — Тобольский
793,Абатский
794,Армизонский
795,Аромашевский
796,Вагайский
797,Викуловский
798,Голышмановский
799,Исетский
800,Казанский
801,Нижнетавдинский
802,Омутинский — Юргинский
803,Сладковский
804,Сорокинский
805,Уватский
806,Ярковский
807,Ханты-Мансийск — Ханты-Мансийский
808,Когалым
809,Лангепас
810,Нижневартовск — Мегион — Нижневартовский
811,Нефтеюганск — Нефтеюганский
812,Нягань
813,Покачи
814,Пыть-Ях
815,Радужный
816,Сургут — Сургутский
817,Урай
818,Советский — Югорск
819,Белоярский
820,Березовский
821,Кондинский
822,Октябрьский
823,Салехард — Лабытнанги
824,Муравленко
825,Новый Уренгой
826,Ноябрьск
827,Красноселькупский район
828,Надымский район
829,Тазовский район
830,Шурышкарский район
831,Ямальский район
832,Димитровград
833,Барышский — Инзенский — Базарносызганский
834,Кузоватовский
835,Сенгилеевский
836,Тереньгульский
837,Челябинский — Копейский — Сосновский
838,Миасский — Златоустовский — Чебаркульский
839,Ашинский
840,Брединский
841,Карталинский — Варненский
842,Верхнеуральский
843,Кунашакский
844,Нагайбакский
845,Октябрьский
846,Саткинский
847,Уйский
848,Чесменский
849,Угличский — Некоузский — Мышкинский
850,Брейтовский
851,Даниловский — Любимский — Первомайский
852,Пошехонский
853,Биробиджан — Биробиджанский
854,Ленинский
855,Облученский
856,Октябрьский
857,Смидовичский
858,Анадырь
859,Эгвекинот
860,Провиденский
861,Певек
862,Анадырский
863,Билибинский
864,Хорошево-Мневники — Раменки — Пресненский
865,Мантуровский
866,Переславль-Залесский
867,Березники — Соликамский
868,Приуральский район
869,Губкинский
870,Пуровский район
871,Тамбовский
