territory_id,market_access
1,309.6
2,322.8
3,315.2
4,315.5
5,320.2
6,308.1
7,324.7
8,317.4
9,314.3
10,213.5
11,191.0
12,214.9
13,202.6
14,210.9
15,192.9
16,204.7
17,198.8
18,207.6
19,210.2
20,207.8
21,374.3
22,319.2
23,306.7
24,301.1
25,323.7
26,338.4
27,313.8
28,288.3
29,343.8
30,294.7
31,324.0
32,316.6
33,317.4
34,322.3
35,288.3
36,333.9
37,320.2
38,327.7
39,307.7
40,302.2
41,323.0
42,327.0
43,329.2
44,328.0
45,331.8
46,325.1
47,295.4
48,312.2
49,325.1
50,306.3
51,331.3
52,330.3
53,296.6
54,290.4
55,328.2
56,332.5
57,315.0
58,320.4
59,315.0
60,324.2
61,310.7
62,325.6
63,301.3
64,307.0
65,332.0
66,309.6
67,308.9
68,322.6
69,319.7
70,316.4
71,311.5
72,316.9
73,485.7
74,317.6
75,336.0
76,889.7
77,299.6
78,313.8
79,283.6
80,332.7
81,331.1
82,332.9
83,321.6
84,170.2
85,168.6
86,163.4
87,158.4
88,167.2
89,165.1
90,165.1
91,172.1
92,160.3
93,175.0
94,174.3
95,167.9
96,161.3
97,165.5
98,160.8
99,170.0
100,167.2
101,173.6
102,168.4
103,169.5
104,173.3
105,175.2
106,168.4
107,274.1
108,345.2
109,266.6
110,350.6
111,273.7
112,284.1
113,348.3
114,320.2
115,403.8
116,289.0
117,254.8
118,266.8
119,270.1
120,247.9
121,287.8
122,273.4
123,332.7
124,270.1
125,272.5
126,266.6
127,259.5
128,374.3
129,250.1
130,286.9
131,263.5
132,269.2
133,327.5
134,308.9
135,261.2
136,249.8
137,263.3
138,270.6
139,276.3
140,287.8
141,255.0
142,290.0
143,277.4
144,244.6
145,271.3
146,263.3
147,255.5
148,260.7
149,286.9
150,256.7
151,274.1
152,392.7
153,256.7
154,268.2
155,270.8
156,260.2
157,262.1
158,297.5
159,350.9
160,392.4
161,297.5
162,326.6
163,287.1
164,330.1
165,406.4
166,327.3
167,298.0
168,337.9
169,346.2
170,335.5
171,307.7
172,298.0
173,301.5
174,354.9
175,294.5
176,299.2
177,299.9
178,304.4
179,287.6
180,310.0
181,314.8
182,299.4
183,313.3
184,280.8
185,321.1
186,309.6
187,309.3
188,319.0
189,311.7
190,292.8
191,298.7
192,310.5
193,299.2
194,306.5
195,311.0
196,324.7
197,309.1
198,297.8
199,315.5
200,302.7
201,304.8
202,307.4
203,296.8
204,303.9
205,315.0
206,280.5
207,238.5
208,247.2
209,234.5
210,244.4
211,270.4
212,284.3
213,234.7
214,266.4
215,246.8
216,292.1
217,277.7
218,365.8
219,280.3
220,282.6
221,256.2
222,279.6
223,269.2
224,276.0
225,208.0
226,237.3
227,221.3
228,222.2
229,251.9
230,235.7
231,268.0
232,278.2
233,275.1
234,233.5
235,290.9
236,251.7
237,282.2
238,284.3
239,241.6
240,258.1
241,273.9
242,261.2
243,228.3
244,380.2
245,265.2
246,255.3
247,323.3
248,259.3
249,281.2
250,285.5
251,303.4
252,269.9
253,274.1
254,260.0
255,268.5
256,272.0
257,295.6
258,273.4
259,265.9
260,284.3
261,277.7
262,268.7
263,260.0
264,255.7
265,275.6
266,507.0
267,270.4
268,250.3
269,347.3
270,368.8
271,360.8
272,384.7
273,360.6
274,354.9
275,337.7
276,339.1
277,336.2
278,352.3
279,346.2
280,337.4
281,343.8
282,335.3
283,337.2
284,343.1
285,333.9
286,360.3
287,359.1
288,362.5
289,358.4
290,357.0
291,360.6
292,356.6
293,360.1
294,368.6
295,360.1
296,360.8
297,359.1
298,363.6
299,360.1
300,362.2
301,365.5
302,362.0
303,364.1
304,359.4
305,361.7
306,368.1
307,364.8
308,359.1
309,137.0
310,143.8
312,143.8
314,136.2
315,133.6
316,116.9
317,129.9
318,121.8
319,124.4
320,130.8
321,136.0
322,125.9
325,151.6
326,142.9
327,152.1
328,113.8
329,138.6
330,147.1
331,113.6
332,127.0
333,145.2
334,140.7
335,119.0
336,149.5
337,135.5
338,133.4
339,137.4
340,133.6
341,119.2
342,138.6
343,136.7
344,122.1
345,291.4
346,291.4
347,295.9
348,293.7
349,293.7
350,297.5
351,296.8
352,297.3
353,296.3
354,345.0
355,367.4
356,334.6
357,338.8
358,342.1
359,328.5
360,352.3
361,347.1
362,340.3
363,355.8
364,348.5
365,349.2
366,339.6
367,343.3
368,340.5
369,356.3
370,357.3
371,363.4
372,355.1
373,344.3
374,342.9
375,360.6
376,358.4
377,347.1
378,339.1
379,353.7
380,339.6
381,341.7
382,342.9
383,335.8
384,336.2
385,339.3
386,344.3
387,342.9
388,355.1
389,349.7
390,344.3
391,340.5
392,340.7
393,350.2
394,668.0
395,348.8
396,342.4
397,347.1
398,337.9
399,185.6
400,184.2
401,182.5
402,184.2
403,181.6
404,183.0
405,187.5
406,174.7
407,179.0
408,188.7
409,180.9
410,183.5
412,180.2
413,177.8
414,182.3
415,179.9
416,182.5
417,178.3
418,324.0
419,338.4
420,322.3
421,345.2
422,327.0
423,337.0
424,315.7
425,325.9
426,379.9
427,365.5
428,336.5
429,319.7
430,333.6
431,323.0
432,325.6
433,317.6
434,314.3
435,334.6
436,327.3
437,320.2
438,335.1
439,355.8
440,328.2
441,325.4
442,328.2
443,327.3
444,320.2
445,314.0
446,325.1
447,311.7
448,203.1
449,192.7
450,197.9
451,198.1
452,205.4
453,203.5
454,197.4
455,197.4
456,205.0
457,209.9
458,194.1
459,206.4
460,207.1
461,342.9
462,297.0
463,293.3
464,285.0
465,493.3
466,292.8
467,278.2
468,292.6
469,294.9
470,291.6
471,282.9
472,283.4
473,296.1
474,290.7
475,291.6
476,292.1
477,273.2
478,356.3
479,365.1
480,383.0
481,361.7
482,368.6
483,375.4
484,361.5
485,358.0
486,359.4
487,358.7
488,392.0
489,356.8
490,361.3
491,361.0
492,358.2
493,354.7
494,358.9
495,360.6
496,358.0
497,362.7
498,366.7
499,356.8
500,388.2
501,361.5
502,355.1
503,357.7
504,224.8
505,230.0
506,216.1
507,230.7
508,231.2
509,263.0
510,226.4
511,228.3
512,227.9
513,235.7
514,236.1
515,214.4
516,226.9
517,287.4
518,224.3
519,229.5
520,214.2
521,220.1
522,219.1
523,220.1
524,224.1
525,229.3
526,241.8
527,213.9
528,226.2
529,229.8
530,223.1
531,226.9
532,214.4
533,214.4
534,231.9
535,225.3
536,215.6
537,223.8
538,213.0
539,223.6
540,220.1
541,219.1
542,222.9
543,228.6
544,230.2
545,273.7
546,214.6
547,218.4
548,224.6
549,224.3
550,223.6
551,283.6
552,219.6
553,227.2
554,217.7
555,211.1
556,212.8
557,226.9
558,226.9
559,234.5
560,221.3
561,222.7
562,212.5
563,225.7
564,226.4
565,217.2
566,218.2
567,218.7
568,230.2
569,221.7
570,210.9
571,218.9
572,227.6
573,185.6
574,172.4
575,162.9
576,156.3
577,153.2
578,156.3
579,154.9
580,153.2
581,152.8
582,157.0
583,151.1
584,161.0
585,151.8
586,165.1
587,153.0
588,152.1
589,157.7
590,150.9
591,157.3
592,157.5
593,172.4
594,150.9
595,155.4
596,150.4
597,156.1
598,162.2
599,165.1
600,156.6
601,279.8
602,155.4
603,158.4
604,167.4
605,167.9
606,158.4
607,159.1
608,157.3
609,139.1
610,168.4
611,126.3
612,142.1
613,129.9
614,128.0
615,131.8
616,123.7
617,121.4
621,123.5
622,307.2
623,293.3
624,314.5
625,290.2
626,310.0
627,293.0
629,305.8
630,306.0
631,319.2
632,313.1
633,318.3
634,322.3
635,320.7
636,321.8
637,304.6
638,322.1
639,315.0
640,317.6
641,322.6
642,309.1
643,324.0
644,304.4
645,314.0
646,326.1
647,310.5
648,322.8
649,304.6
650,318.1
651,320.2
652,306.7
653,324.0
654,303.7
655,315.0
656,307.9
657,320.7
658,321.4
659,296.3
660,317.8
661,322.6
662,290.7
663,314.5
664,321.8
665,312.6
666,203.8
667,222.9
668,220.1
669,205.9
670,216.8
671,196.5
672,211.6
673,204.3
674,209.9
675,194.6
676,213.9
677,223.1
679,216.8
680,220.3
681,216.1
682,212.5
683,198.1
684,276.5
685,209.0
686,222.9
687,209.2
688,224.8
689,186.1
690,206.6
691,212.3
692,196.7
693,221.7
694,195.7
695,197.6
696,197.2
697,200.5
698,202.6
699,199.8
700,237.5
701,197.2
702,183.0
703,214.6
704,196.5
705,198.6
706,209.7
707,235.4
708,178.0
709,234.9
710,199.1
711,209.2
712,204.7
713,196.5
714,206.4
715,201.4
716,181.6
717,210.6
719,193.9
721,213.2
722,212.3
723,207.6
724,235.9
725,199.1
727,350.9
731,299.9
733,315.7
734,286.7
735,314.5
736,305.8
737,317.8
738,311.9
739,297.8
741,304.4
742,312.2
743,305.1
744,311.0
745,288.1
746,308.9
747,273.0
748,318.3
749,318.5
751,315.9
752,313.1
753,311.7
754,309.6
755,311.0
756,316.9
757,686.4
758,309.1
760,309.1
761,310.3
763,322.1
764,311.5
765,273.4
766,314.5
767,301.1
769,279.3
770,281.2
771,287.8
773,291.4
774,296.1
775,140.3
776,137.2
777,142.1
778,138.4
779,132.5
780,140.7
781,138.1
782,134.8
783,136.0
784,148.1
785,139.3
786,138.1
787,137.9
788,145.2
789,133.9
790,138.6
791,137.2
792,133.2
793,141.9
794,144.7
795,139.8
796,132.7
797,136.0
798,137.0
799,139.3
800,155.4
801,132.0
802,137.4
803,135.1
804,139.1
805,139.3
806,135.8
807,140.5
808,137.4
809,310.0
810,304.8
811,306.3
812,310.3
813,309.6
814,313.6
815,309.1
817,304.8
818,309.6
819,309.1
820,312.6
821,296.3
822,317.6
823,308.9
824,308.1
825,303.2
826,308.1
827,309.1
828,309.3
829,303.9
830,302.0
831,313.3
832,313.6
833,317.4
834,298.5
835,299.9
836,305.5
838,295.6
839,315.9
840,304.6
841,316.6
842,173.3
843,141.7
844,136.5
846,139.8
847,135.5
848,138.1
849,141.7
850,197.4
851,143.8
852,139.3
853,127.7
855,134.4
856,133.9
857,137.7
859,129.6
860,399.3
861,156.8
862,154.4
863,148.1
864,145.0
865,150.6
866,154.4
867,148.5
868,144.7
869,147.1
870,144.0
871,175.9
872,236.1
873,144.7
874,145.2
875,149.5
876,146.4
877,144.0
878,148.3
879,145.7
880,144.0
881,145.9
882,145.7
883,165.1
884,138.1
885,147.1
886,149.2
887,146.2
888,158.4
889,152.5
890,261.4
891,287.4
892,296.1
893,269.9
895,260.0
896,253.6
897,299.2
898,276.0
899,284.8
900,276.5
901,287.1
902,297.0
903,314.5
904,284.5
905,274.4
906,241.1
907,240.9
908,287.6
909,250.5
910,252.2
911,270.1
912,325.4
913,293.7
914,261.9
915,283.4
916,209.7
917,210.2
918,285.7
919,314.5
920,306.0
921,284.1
922,293.7
923,288.3
924,286.7
925,287.8
926,284.5
927,290.7
928,291.9
929,291.1
930,306.0
931,329.9
932,344.5
933,343.6
934,340.0
935,329.9
936,325.9
937,326.1
938,327.3
939,330.8
940,318.8
941,332.7
942,336.0
943,341.2
944,338.1
945,324.0
946,336.2
947,333.9
948,327.0
949,326.1
950,339.3
951,326.8
952,334.4
953,343.1
954,323.7
956,348.5
957,349.5
959,339.1
960,348.3
961,332.7
962,306.7
963,336.7
964,350.4
965,339.8
966,340.0
967,303.9
968,350.4
969,330.1
970,307.9
971,362.7
972,338.4
973,302.0
974,320.0
975,342.9
977,321.6
978,328.9
979,337.4
980,334.4
982,330.6
983,313.3
984,324.9
985,317.1
986,408.0
987,424.6
988,409.7
989,394.3
990,409.2
991,426.7
992,386.8
993,383.7
994,434.9
995,396.5
996,441.6
997,477.4
998,421.3
999,381.6
1000,456.0
1001,433.1
1002,385.4
1003,416.3
1004,401.2
1005,399.1
1006,408.7
1007,325.6
1008,332.9
1009,350.9
1010,336.7
1011,363.9
1012,339.8
1013,337.0
1014,312.2
1015,345.2
1016,330.6
1017,331.8
1018,337.2
1019,333.4
1020,332.5
1021,325.9
1022,386.5
1023,337.9
1024,325.1
1025,314.3
1026,328.0
1027,330.1
1028,325.1
1029,337.4
1030,310.3
1031,342.1
1032,347.8
1033,315.5
1034,330.1
1035,314.0
1036,332.2
1037,321.6
1038,328.9
1039,336.5
1040,320.7
1041,325.1
1042,374.3
1043,349.2
1044,323.5
1045,355.4
1046,343.3
1047,320.2
1048,308.4
1049,308.9
1050,308.9
1051,297.3
1052,304.6
1053,303.4
1054,468.2
1055,295.6
1056,344.7
1057,323.0
1058,315.9
1059,305.5
1060,326.1
1061,311.0
1062,301.3
1063,329.2
1064,314.8
1065,298.2
1066,311.0
1067,321.6
1068,334.4
1069,314.5
1070,321.8
1071,448.4
1072,325.4
1073,357.3
1074,354.7
1075,359.9
1076,356.1
1077,354.2
1078,340.0
1079,345.9
1080,342.1
1081,362.5
1082,344.0
1083,356.8
1084,341.4
1085,344.3
1086,330.3
1087,362.5
1088,349.2
1089,355.8
1090,371.9
1091,349.7
1092,337.2
1093,347.8
1094,346.2
1095,360.1
1096,338.4
1097,352.1
1098,340.0
1099,368.1
1100,346.9
1101,336.7
1102,372.1
1103,349.5
1104,356.1
1105,360.3
1106,355.8
1107,405.9
1108,380.9
1109,367.7
1110,384.9
1111,394.6
1112,396.5
1113,392.4
1114,365.3
1115,396.7
1116,357.7
1117,622.7
1118,388.7
1119,395.3
1120,380.4
1121,387.0
1122,364.3
1123,373.3
1124,366.2
1125,370.2
1126,358.4
1127,371.4
1128,377.6
1129,408.5
1130,374.0
1131,425.0
1132,373.1
1133,351.4
1134,232.6
1135,186.3
1136,201.9
1137,191.0
1138,185.8
1139,194.3
1140,187.5
1141,180.4
1142,192.7
1143,185.8
1144,183.2
1145,156.6
1146,264.0
1147,169.1
1148,185.6
1149,198.8
1150,372.4
1151,172.1
1152,158.7
1153,172.8
1154,169.3
1155,186.8
1157,178.5
1158,190.1
1159,174.5
1160,180.9
1161,194.6
1162,200.5
1163,187.0
1164,200.0
1165,175.7
1166,171.0
1167,199.3
1168,190.6
1169,191.3
1170,186.1
1171,178.0
1172,178.7
1173,185.1
1174,177.3
1175,182.1
1176,327.3
1177,321.1
1178,312.2
1179,332.0
1180,341.9
1181,293.7
1182,341.0
1183,313.8
1184,391.0
1185,315.0
1186,331.3
1187,292.6
1188,325.1
1189,286.7
1190,332.7
1191,292.6
1192,287.6
1193,291.6
1194,312.9
1195,309.3
1196,294.7
1197,299.2
1198,399.5
1200,389.8
1201,360.3
1203,399.3
1204,366.0
1205,360.6
1206,435.2
1207,351.8
1208,382.8
1209,377.6
1210,345.0
1211,354.9
1212,430.5
1213,407.3
1214,376.4
1215,371.4
1216,391.0
1217,349.0
1218,374.0
1219,425.3
1220,361.5
1221,403.5
1222,355.4
1223,373.6
1224,246.0
1225,227.6
1226,231.9
1227,231.2
1228,224.3
1229,229.8
1230,243.2
1231,217.7
1232,221.7
1233,246.0
1234,225.3
1235,235.4
1236,251.2
1237,229.8
1238,248.2
1240,234.5
1241,230.9
1242,225.5
1243,448.4
1244,228.6
1245,273.0
1246,221.7
1247,477.0
1249,234.9
1250,211.8
1251,218.7
1252,234.7
1253,219.4
1254,223.4
1255,290.0
1256,226.4
1257,232.3
1258,315.7
1259,355.1
1260,328.0
1261,333.4
1262,341.0
1263,313.6
1264,325.6
1265,306.0
1266,311.7
1267,314.8
1268,300.8
1269,322.6
1270,360.1
1271,314.5
1272,312.4
1273,336.0
1274,330.8
1275,352.3
1276,341.0
1277,318.3
1278,326.6
1279,294.2
1280,338.8
1281,305.8
1282,301.8
1283,315.7
1284,321.8
1285,305.3
1286,298.9
1287,318.1
1288,321.6
1289,331.8
1290,300.4
1291,338.4
1292,324.4
1293,338.4
1294,328.7
1295,318.8
1296,330.8
1297,311.9
1298,330.8
1299,311.2
1300,324.7
1301,313.3
1302,337.7
1303,383.2
1304,351.1
1305,367.9
1306,347.6
1308,337.0
1309,341.2
1310,358.2
1311,313.1
1312,351.8
1313,345.9
1314,320.7
1315,491.9
1316,358.7
1317,343.1
1319,326.6
1320,337.9
1321,371.4
1322,311.0
1323,353.7
1324,315.9
1325,336.2
1326,326.6
1327,321.8
1328,324.7
1329,356.1
1330,352.1
1331,334.1
1332,353.2
1333,278.2
1334,300.4
1335,282.9
1336,277.7
1337,277.4
1338,292.3
1339,270.8
1340,282.9
1341,295.9
1342,281.0
1343,277.4
1344,271.3
1345,267.8
1346,286.2
1347,269.7
1348,263.5
1349,268.5
1350,272.5
1351,291.4
1352,279.8
1353,264.2
1354,322.8
1355,279.3
1356,289.5
1357,294.0
1358,283.1
1359,340.7
1360,351.4
1361,348.5
1362,341.9
1363,354.7
1364,326.6
1365,329.6
1366,322.8
1367,350.9
1368,338.1
1369,398.8
1370,340.7
1371,346.6
1372,332.2
1373,325.6
1374,347.6
1375,366.0
1376,346.2
1377,342.9
1378,338.4
1379,337.0
1380,342.9
1381,340.0
1382,334.6
1383,328.5
1384,350.6
1385,339.8
1386,326.6
1387,346.9
1388,347.1
1389,332.7
1390,346.2
1391,358.4
1392,318.3
1393,327.0
1394,319.5
1395,360.1
1396,297.8
1397,346.2
1398,323.7
1399,319.7
1400,347.8
1401,300.6
1402,349.0
1403,321.6
1404,295.9
1405,297.5
1406,308.4
1407,318.3
1408,343.6
1409,320.4
1410,399.3
1411,392.0
1412,355.6
1413,372.6
1414,378.7
1415,362.7
1416,375.7
1417,365.5
1418,433.3
1419,373.6
1420,367.9
1421,371.9
1422,375.4
1423,375.0
1424,608.5
1425,374.5
1426,363.9
1427,367.2
1428,372.4
1429,378.5
1430,119.2
1431,120.2
1432,119.0
1433,114.3
1434,120.9
1435,123.7
1436,121.6
1437,120.7
1438,122.8
1439,565.5
1440,489.7
1441,539.8
1442,444.9
1443,586.8
1444,569.8
1445,524.2
1446,413.2
1447,440.1
1448,523.0
1449,417.5
1451,521.8
1453,477.7
1454,436.1
1456,561.7
1457,601.4
1459,568.1
1460,498.5
1461,521.6
1463,429.3
1464,538.1
1465,587.7
1466,460.7
1467,572.6
1468,462.8
1472,527.3
1473,436.6
1474,432.8
1475,609.0
1477,431.9
1478,412.3
1480,441.1
1481,522.8
1483,483.8
1484,469.7
1486,402.6
1488,492.6
1489,417.7
1490,451.2
1491,458.3
1492,440.6
1493,565.5
1494,399.8
1495,425.5
1496,494.0
1500,498.5
1501,460.2
1504,418.2
1506,214.9
1507,221.7
1508,221.3
1509,222.0
1510,220.8
1511,226.0
1512,218.9
1513,214.2
1514,213.7
1515,212.0
1517,216.8
1518,226.7
1519,220.1
1520,216.5
1521,207.1
1522,220.3
1523,367.7
1525,381.3
1526,374.7
1527,380.2
1528,375.0
1529,383.2
1530,369.5
1531,367.7
1532,361.5
1533,337.0
1534,364.6
1535,345.2
1536,364.3
1537,373.3
1539,378.5
1540,379.5
1541,361.0
1542,369.3
1543,367.2
1544,371.7
1545,340.0
1546,376.4
1547,335.3
1548,370.2
1549,381.6
1550,363.4
1551,349.7
1552,363.6
1553,366.9
1554,371.9
1555,371.0
1556,366.7
1557,350.9
1558,347.8
1559,364.1
1560,381.1
1561,366.9
1562,367.7
1563,378.5
1564,361.3
1565,362.2
1566,364.1
1567,362.5
1568,375.7
1569,362.2
1570,338.4
1571,330.8
1572,341.7
1573,337.0
1574,369.3
1575,358.7
1576,321.8
1577,333.2
1578,339.1
1579,312.2
1580,324.7
1581,333.4
1582,326.1
1583,322.8
1584,322.3
1585,327.7
1586,442.3
1587,335.3
1588,318.5
1589,336.5
1590,313.6
1591,313.8
1592,316.6
1593,322.1
1594,316.9
1595,330.1
1596,318.8
1597,308.6
1598,248.2
1599,268.9
1600,256.9
1601,255.0
1602,233.1
1603,237.5
1604,236.6
1605,238.0
1606,232.3
1607,233.1
1608,268.2
1609,231.9
1610,236.8
1611,244.2
1612,237.5
1613,232.6
1614,231.4
1615,236.4
1616,234.0
1617,231.4
1618,233.3
1619,241.8
1620,1000.0
1621,237.1
1622,230.5
1623,226.2
1624,241.1
1625,237.3
1626,236.6
1627,240.4
1628,239.7
1629,237.3
1630,236.8
1631,237.5
1632,242.0
1633,250.8
1634,238.5
1635,240.1
1636,244.6
1637,237.1
1638,249.1
1639,246.8
1640,242.0
1641,251.5
1642,253.1
1643,251.5
1644,251.7
1645,249.1
1646,234.2
1647,251.9
1648,243.4
1649,236.4
1650,242.7
1651,242.7
1652,260.0
1653,242.5
1654,245.8
1655,236.1
1656,247.5
1657,235.7
1658,247.9
1659,237.3
1660,240.9
1661,252.2
1662,244.2
1663,238.5
1664,246.0
1665,345.2
1666,326.1
1667,342.9
1668,341.7
1669,280.8
1670,286.4
1671,285.7
1672,280.8
1673,278.6
1674,291.6
1675,313.8
1676,268.7
1677,269.9
1678,270.6
1679,285.5
1680,310.5
1681,327.3
1682,290.4
1683,358.9
1684,377.8
1685,318.8
1686,267.5
1687,299.6
1688,270.6
1689,313.8
1690,317.4
1691,323.5
1692,276.3
1693,309.3
1694,305.5
1695,522.8
1696,308.4
1697,305.3
1698,320.9
1699,304.6
1700,295.2
1701,260.2
1702,337.2
1703,304.1
1704,316.2
1705,300.8
1706,314.5
1707,408.0
1708,379.0
1709,381.1
1710,364.3
1711,361.7
1712,354.0
1713,343.3
1714,348.5
1715,361.0
1716,358.0
1717,350.9
1718,362.0
1719,354.9
1720,356.3
1721,392.9
1722,352.5
1723,393.6
1724,361.7
1725,362.7
1726,566.7
1727,356.6
1728,357.7
1729,347.3
1730,351.6
1731,356.3
1732,351.8
1733,345.5
1734,358.2
1735,371.4
1736,362.2
1737,358.0
1738,354.0
1739,359.4
1740,365.5
1741,362.7
1742,358.0
1743,358.9
1744,362.2
1745,361.0
1746,351.6
1747,356.6
1748,397.9
1749,350.4
1750,358.2
1751,352.1
1752,365.1
1753,364.3
1754,347.6
1755,363.9
1756,352.1
1757,359.6
1758,356.8
1759,352.8
1760,350.4
1761,365.8
1762,356.6
1763,356.6
1764,324.2
1765,328.2
1766,309.1
1767,363.4
1768,299.6
1769,303.9
1770,305.8
1771,299.4
1772,323.0
1773,311.7
1774,311.5
1775,303.4
1776,316.2
1777,303.2
1778,299.4
1779,297.0
1780,291.9
1781,307.4
1782,305.1
1783,414.2
1784,309.3
1785,300.6
1786,296.1
1787,301.3
1788,306.3
1789,314.8
1790,326.3
1791,381.8
1792,344.5
1793,317.4
1794,330.3
1795,325.1
1796,332.9
1797,331.8
1798,337.0
1799,332.5
1800,316.6
1801,333.9
1802,369.1
1803,346.9
1804,324.2
1805,325.9
1806,323.7
1807,330.8
1808,322.1
1809,319.0
1810,316.6
1811,324.0
1812,310.0
1813,325.1
1814,318.5
1815,328.7
1816,331.5
1817,328.0
1818,324.0
1819,332.2
1820,314.8
1821,318.8
1822,317.6
1823,331.8
1824,323.5
1825,324.7
1826,339.3
1827,320.2
1828,323.3
1829,338.1
1830,316.4
1831,319.7
1832,318.8
1833,309.1
1834,333.9
1835,318.1
1836,322.1
1837,321.6
1838,332.2
1839,324.9
1840,324.9
1841,320.2
1842,320.4
1843,327.5
1844,326.8
1845,432.8
1846,403.5
1848,407.3
1849,370.0
1850,400.5
1851,366.2
1852,404.0
1853,404.3
1854,387.0
1855,383.2
1856,403.3
1857,382.5
1858,376.6
1859,392.2
1860,383.5
1861,416.1
1862,386.8
1863,648.6
1864,379.2
1865,373.3
1867,406.6
1868,389.1
1869,394.6
1870,382.5
1871,371.2
1872,379.7
1873,385.4
1874,384.7
1875,351.4
1876,362.7
1877,348.1
1878,350.6
1879,338.8
1880,345.0
1881,362.7
1882,380.9
1883,340.5
1884,323.7
1885,330.1
1886,332.7
1887,325.9
1888,318.8
1889,328.9
1890,773.6
1891,349.5
1892,340.5
1893,337.9
1894,377.8
1895,336.7
1896,336.7
1897,345.2
1898,334.8
1899,354.0
1900,330.1
1901,328.5
1902,345.9
1903,319.0
1904,343.1
1905,639.7
1906,444.9
1907,324.2
1908,340.5
1909,340.7
1910,349.0
1912,341.4
1913,328.2
1914,351.4
1915,300.4
1916,347.3
1917,345.0
1918,344.7
1919,337.2
1920,347.8
1921,343.6
1922,340.0
1923,336.5
1924,318.1
1925,324.4
1926,346.2
1927,325.9
1928,331.1
1929,342.6
1930,338.8
1931,325.4
1932,328.2
1933,342.6
1934,342.9
1935,346.9
1936,308.1
1937,313.3
1938,320.0
1939,349.2
1940,315.9
1941,331.5
1942,328.2
1943,348.1
1944,352.5
1945,340.5
1947,334.1
1948,350.6
1949,345.5
1950,329.4
1951,341.0
1952,358.0
1953,132.2
1954,126.3
1955,134.6
1956,133.4
1957,133.9
1958,134.4
1959,130.6
1960,134.1
1961,125.4
1962,122.8
1963,129.4
1964,163.9
1965,128.5
1966,132.7
1967,126.8
1968,129.9
1969,135.5
1970,134.6
1971,298.5
1972,295.2
1973,293.3
1974,299.6
1975,297.0
1976,296.6
1977,324.0
1978,299.6
1979,324.2
1980,321.1
1981,292.6
1982,307.4
1983,257.4
1984,249.6
1985,297.8
1986,316.2
1987,306.3
1988,270.6
1989,268.5
1990,292.1
1991,303.0
1992,302.7
1993,271.1
1994,293.3
1995,323.0
1996,294.9
1997,295.6
1998,290.4
1999,303.0
2000,303.0
2001,291.1
2002,291.9
2003,305.5
2004,313.1
2005,308.6
2006,313.1
2007,312.2
2008,298.5
2009,264.9
2010,273.7
2011,296.8
2012,269.4
2013,294.0
2014,312.9
2015,300.8
2016,276.5
2017,308.1
2018,311.2
2019,308.1
2020,314.5
2021,280.0
2022,259.7
2023,303.4
2024,399.8
2025,331.1
2026,308.9
2027,308.9
2028,281.7
2029,400.7
2030,289.0
2031,264.7
2032,311.2
2033,319.5
2034,284.8
2035,283.4
2036,277.0
2037,300.8
2038,301.5
2039,281.9
2040,310.0
2041,277.7
2042,307.9
2043,259.5
2044,371.0
2045,337.4
2046,319.2
2047,370.0
2048,387.0
2049,336.7
2050,326.8
2051,345.7
2052,340.0
2053,340.0
2054,327.7
2055,339.1
2056,324.4
2057,325.9
2058,366.0
2059,332.5
2060,335.3
2061,322.6
2062,350.9
2063,534.1
2064,362.2
2065,367.7
2066,358.2
2067,326.1
2068,351.1
2069,328.2
2070,344.0
2072,371.0
2073,371.0
2074,391.3
2075,388.4
2076,385.1
2077,362.2
2078,366.0
2079,363.4
2080,357.3
2081,367.4
2082,358.4
2083,370.0
2084,423.4
2085,362.2
2086,392.7
2087,353.5
2088,373.6
2089,377.3
2090,371.2
2091,366.0
2092,407.1
2093,359.4
2094,365.1
2095,367.4
2096,371.0
2098,360.3
2099,369.5
2100,359.1
2101,414.9
2104,342.4
2105,337.9
2107,332.5
2108,378.3
2109,342.9
2110,330.1
2111,359.6
2112,336.0
2113,344.5
2114,336.0
2116,327.7
2117,333.9
2118,375.2
2119,572.6
2120,389.1
2121,379.2
2122,367.9
2124,400.9
2125,351.6
2126,354.2
2127,341.9
2128,372.8
2129,358.0
2130,348.3
2131,342.6
2132,351.8
2133,330.6
2134,372.6
2136,340.3
2137,343.8
2138,354.9
2139,356.8
2140,374.5
2141,388.4
2142,327.7
2143,339.6
2144,260.4
2145,197.6
2146,218.7
2147,232.8
2148,216.1
2149,221.0
2150,203.1
2151,206.4
2152,219.8
2153,201.4
2154,229.0
2155,199.1
2156,219.1
2157,216.8
2158,204.3
2159,220.3
2160,209.9
2161,453.4
2162,210.6
2163,229.0
2164,404.0
2165,409.4
2166,413.7
2167,401.2
2168,379.0
2169,401.2
2170,370.5
2171,376.2
2172,373.1
2173,394.8
2174,414.2
2175,384.2
2176,395.5
2177,430.7
2178,372.8
2179,399.1
2180,398.8
2181,378.7
2182,383.9
2183,388.9
2184,384.9
2185,387.7
2186,402.4
2187,379.0
2188,402.6
2189,413.7
2190,337.9
2191,273.2
2192,272.3
2193,264.7
2194,283.8
2195,256.4
2196,261.9
2197,258.6
2198,262.8
2199,253.6
2200,250.8
2201,262.6
2202,280.0
2203,294.7
2204,258.1
2205,268.5
2206,266.4
2207,254.5
2208,254.5
2209,301.5
2210,676.7
2211,245.3
2212,271.3
2213,264.9
2214,295.6
2215,266.8
2216,238.7
2217,218.9
2218,224.1
2219,223.4
2220,241.3
2221,225.3
2222,236.1
2223,220.3
2224,230.9
2225,212.3
2226,277.9
2227,234.5
2228,245.1
2229,223.4
2230,222.4
2231,230.9
2232,260.2
2233,268.0
2234,231.4
2235,244.4
2236,397.2
2237,274.6
2238,205.0
2241,210.4
2242,200.7
2243,211.8
2244,191.7
2245,205.7
2248,191.5
2249,212.8
2250,197.2
2251,349.5
2252,365.3
2253,354.0
2254,349.7
2255,349.2
2256,351.1
2257,353.2
2258,354.4
2259,347.8
2260,350.9
2261,407.3
2262,351.4
2263,349.5
2264,349.9
2265,345.5
2266,344.0
2267,342.6
2268,343.3
2269,347.3
2270,355.6
2271,348.8
2272,358.7
2273,357.0
2274,354.4
2275,297.8
2276,308.4
2278,307.2
2279,314.0
2280,308.9
2281,292.1
2282,308.1
2283,306.3
2284,306.5
2285,310.3
2286,304.8
2287,312.4
2288,322.8
2289,297.8
2290,281.5
2291,295.9
2292,307.9
2293,315.2
2294,276.0
2295,279.8
2296,295.9
2297,303.4
2298,305.1
2299,280.3
2300,307.7
2301,310.0
2302,288.8
2303,306.7
2304,306.5
2305,302.2
2307,291.6
2308,307.7
2309,285.7
2310,297.5
2311,309.1
2312,313.1
2313,337.0
2314,297.0
2315,297.0
2316,330.8
2317,287.6
2318,417.9
2320,375.0
2321,371.2
2322,387.0
2323,345.2
2324,384.4
2325,361.5
2326,352.8
2327,365.5
2328,359.9
2329,373.3
2330,355.4
2332,348.8
2333,393.2
2334,456.0
2335,370.2
2336,378.0
2337,719.7
2338,147.1
2339,173.3
2340,140.0
2341,143.3
2342,138.1
2343,143.8
2347,110.3
2349,112.4
2351,411.8
2352,418.7
2353,414.6
2354,417.0
2355,414.9
2356,410.6
2357,407.6
2358,408.0
2359,390.3
2360,395.7
2361,398.1
2362,367.9
2363,378.5
2364,414.9
2365,410.4
2366,402.6
2367,396.0
2368,389.6
2369,395.7
2370,363.6
2371,382.1
2372,388.7
2373,412.5
2374,410.9
2375,405.7
2376,394.8
2377,386.8
2378,407.1
2379,405.9
2380,409.7
2381,400.2
2382,405.7
2383,402.8
2384,401.2
2385,406.1
2386,399.3
2387,403.3
2388,404.0
2389,407.1
2390,409.0
2391,397.4
2392,364.3
2393,372.6
2394,387.7
2395,372.4
2396,366.7
2397,376.2
2398,396.2
2399,409.9
2400,412.8
2401,401.9
2402,396.7
2403,365.8
2404,403.1
2405,390.1
2406,386.5
2407,395.7
2408,387.0
2409,377.8
2410,338.8
2411,333.4
2412,349.5
2413,352.1
2414,339.6
2415,326.8
2416,362.5
2417,343.3
2418,327.7
2419,324.4
2420,346.4
2421,328.5
2422,352.8
2423,410.6
2424,409.0
2425,409.2
2426,380.2
2427,403.3
2428,408.3
2429,410.4
2430,402.4
2431,388.7
2432,399.1
2433,403.8
2434,406.8
2435,402.4
2436,401.9
2437,365.5
2438,371.2
2439,415.6
2440,416.5
2441,416.8
2442,414.4
2443,405.2
2444,404.3
2445,358.7
2446,370.7
2447,370.5
2448,374.5
2449,390.3
2450,408.5
2451,407.6
2452,409.4
2453,406.8
2454,402.8
2455,398.6
2456,419.1
2457,421.7
2458,418.9
2459,413.7
2460,417.0
2461,417.9
2462,624.3
2463,630.9
2464,615.6
2465,587.7
2466,600.5
2467,623.4
2468,626.9
2469,598.6
2470,626.4
2471,604.5
2472,612.5
2473,633.8
2474,615.1
2475,637.5
2476,636.4
2477,633.8
2478,557.3
2479,641.1
2480,608.7
2481,604.7
2482,613.5
2483,578.7
2484,611.8
2485,633.1
2486,634.7
2487,592.2
2488,617.7
2489,626.4
2490,625.3
2491,510.5
2492,515.9
2493,508.9
2494,639.2
2495,651.0
2496,621.5
2497,621.3
2498,607.1
2499,619.4
2500,603.1
2501,614.6
2502,622.4
2503,609.0
2504,558.9
2505,644.9
2506,633.8
2507,629.3
2508,610.4
2509,631.9
2510,635.4
2511,618.2
2512,618.4
2513,600.5
2514,637.1
2515,600.9
2516,605.9
2517,630.5
2518,649.1
2519,635.7
2520,620.5
2521,631.2
2522,628.8
2523,606.8
2524,580.2
2525,619.8
2526,611.8
2527,576.9
2528,586.1
2529,609.9
2530,589.1
2531,592.4
2532,625.0
2533,617.0
2534,597.9
2535,657.6
2536,653.1
2537,656.4
2538,519.5
2539,656.2
2540,657.1
2541,645.1
2542,652.9
2543,656.4
2544,645.1
2545,660.0
2546,612.0
2547,600.5
2548,628.8
2549,640.9
2550,615.8
2551,619.6
2552,580.9
2553,645.1
2554,634.5
2555,635.9
2556,638.3
2557,650.8
2558,647.9
2559,649.4
2560,633.1
2561,623.4
2562,649.8
2563,640.9
2564,633.3
2565,590.3
2566,604.0
2567,640.1
2568,564.1
2569,606.6
2570,604.5
2571,604.0
2572,613.7
2573,645.3
2574,649.4
2575,614.4
2576,636.1
2577,637.3
2578,614.6
2579,645.1
2580,613.0
2581,604.3
2582,623.1
2583,628.1
2584,616.5
2585,603.1
2586,515.5
2587,524.0
2588,560.1
2589,562.9
2590,554.9
2591,481.7
2592,537.4
2593,469.7
2594,480.0
2595,525.4
2596,512.2
2597,530.1
2598,493.3
2599,582.3
2600,587.0
2601,472.0
2602,514.0
2603,468.5
2604,544.3
2605,579.7
2606,539.6
2607,508.4
2608,265.9
2609,268.2
2610,261.4
2611,266.4
2612,262.8
2613,265.2
2614,263.8
2615,268.2
2616,265.9
2617,264.2
2618,335.1
2619,416.3
2620,285.0
2621,288.1
2644,445.8
2646,439.4
2647,438.0
2648,511.2
2649,534.6
2650,306.5
2651,549.7
2652,449.8
2710,354.4
2714,317.1
2748,273.4
2808,439.2
2809,310.0
2812,270.1
2813,420.8
2814,521.8
2872,203.1
2876,302.2
2879,205.0
2880,205.4
2881,310.0
2882,200.9
2883,404.5
2884,367.9
2885,297.3
2886,290.7
2887,343.3
3005,372.6
3007,321.4
3008,582.5
3009,410.2
3010,529.9
3011,307.9
3012,307.7
3013,465.6
3014,473.7
3101,375.4
