territory_id,mobility_2024,mobility_2025
206.0,2.866,2.995
207.0,0.534,0.475
208.0,0.843,0.831
209.0,0.513,0.479
210.0,0.418,0.486
211.0,0.549,0.581
212.0,0.882,1.031
213.0,0.375,1.152
214.0,0.7,0.66
216.0,0.627,0.89
217.0,0.453,0.454
218.0,6.418,6.738
219.0,0.394,0.331
220.0,0.533,0.515
221.0,0.402,0.398
222.0,1.337,1.317
223.0,0.621,0.627
224.0,2.915,2.981
225.0,0.876,1.598
226.0,0.299,0.28
227.0,0.539,0.526
228.0,0.488,0.507
229.0,1.871,1.848
230.0,0.416,0.412
231.0,0.593,0.516
232.0,0.288,0.302
233.0,0.564,0.559
234.0,1.249,1.238
235.0,0.407,0.487
236.0,2.311,1.065
237.0,2.613,2.439
238.0,0.636,0.687
239.0,0.738,0.783
240.0,0.258,0.391
241.0,0.424,0.382
242.0,0.856,0.857
243.0,0.663,0.693
890.0,3.957,3.69
891.0,0.58,0.696
892.0,3.377,3.412
895.0,0.651,0.637
896.0,7.545,1.616
897.0,1.345,1.495
898.0,0.332,0.336
899.0,0.349,0.546
900.0,0.558,0.557
901.0,0.734,0.706
902.0,0.673,0.711
903.0,0.347,1.162
904.0,0.561,0.793
905.0,0.569,0.62
906.0,0.319,0.311
907.0,0.371,0.389
908.0,0.823,0.853
909.0,0.896,0.895
910.0,0.32,0.289
911.0,0.735,0.636
912.0,3.167,3.299
913.0,1.246,0.934
914.0,0.307,0.318
915.0,0.357,0.389
916.0,0.958,1.051
917.0,2.229,2.126
1047.0,0.755,0.753
1048.0,0.391,0.414
1050.0,0.385,0.352
1051.0,1.104,1.131
1052.0,0.522,0.511
1053.0,0.426,0.399
1054.0,2.386,2.565
1055.0,1.078,1.378
1056.0,0.519,0.564
1057.0,0.719,0.697
1058.0,0.472,0.511
1059.0,0.936,0.915
1060.0,0.144,0.233
1061.0,0.621,0.632
1062.0,0.45,0.471
1063.0,0.886,0.889
1064.0,0.361,0.367
1065.0,0.432,0.436
1066.0,0.598,0.602
1067.0,0.41,0.522
1068.0,0.567,0.569
1069.0,0.408,0.441
1070.0,0.88,1.043
1071.0,3.05,2.736
1072.0,0.916,0.955
1176.0,3.847,3.665
1177.0,0.481,1.311
1178.0,0.398,0.385
1179.0,1.654,0.948
1180.0,0.497,0.607
1181.0,0.702,0.645
1182.0,0.891,0.778
1183.0,0.755,0.828
1184.0,0.901,0.866
1185.0,0.567,0.602
1186.0,3.805,3.856
1187.0,0.586,0.573
1188.0,9.31,8.606
1189.0,5.742,3.228
1190.0,7.195,6.802
1191.0,3.453,3.512
1192.0,2.603,3.386
1193.0,0.665,1.222
1194.0,0.481,0.512
1195.0,0.584,0.629
1196.0,3.713,4.257
1197.0,0.863,0.798
1336.0,0.584,0.604
1392.0,0.482,0.474
1393.0,2.479,2.941
1394.0,2.356,1.969
1395.0,6.169,6.865
1396.0,4.739,5.624
1397.0,6.548,6.798
1398.0,3.985,3.906
1399.0,0.807,0.709
1400.0,6.212,6.189
1401.0,0.773,0.762
1402.0,7.092,7.328
1403.0,5.061,6.071
1404.0,0.841,0.805
1405.0,4.668,5.421
1406.0,1.014,0.984
1407.0,3.431,1.634
1408.0,9.315,9.602
1409.0,2.111,3.955
1506.0,3.602,3.323
1507.0,4.114,1.346
1508.0,4.113,5.278
1509.0,0.795,0.77
1510.0,0.444,0.462
1511.0,1.651,2.519
1512.0,0.373,0.382
1518.0,1.073,1.014
1519.0,2.525,2.797
1520.0,0.25,0.249
1521.0,0.434,0.431
1522.0,0.644,0.73
1575.0,1.761,1.83
1576.0,0.432,1.695
1577.0,0.957,0.979
1578.0,0.601,0.681
1579.0,0.259,0.21
1580.0,0.503,0.542
1581.0,0.683,0.689
1582.0,0.488,0.476
1583.0,0.7,0.707
1584.0,0.492,0.444
1586.0,2.392,2.675
1587.0,1.624,1.637
1588.0,0.655,0.708
1589.0,0.795,0.826
1590.0,0.231,0.228
1591.0,0.53,0.458
1592.0,0.83,0.938
1593.0,0.786,0.857
1594.0,0.323,0.321
1595.0,0.663,0.67
1596.0,0.434,0.418
1764.0,2.137,2.106
1765.0,1.223,1.21
1766.0,0.384,0.466
1767.0,2.018,2.347
1768.0,0.318,0.345
1769.0,1.195,1.384
1770.0,0.467,0.461
1771.0,0.341,0.328
1772.0,0.25,0.265
1773.0,0.303,0.299
1774.0,0.693,0.822
1775.0,0.368,0.369
1776.0,0.35,0.373
1777.0,0.714,0.705
1778.0,0.89,0.902
1779.0,0.205,0.488
1780.0,0.936,0.953
1781.0,0.393,0.407
1782.0,0.533,0.513
1783.0,2.607,2.869
1784.0,0.318,0.356
1785.0,0.497,0.473
1786.0,0.394,0.389
1787.0,0.528,0.572
1788.0,0.978,1.13
1789.0,0.39,0.323
2351.0,2.804,3.436
2352.0,3.098,4.057
2353.0,3.059,3.632
2354.0,4.178,5.886
2355.0,3.604,4.142
2356.0,3.946,4.15
2357.0,2.814,3.44
2358.0,2.699,3.333
2359.0,3.098,3.74
2360.0,3.409,4.436
2361.0,3.226,3.838
2362.0,6.2,6.819
2363.0,6.843,7.277
2364.0,3.729,4.41
2365.0,4.373,4.888
2366.0,5.087,5.451
2367.0,5.095,5.499
2368.0,5.332,5.633
2369.0,5.613,6.014
2370.0,8.068,8.45
2371.0,6.329,6.707
2372.0,4.512,5.136
2373.0,3.296,3.889
2374.0,3.833,4.335
2375.0,4.259,4.708
2376.0,4.868,5.234
2377.0,5.233,5.627
2378.0,4.335,4.407
2379.0,4.616,4.83
2380.0,3.683,4.183
2381.0,5.221,5.27
2382.0,4.139,4.605
2384.0,4.947,5.067
2385.0,5.07,4.898
2386.0,6.261,5.76
2387.0,5.087,4.93
2388.0,5.307,5.776
2389.0,4.525,4.27
2390.0,4.654,4.378
2391.0,5.442,6.202
2392.0,9.639,8.111
2393.0,6.868,6.305
2394.0,7.738,8.277
2395.0,8.949,7.161
2397.0,7.676,6.991
2398.0,4.653,4.709
2399.0,3.489,4.216
2400.0,4.0,4.635
2401.0,4.51,4.759
2402.0,4.767,4.976
2403.0,8.727,7.926
2404.0,5.268,5.123
2405.0,5.72,5.654
2406.0,7.05,6.94
2407.0,6.531,6.045
2408.0,6.382,5.96
2409.0,8.101,7.072
2410.0,10.458,10.152
2411.0,14.447,14.398
2412.0,9.633,9.731
2416.0,9.997,10.136
2422.0,11.501,9.494
2423.0,4.286,4.866
2424.0,5.007,5.301
2425.0,4.997,5.262
2426.0,6.465,7.164
2427.0,5.701,6.216
2428.0,4.161,4.544
2429.0,4.96,5.36
2430.0,5.295,5.56
2431.0,7.148,7.176
2432.0,5.397,5.573
2433.0,4.499,4.736
2434.0,4.099,4.591
2435.0,4.544,4.707
2436.0,4.337,4.776
2437.0,10.067,9.136
2439.0,3.107,3.803
2440.0,3.159,3.543
2441.0,3.19,3.768
2442.0,3.507,4.168
2443.0,3.039,3.482
2444.0,3.315,4.224
2445.0,10.405,8.845
2446.0,8.601,7.377
2447.0,9.583,8.741
2448.0,7.972,7.178
2449.0,8.674,8.153
2450.0,3.912,4.475
2451.0,4.444,4.747
2452.0,4.27,4.428
2453.0,4.838,4.914
2455.0,5.575,5.604
2456.0,6.893,9.066
2457.0,4.163,5.21
2458.0,3.285,4.247
2459.0,3.264,3.939
2460.0,4.878,9.086
2461.0,3.275,4.569
2524.0,4.843,5.102
