territory_id,municipal_district_name
2345,городской округ Эгвекинот
2348,Анадырский муниципальный район
912,Приморский муниципальный округ
718,Таймырский Долгано-Ненецкий муниципальный район
316,Булунский муниципальный район
726,Эвенкийский муниципальный район
334,Оленекский эвенкийский национальный муниципальный район
917,муниципальный район Заполярный район
720,Туруханский муниципальный район
2248,муниципальный округ Тазовский район
341,Усть-Янский муниципальный район
2349,Билибинский муниципальный район
2250,муниципальный округ Ямальский район
319,Верхоянский муниципальный район
333,Олекминский муниципальный район
327,Мирнинский муниципальный район
2245,муниципальный округ Надымский район
322,Жиганский муниципальный район
854,Охотский муниципальный округ
335,Среднеколымский муниципальный район
312,Алданский муниципальный район
2882,муниципальный округ Пуровский район
1152,Катангский муниципальный район
315,Анабарский национальный (долгано-эвенкийский) муниципальный район
328,Момский муниципальный район
338,Томпонский муниципальный район
2233,Нижневартовский муниципальный район
313,Аллаиховский муниципальный район
1434,муниципальный округ Среднеканский
2236,Сургутский муниципальный район
2153,Каргасокский муниципальный район
330,Нерюнгринский муниципальный район
694,Енисейский муниципальный район
619,Олюторский муниципальный район
340,Усть-Майский муниципальный район
2872,муниципальный округ Приуральский район
323,Кобяйский муниципальный район
331,Нижнеколымский муниципальный район
2244,муниципальный округ Красноселькупский район
320,Вилюйский муниципальный район
621,Тигильский муниципальный район
907,Мезенский муниципальный округ
2347,городской округ Певек
1431,муниципальный округ Ольский
858,Тугуро-Чумиканский муниципальный район
612,Елизовский муниципальный район
332,Оймяконский муниципальный район
2230,Березовский муниципальный район
888,Тындинский муниципальный округ
325,Ленский муниципальный район
311,Абыйский муниципальный район
317,Верхневилюйский муниципальный район
336,Сунтарский муниципальный район
875,Зейский муниципальный округ
318,Верхнеколымский муниципальный район
1432,муниципальный округ Омсукчанский
1520,Ловозерский муниципальный район
618,Карагинский муниципальный район
2249,муниципальный округ Шурышкарский район
2158,Парабельский муниципальный район
87,Баунтовский эвенкийский муниципальный район
1964,городской округ Северо-Курильский
344,Эвено-Бытантайский национальный муниципальный район
1958,городской округ Курильский
1435,муниципальный округ Сусуманский
2231,Кондинский муниципальный район
597,Тунгокоченский муниципальный район
324,Нюрбинский муниципальный район
582,Каларский муниципальный округ
2346,городской округ Провиденский
848,Верхнебуреинский муниципальный район
1519,Кольский муниципальный район
2237,Ханты-Мансийский муниципальный район
2211,Уватский муниципальный район
102,Северо-Байкальский муниципальный район
689,Богучанский муниципальный район
240,Удорский муниципальный район
321,Горный муниципальный район
1154,Киренский муниципальный район
1158,Нижнеудинский муниципальный район
243,Усть-Цилемский муниципальный район
801,Тернейский муниципальный округ
716,Северо-Енисейский муниципальный район
2229,Белоярский муниципальный район
616,Усть-Камчатский муниципальный район
910,Пинежский муниципальный округ
911,Плесецкий муниципальный округ
884,Селемджинский муниципальный район
1164,Усть-Илимский муниципальный район
702,Кежемский муниципальный район
859,Ульчский муниципальный район
1436,муниципальный округ Тенькинский
239,Троицко-Печорский муниципальный район
225,городской округ Воркута
413,Тоджинский муниципальный район
1522,Терский муниципальный район
1151,Казачинско-Ленский муниципальный район
2151,Верхнекетский муниципальный район
1438,муниципальный округ Ягоднинский
2235,Советский муниципальный район
855,муниципальный район имени Полины Осипенко
234,муниципальный район Печора
909,Онежский муниципальный район
853,Николаевский муниципальный район
227,городской округ Инта
860,Хабаровский муниципальный район
214,Медвежьегорский муниципальный район
342,Хангаласский муниципальный район
228,муниципальный округ Усинск
314,Амгинский муниципальный район
231,Княжпогостский муниципальный район
1159,Ольхонский муниципальный район
404,Каа-Хемский муниципальный район
1521,Печенгский муниципальный округ
1161,Тайшетский муниципальный район
857,Солнечный муниципальный район
98,Муйский муниципальный район
851,муниципальный район имени Лазо
1165,Усть-Кутский муниципальный район
2148,Александровский муниципальный район
2234,Октябрьский муниципальный район
879,Мазановский муниципальный район
1153,Качугский муниципальный район
611,Быстринский муниципальный район
230,Ижемский муниципальный район
1437,муниципальный округ Хасынский
242,Усть-Куломский муниципальный район
705,Курагинский муниципальный район
100,Окинский муниципальный район
1146,Братский муниципальный район
213,Лоухский муниципальный район
613,Мильковский муниципальный округ
850,Комсомольский муниципальный район
852,Нанайский муниципальный район
615,Усть-Большерецкий муниципальный район
1983,городской округ Ивдельский
236,муниципальный район Сосногорск
337,Таттинский муниципальный район
898,Верхнетоемский муниципальный округ
226,муниципальный округ Вуктыл
90,Еравнинский муниципальный район
765,городской округ Чердынский
2150,Бакчарский муниципальный район
2232,Нефтеюганский муниципальный район
588,Могочинский муниципальный округ
1147,Жигаловский муниципальный район
844,Амурский муниципальный район
1518,Кандалакшский муниципальный район
1962,городской округ Охинский
614,Соболевский муниципальный район
229,городской округ Ухта
1166,Усть-Удинский муниципальный район
878,Магдагачинский муниципальный район
458,Таштыпский муниципальный район
1168,Чунский муниципальный район
208,Беломорский муниципальный округ
847,Ванинский муниципальный район
914,Холмогорский муниципальный округ
747,городской округ Красновишерский
101,Прибайкальский муниципальный район
94,Кабанский муниципальный район
601,Читинский муниципальный район
215,Муезерский муниципальный район
233,Корткеросский муниципальный район
695,Ермаковский муниципальный район
2209,Тобольский муниципальный район
586,Красночикойский муниципальный район
886,Сковородинский муниципальный округ
799,Пожарский муниципальный округ
1157,Нижнеилимский муниципальный район
580,Газимуро-Заводский муниципальный округ
708,Мотыгинский муниципальный район
1626,Убинский муниципальный район
2199,Вагайский муниципальный район
2155,Колпашевский муниципальный район
599,Хилокский муниципальный район
1659,Тарский муниципальный район
598,Улётовский муниципальный район
587,Кыринский муниципальный район
856,Советско-Гаванский муниципальный район
595,Сретенский муниципальный район
1622,Северный муниципальный район
2022,городской округ Гаринский
1963,городской округ Поронайский
343,Чурапчинский муниципальный район
209,Калевальский муниципальный район
210,Кемский муниципальный район
791,Красноармейский муниципальный округ
339,Усть-Алданский муниципальный район
1247,Новокузнецкий муниципальный округ
900,Виноградовский муниципальный округ
11,Кош-Агачский муниципальный район
889,Шимановский муниципальный округ
235,Прилузский муниципальный район
15,Улаганский муниципальный район
1961,городской округ Ногликский
1055,Вытегорский муниципальный район
769,муниципальный округ Гайнский
86,Баргузинский муниципальный район
2159,Первомайский муниципальный район
326,Мегино-Кангаласский муниципальный район
220,Пудожский муниципальный район
223,Суоярвский муниципальный округ
2160,Тегульдетский муниципальный район
221,Сегежский муниципальный округ
1268,муниципальный округ Верхнекамский
600,Чернышевский муниципальный район
904,Красноборский муниципальный округ
405,Кызылский муниципальный район
329,Намский муниципальный район
678,городской округ город Норильск
1396,Выборгский муниципальный район
1965,городской округ Смирныховский
725,Шушенский муниципальный район
96,Курумканский муниципальный район
590,Нерчинско-Заводский муниципальный район
687,Бирилюсский муниципальный район
1150,Иркутский муниципальный район
915,Шенкурский муниципальный округ
1394,Волховский муниципальный район
873,Бурейский муниципальный округ
897,Вельский муниципальный район
1398,Кингисеппский муниципальный район
1970,городской округ Южно-Курильский
1251,Тисульский муниципальный округ
698,Ирбейский муниципальный район
232,Койгородский муниципальный район
2043,Таборинский муниципальный район
2341,Облученский муниципальный район
92,Закаменский муниципальный район
105,Тункинский муниципальный район
2161,Томский муниципальный район
106,Хоринский муниципальный район
901,муниципальный округ Каргопольский
605,Агинский муниципальный район
1155,Куйтунский муниципальный район
1035,Палласовский муниципальный район
905,Ленский муниципальный район
913,Устьянский муниципальный округ
870,Архаринский муниципальный округ
806,Чугуевский муниципальный округ
40,Белорецкий муниципальный район
237,Сыктывдинский муниципальный район
882,Ромненский муниципальный округ
1149,Зиминский муниципальный район
579,Борзинский муниципальный район
1401,Лодейнопольский муниципальный район
17,Усть-Коксинский муниципальный район
1250,Таштагольский муниципальный район
1611,Колыванский муниципальный район
584,Карымский муниципальный район
685,Балахтинский муниципальный район
1071,Череповецкий муниципальный район
1617,Кыштовский муниципальный район
14,Турочакский муниципальный район
1631,Чулымский муниципальный район
408,Пий-Хемский муниципальный район
1148,Заларинский муниципальный район
1167,Черемховский муниципальный район
922,Енотаевский муниципальный район
1066,Тотемский муниципальный округ
457,Орджоникидзевский муниципальный район
1407,Тихвинский муниципальный район
13,Онгудайский муниципальный район
693,Емельяновский муниципальный район
715,Саянский муниципальный район
1404,Подпорожский муниципальный район
1660,Тевризский муниципальный район
701,Каратузский муниципальный район
683,Абанский муниципальный район
903,Котласский муниципальный округ
190,Черноземельский муниципальный район
1047,Бабаевский муниципальный округ
95,Кижингинский муниципальный район
89,Джидинский муниципальный район
721,Тюхтетский муниципальный округ
1635,Большеуковский муниципальный район
719,Тасеевский муниципальный район
908,Няндомский муниципальный округ
193,Яшкульский муниципальный район
1392,Бокситогорский муниципальный район
902,Коношский муниципальный район
1059,Кичменгско-Городецкий муниципальный округ
1662,Усть-Ишимский муниципальный район
1615,Куйбышевский муниципальный район
739,городской округ Горнозаводский
219,Пряжинский муниципальный район
401,Бай-Тайгинский муниципальный район
1616,Купинский муниципальный район
1061,Никольский муниципальный округ
593,Петровск-Забайкальский муниципальный район
570,муниципальный округ Чарышский район
1282,Нагорский муниципальный район
1984,городской округ Пелым
1403,Лужский муниципальный район
2205,Нижнетавдинский муниципальный район
686,Березовский муниципальный район
1954,городской округ Александровск-Сахалинский район
788,Дальнереченский муниципальный район
2016,городской округ Махнёвское
1610,Каргатский муниципальный район
241,Усть-Вымский муниципальный район
2149,Асиновский муниципальный район
1048,Бабушкинский муниципальный округ
1244,Крапивинский муниципальный округ
2036,городской округ Туринский
1400,Кировский муниципальный район
883,Свободненский муниципальный район
2215,Ярковский муниципальный район
1051,Великоустюгский муниципальный округ
402,Барун-Хемчикский муниципальный район
218,Прионежский муниципальный район
238,Сысольский муниципальный район
16,Усть-Канский муниципальный район
409,Сут-Хольский муниципальный район
403,Дзун-Хемчикский муниципальный район
216,Олонецкий муниципальный район
2162,Чаинский муниципальный район
2028,городской округ Новолялинский
920,Ахтубинский муниципальный район
2620,городской округ Соликамский
1231,городской округ Междуреченский
577,Александрово-Заводский муниципальный район
589,Нерчинский муниципальный район
103,Селенгинский муниципальный район
1960,городской округ Невельский
2200,Викуловский муниципальный район
2885,муниципальный округ Кудымкарский
460,Ширинский муниципальный район
734,муниципальный округ Александровский
1395,Всеволожский муниципальный район
1160,Слюдянский муниципальный район
2010,городской округ Серовский
1988,городской округ Карпинск
607,Могойтуйский муниципальный район
710,Нижнеингашский муниципальный район
1065,Тарногский муниципальный округ
2021,городской округ Верхотурский
1678,Адамовский муниципальный район
217,Питкярантский муниципальный округ
91,Заиграевский муниципальный район
1056,Грязовецкий муниципальный округ
1163,Усольский муниципальный район
1058,Кирилловский муниципальный округ
459,Усть-Абаканский муниципальный район
1625,Тогучинский муниципальный район
592,Ононский муниципальный округ
1957,городской округ Корсаковский
690,Большемуртинский муниципальный район
191,Юстинский муниципальный район
2343,Смидовичский муниципальный район
2157,Молчановский муниципальный район
1512,Ковдорский муниципальный округ
606,Дульдургинский муниципальный район
1049,Белозерский муниципальный округ
2029,городской округ Горноуральский
2012,городской округ Тавдинский
1266,Белохолуницкий муниципальный район
211,Кондопожский муниципальный район
2000,городской округ город Нижний Тагил
803,Хасанский муниципальный округ
1605,Венгеровский муниципальный район
1246,Мариинский муниципальный округ
1661,Тюкалинский муниципальный район
929,Харабалинский муниципальный район
1279,муниципальный округ Лузский
97,Кяхтинский муниципальный район
1674,городской округ Соль-Илецкий
1286,муниципальный округ Опаринский
1642,Крутинский муниципальный район
713,Пировский муниципальный округ
712,Партизанский муниципальный район
1053,Вожегодский муниципальный округ
1646,Муромцевский муниципальный район
1144,Балаганский муниципальный район
410,Тандинский муниципальный район
1609,Карасукский муниципальный район
899,муниципальный округ Вилегодский
1054,Вологодский муниципальный округ
576,Акшинский муниципальный район
77,Учалинский муниципальный район
796,Ольгинский муниципальный округ
1783,Псковский муниципальный район
456,Боградский муниципальный район
706,Манский муниципальный район
1062,Нюксенский муниципальный округ
1630,Чистоозерный муниципальный район
717,Сухобузимский муниципальный район
1628,Чановский муниципальный район
414,Улуг-Хемский муниципальный район
1405,Приозерский муниципальный район
927,Наримановский муниципальный район
207,городской округ Костомукшский
797,Партизанский муниципальный округ
1670,городской округ Кувандыкский
88,Бичурский муниципальный район
35,Баймакский муниципальный район
1265,муниципальный округ Афанасьевский
2031,городской округ Сосьвинский
603,Шилкинский муниципальный район
757,муниципальный округ Пермский
2809,муниципальный округ Кунгурский
2015,городской округ Алапаевское
2621,городской округ город Березники
1175,Эхирит-Булагатский муниципальный район
578,Балейский муниципальный район
1968,городской округ Углегорский
2023,городской округ Ирбитское
2294,Брединский муниципальный район
54,Зилаирский муниципальный район
1652,Омский муниципальный район
703,Козульский муниципальный район
925,Красноярский муниципальный район
571,Шипуновский муниципальный район
699,Казачинский муниципальный район
1695,Оренбургский муниципальный район
1967,городской округ Тымовский
585,муниципальный район Город Краснокаменск и Краснокаменский район
1507,муниципальный округ город Апатиты
1285,Омутнинский муниципальный район
1525,городской округ город Бор
1663,Черлакский муниципальный район
1612,Коченевский муниципальный район
591,Оловяннинский муниципальный район
1317,Макарьевский муниципальный район
1607,Здвинский муниципальный район
581,Забайкальский муниципальный район
1608,Искитимский муниципальный район
724,Шарыповский муниципальный округ
1647,Называевский муниципальный район
926,Лиманский муниципальный район
1941,Пугачевский муниципальный район
2332,Пошехонский муниципальный район
1696,Первомайский муниципальный район
1621,Ордынский муниципальный район
741,городской округ Добрянский
773,муниципальный округ Юрлинский
1290,Подосиновский муниципальный район
1955,городской округ Анивский
1276,Котельничский муниципальный район
1603,Барабинский муниципальный район
2340,Ленинский муниципальный район
563,Троицкий муниципальный район
2034,городской округ Талицкий
1060,Междуреченский муниципальный округ
565,Угловский муниципальный район
1623,Сузунский муниципальный район
2342,Октябрьский муниципальный район
1586,Новгородский муниципальный район
1679,Акбулакский муниципальный район
1624,Татарский муниципальный район
696,Идринский муниципальный район
779,городской округ Дальнегорский
704,Краснотуранский муниципальный район
2203,Ишимский муниципальный район
594,Приаргунский муниципальный округ
1582,Любытинский муниципальный район
714,Рыбинский муниципальный район
1701,Светлинский муниципальный район
1936,Новоузенский муниципальный район
2042,Нижнесергинский муниципальный район
1766,Бежаницкий муниципальный район
222,Сортавальский муниципальный район
2295,Варненский муниципальный район
212,Лахденпохский муниципальный район
1620,Новосибирский муниципальный район
561,Топчихинский муниципальный район
1331,Чухломский муниципальный район
3007,Прокопьевский муниципальный округ
792,Лазовский муниципальный округ
2210,Тюменский муниципальный район
1172,Боханский муниципальный район
1174,Осинский муниципальный район
731,городской округ Лысьвенский
1293,Слободской муниципальный район
1281,муниципальный округ Мурашинский
2119,муниципальный округ Калининский
767,городской округ Чусовской
1606,Доволенский муниципальный район
184,Лаганский муниципальный район
930,Черноярский муниципальный район
1311,Вохомский муниципальный район
1063,Сокольский муниципальный округ
1332,Шарьинский муниципальный район
1634,Большереченский муниципальный район
1693,Новосергиевский муниципальный район
1688,Кваркенский муниципальный район
2304,Красноармейский муниципальный район
1240,Беловский муниципальный округ
1069,Харовский муниципальный округ
2213,Юргинский муниципальный район
1038,Серафимовичский муниципальный район
545,Первомайский муниципальный район
2110,муниципальный округ Андреапольский
1592,Старорусский муниципальный район
1508,муниципальный округ город Кировск
50,Дуванский муниципальный район
1040,Старополтавский муниципальный район
1614,Краснозерский муниципальный район
2152,Зырянский муниципальный район
1966,городской округ Томаринский
711,Новоселовский муниципальный район
1927,Ершовский муниципальный район
2154,Кожевниковский муниципальный район
835,Левокумский муниципальный округ
2302,Кизильский муниципальный район
1640,Колосовский муниципальный район
2195,Абатский муниципальный район
529,Каменский муниципальный район
1637,Знаменский муниципальный район
1532,городской округ Семеновский
697,Иланский муниципальный район
455,Бейский муниципальный район
185,Малодербетовский муниципальный район
1068,Устюженский муниципальный округ
874,Завитинский муниципальный округ
602,Шелопугинский муниципальный район
30,Абзелиловский муниципальный район
99,Мухоршибирский муниципальный район
2296,Верхнеуральский муниципальный район
1768,Гдовский муниципальный район
1656,Саргатский муниципальный район
527,Змеиногорский муниципальный район
2299,Карталинский муниципальный район
53,Зианчуринский муниципальный район
1243,Кемеровский муниципальный округ
2710,городской округ Вышневолоцкий
1343,Куртамышский муниципальный округ
20,Шебалинский муниципальный район
1338,Далматовский муниципальный округ
1657,Седельниковский муниципальный район
2207,Сладковский муниципальный район
1300,Шабалинский муниципальный район
1171,Баяндаевский муниципальный район
79,Хайбуллинский муниципальный район
1354,Шадринский муниципальный округ
1052,Верховажский муниципальный округ
994,Гусь-Хрустальный муниципальный район
1310,Буйский муниципальный район
1271,Даровской муниципальный район
1242,Ижморский муниципальный округ
1782,Порховский муниципальный район
1627,Усть-Таркский муниципальный район
770,муниципальный округ Косинский
1509,муниципальный округ город Мончегорск
1254,Чебулинский муниципальный округ
828,Апанасенковский муниципальный округ
2309,Октябрьский муниципальный район
2191,городской округ Заводоуковский
2037,городской округ Шалинский
1924,Дергачевский муниципальный район
2163,Шегарский муниципальный район
19,Чойский муниципальный район
1686,Домбаровский муниципальный район
1064,Сямженский муниципальный округ
2201,городской округ Голышмановский
1021,Калачевский муниципальный район
1956,городской округ Долинский
189,Целинный муниципальный район
1580,муниципальный округ Демянский
1639,Калачинский муниципальный район
2142,муниципальный округ Торопецкий
2305,Кунашакский муниципальный район
1682,Беляевский муниципальный район
1577,Боровичский муниципальный район
104,Тарбагатайский муниципальный район
1959,городской округ Макаровский
1253,Тяжинский муниципальный округ
47,Бурзянский муниципальный район
1314,Кологривский муниципальный округ
2140,муниципальный округ Старицкий
1328,Солигаличский муниципальный округ
1337,Варгашинский муниципальный округ
309,городской округ город Якутск
525,Залесовский муниципальный округ
1014,Быковский муниципальный район
800,Спасский муниципальный район
789,Кавалеровский муниципальный округ
1937,Озинский муниципальный район
63,Кугарчинский муниципальный район
1399,Киришский муниципальный район
722,Ужурский муниципальный район
1781,Плюсский муниципальный район
1320,Нейский муниципальный округ
57,Ишимбайский муниципальный район
93,Иволгинский муниципальный район
921,Володарский муниципальный район
709,Назаровский муниципальный район
1033,Октябрьский муниципальный район
1922,Вольский муниципальный район
424,муниципальный округ Балезинский район
1687,Илекский муниципальный район
2156,Кривошеинский муниципальный район
1618,Маслянинский муниципальный район
2300,Каслинский муниципальный район
1551,Воскресенский муниципальный округ
2339,Биробиджанский муниципальный район
1658,Таврический муниципальный район
59,Караидельский муниципальный район
39,Белокатайский муниципальный район
1346,Мишкинский муниципальный округ
849,Вяземский муниципальный район
1890,Волжский муниципальный район
1408,Тосненский муниципальный район
559,Тальменский муниципальный район
774,муниципальный округ Юсьвинский
521,Волчихинский муниципальный район
1326,Поназыревский муниципальный округ
1852,Касимовский муниципальный район
1669,городской округ Гайский
1357,Щучанский муниципальный округ
1938,Перелюбский муниципальный район
1920,Балашовский муниципальный район
834,Курский муниципальный округ
1067,Усть-Кубинский муниципальный округ
1057,Кадуйский муниципальный округ
1905,Ставропольский муниципальный район
1767,Великолукский муниципальный район
885,Серышевский муниципальный округ
1602,Баганский муниципальный район
815,Ипатовский муниципальный округ
2301,Катав-Ивановский муниципальный район
1873,Шиловский муниципальный район
2308,Нязепетровский муниципальный район
1031,Новоаннинский муниципальный район
1593,муниципальный округ Хвойнинский
1010,городской округ город Михайловка
2047,Вяземский муниципальный район
1275,Кирово-Чепецкий муниципальный район
2009,городской округ Североуральский
1274,Кильмезский муниципальный район
1245,Ленинск-Кузнецкий муниципальный округ
514,Алейский муниципальный район
71,Салаватский муниципальный район
1355,Шатровский муниципальный округ
821,Нефтекумский муниципальный округ
896,городской округ Северодвинск
1706,Шарлыкский муниципальный район
692,Дзержинский муниципальный район
1348,Петуховский муниципальный округ
1256,Яйский муниципальный округ
583,Калганский муниципальный округ
1680,Александровский муниципальный район
752,городской округ Октябрьский
1249,Промышленновский муниципальный округ
1024,Клетский муниципальный район
1345,муниципальный округ Макушинский
2025,городской округ Красноуфимский округ
2197,Аромашевский муниципальный район
1342,Кетовский муниципальный округ
1587,Окуловский муниципальный район
2105,городской округ Осташковский
880,Михайловский муниципальный район
1170,Аларский муниципальный район
555,Солонешенский муниципальный район
1665,городской округ город Оренбург
511,муниципальный округ город Славгород
1683,Бугурусланский муниципальный район
1020,Иловлинский муниципальный район
1298,Уржумский муниципальный район
416,Чеди-Хольский муниципальный район
2206,Омутинский муниципальный район
3011,городской округ Златоустовский
1853,Клепиковский муниципальный район
2884,муниципальный округ Ржевский
2274,Чердаклинский муниципальный район
1017,Дубовский муниципальный район
1694,Октябрьский муниципальный район
1773,муниципальный округ Локнянский
549,Родинский муниципальный район
2117,муниципальный округ Западнодвинский
275,Килемарский муниципальный район
2886,муниципальный округ Губахинский
1648,Нижнеомский муниципальный район
872,Благовещенский муниципальный округ
1934,Марксовский муниципальный район
1758,Пензенский муниципальный район
2060,Рославльский муниципальный район
536,Курьинский муниципальный район
1581,муниципальный округ Крестецкий
787,Анучинский муниципальный округ
1041,Суровикинский муниципальный район
1788,муниципальный округ Струго-Красненский
1604,Болотнинский муниципальный район
1287,Оричевский муниципальный район
530,Ключевский муниципальный район
188,Сарпинский муниципальный район
294,Зубово-Полянский муниципальный район
1595,Чудовский муниципальный район
519,Бурлинский муниципальный район
2619,городской округ город Переславль-Залесский
55,Иглинский муниципальный район
515,Алтайский муниципальный район
66,Мелеузовский муниципальный район
793,Михайловский муниципальный район
2035,городской округ Тугулымский
1919,Балаковский муниципальный район
274,Звениговский муниципальный район
1072,Шекснинский муниципальный район
1655,Русско-Полянский муниципальный район
1301,Юрьянский муниципальный район
1673,городской округ город Орск
18,Чемальский муниципальный район
1583,Маловишерский муниципальный район
1629,Черепановский муниципальный район
1257,Яшкинский муниципальный округ
798,Пограничный муниципальный округ
1613,Кочковский муниципальный район
33,Аскинский муниципальный район
518,Благовещенский муниципальный район
1397,Гатчинский муниципальный район
1868,Спасский муниципальный район
1356,муниципальный округ Шумихинский
533,Краснощёковский муниципальный район
829,Арзгирский муниципальный округ
2212,Упоровский муниципальный район
1043,Фроловский муниципальный район
2317,Чесменский муниципальный район
790,Кировский муниципальный район
1703,Ташлинский муниципальный район
1926,Екатериновский муниципальный район
1547,Ветлужский муниципальный округ
1336,Белозерский муниципальный округ
1895,Кинель-Черкасский муниципальный район
881,Октябрьский муниципальный район
2002,городской округ Нижнетуринский
1952,Энгельсский муниципальный район
1774,муниципальный округ Невельский
2198,Бердюжский муниципальный район
1034,Ольховский муниципальный район
1969,городской округ Холмский
2618,Мантуровский муниципальный округ
763,городской округ Чайковский
2333,Ростовский муниципальный район
568,Хабарский муниципальный район
1636,Горьковский муниципальный район
1299,муниципальный округ Фаленский
1675,городской округ Сорочинский
1906,Сызранский муниципальный район
2196,Армизонский муниципальный район
2024,городской округ Каменский
1341,Катайский муниципальный округ
2813,городской округ Шатура
2066,Угранский муниципальный район
3010,Тамбовский муниципальный округ
1651,Оконешниковский муниципальный район
1309,Антроповский муниципальный район
2316,Чебаркульский муниципальный район
1643,Любинский муниципальный район
1929,Калининский муниципальный район
1888,Большечерниговский муниципальный район
2312,Сосновский муниципальный район
1700,Саракташский муниципальный район
1352,Целинный муниципальный округ
1654,Полтавский муниципальный район
1312,Галичский муниципальный район
691,Большеулуйский муниципальный район
198,Зеленчукский муниципальный район
1044,Чернышковский муниципальный район
356,Агрызский муниципальный район
1019,Жирновский муниципальный район
2307,Нагайбакский муниципальный район
785,городской округ Уссурийский
808,Яковлевский муниципальный округ
2050,Демидовский муниципальный район
48,Гафурийский муниципальный район
2086,Моршанский муниципальный округ
556,Солтонский муниципальный район
2334,Рыбинский муниципальный район
2129,муниципальный округ Максатихинский
2063,Смоленский муниципальный район
1252,Топкинский муниципальный округ
278,Медведевский муниципальный район
1340,Каргапольский муниципальный округ
1030,Николаевский муниципальный район
771,муниципальный округ Кочевский
557,Шелаболихинский муниципальный район
6,Майкопский муниципальный район
1545,Варнавинский муниципальный округ
743,городской округ Ильинский
107,городской округ город Махачкала
362,Альметьевский муниципальный район
2204,Казанский муниципальный район
1649,Нововаршавский муниципальный район
378,Кукморский муниципальный район
547,Поспелихинский муниципальный район
2039,Байкаловский муниципальный район
1578,Валдайский муниципальный район
1917,Аткарский муниципальный район
2887,городской округ город Саратов
1704,Тоцкий муниципальный район
2137,муниципальный округ Селижаровский
1344,Лебяжьевский муниципальный округ
1887,Большеглушицкий муниципальный район
569,Целинный муниципальный район
1510,муниципальный округ город Оленегорск
1861,Рыбновский муниципальный район
2124,муниципальный округ Конаковский
1347,Мокроусовский муниципальный округ
540,Михайловский муниципальный район
1037,Светлоярский муниципальный район
1944,Ртищевский муниципальный район
1557,Ковернинский муниципальный округ
2208,Сорокинский муниципальный район
1272,Зуевский муниципальный район
2336,Угличский муниципальный район
435,муниципальный округ Кизнерский район
566,Усть-Калманский муниципальный район
2133,муниципальный округ Пеновский
2293,Ашинский муниципальный район
1930,Красноармейский муниципальный район
392,Спасский муниципальный район
2257,Инзенский муниципальный район
830,Будённовский муниципальный округ
387,Нурлатский муниципальный район
186,Октябрьский муниципальный район
1241,Гурьевский муниципальный округ
2111,муниципальный округ Бежецкий
1590,Поддорский муниципальный район
2292,Аргаяшский муниципальный район
430,муниципальный округ Завьяловский район
2017,городской округ Артинский
1013,Алексеевский муниципальный район
567,Усть-Пристанский муниципальный район
1863,Рязанский муниципальный район
1349,Половинский муниципальный округ
2109,городской округ Удомельский
1904,Сергиевский муниципальный район
1653,Павлоградский муниципальный район
1284,Нолинский муниципальный район
2883,муниципальный округ Кимрский
1676,городской округ Ясненский
749,муниципальный округ Куединский
64,Куюргазинский муниципальный район
802,Ханкайский муниципальный округ
1322,Октябрьский муниципальный район
2337,Ярославский муниципальный район
1016,Даниловский муниципальный район
1070,Чагодощенский муниципальный округ
1173,Нукутский муниципальный район
1325,Парфеньевский муниципальный округ
840,Туркменский муниципальный округ
44,Благовещенский муниципальный район
2113,муниципальный округ Бологовский
744,муниципальный округ Карагайский
2298,Еткульский муниципальный район
2041,Слободо-Туринский муниципальный район
1787,Себежский муниципальный район
1018,Еланский муниципальный район
544,Панкрушихинский муниципальный район
70,Нуримановский муниципальный район
2314,Увельский муниципальный район
1027,Кумылженский муниципальный район
1692,Новоорский муниципальный район
2004,городской округ Первоуральск
1931,Краснокутский муниципальный район
1596,Шимский муниципальный район
1028,Ленинский муниципальный район
1393,Волосовский муниципальный район
1280,Малмыжский муниципальный район
1899,Красноярский муниципальный район
385,Нижнекамский муниципальный район
1406,Сланцевский муниципальный район
532,Красногорский муниципальный район
2330,Первомайский муниципальный район
2059,Починковский муниципальный район
2291,Агаповский муниципальный район
1294,Советский муниципальный район
375,Зеленодольский муниципальный район
735,муниципальный округ Бардымский
2048,Гагаринский муниципальный район
737,муниципальный округ Большесосновский
522,Егорьевский муниципальный район
1535,городской округ Сокольский
83,Янаульский муниципальный район
1950,Федоровский муниципальный район
1999,городской округ Невьянский
431,муниципальный округ Игринский район
781,городской округ Лесозаводский
2095,Сосновский муниципальный округ
31,Альшеевский муниципальный район
552,Смоленский муниципальный район
381,Мамадышский муниципальный район
1188,муниципальный округ Зеленоградский
2325,Даниловский муниципальный район
923,Икрянинский муниципальный район
2121,городской округ Кашинский
443,муниципальный округ Увинский район
1402,Ломоносовский муниципальный район
2260,Майнский муниципальный район
2202,Исетский муниципальный район
537,Кытмановский муниципальный район
2131,городской округ Нелидовский
1778,Островский муниципальный район
1940,Питерский муниципальный район
1689,Красногвардейский муниципальный район
1996,городской округ Кушвинский
73,Стерлитамакский муниципальный район
1918,Базарно-Карабулакский муниципальный район
2114,муниципальный округ Весьегонский
2323,Брейтовский муниципальный район
1638,Исилькульский муниципальный район
1619,Мошковский муниципальный район
1533,городской округ город Шахунья
548,Ребрихинский муниципальный район
1323,Островский муниципальный округ
1756,Никольский муниципальный район
1315,Костромской муниципальный район
924,Камызякский муниципальный район
871,Белогорский муниципальный округ
999,Меленковский муниципальный район
1319,Межевской муниципальный округ
758,муниципальный округ Сивинский
841,Шпаковский муниципальный округ
2134,муниципальный округ Рамешковский
1932,Краснопартизанский муниципальный район
1585,муниципальный округ Мошенской
1335,Альменевский муниципальный округ
1666,городской округ Абдулинский
539,Мамонтовский муниципальный район
1358,Юргамышский муниципальный округ
1495,городской округ Можайский
1697,Переволоцкий муниципальный район
1561,Лукояновский муниципальный округ
832,Кочубеевский муниципальный округ
2061,Руднянский муниципальный район
516,Баевский муниципальный район
1119,Кинешемский муниципальный район
2052,Духовщинский муниципальный район
1025,Котельниковский муниципальный район
1491,городской округ Дмитровский
523,Ельцовский муниципальный район
2243,городской округ город Ноябрьск
1558,Краснобаковский муниципальный округ
1302,Яранский муниципальный район
1769,Дедовичский муниципальный район
723,Уярский муниципальный район
2328,Некоузский муниципальный район
1915,Александрово-Гайский муниципальный район
273,Горномарийский муниципальный район
2315,Уйский муниципальный район
434,муниципальный округ Кезский район
426,муниципальный округ Воткинский район
1562,Лысковский муниципальный округ
1981,городской округ Верхнесалдинский
887,Тамбовский муниципальный округ
1006,Юрьев-Польский муниципальный район
76,Уфимский муниципальный район
2242,городской округ город Новый Уренгой
279,Моркинский муниципальный район
2881,Предгорный муниципальный округ
285,Юринский муниципальный район
1690,Курманаевский муниципальный район
2132,муниципальный округ Оленинский
49,Давлекановский муниципальный район
1004,Судогодский муниципальный район
2139,муниципальный округ Спировский
440,муниципальный округ Сарапульский район
1571,Тоншаевский муниципальный округ
2255,Барышский муниципальный район
1933,Лысогорский муниципальный район
846,Бикинский муниципальный район
2040,Камышловский муниципальный район
62,Краснокамский муниципальный район
876,Ивановский муниципальный округ
1945,Самойловский муниципальный район
1039,Среднеахтубинский муниципальный район
1939,Петровский муниципальный район
1901,Пестравский муниципальный район
32,Архангельский муниципальный район
992,Вязниковский муниципальный район
2259,Кузоватовский муниципальный район
564,Тюменцевский муниципальный район
534,Крутихинский муниципальный район
2311,Саткинский муниципальный район
1645,Москаленский муниципальный район
823,Петровский муниципальный округ
1872,Шацкий муниципальный район
2112,муниципальный округ Бельский
359,Актанышский муниципальный район
453,Алтайский муниципальный район
1951,Хвалынский муниципальный район
1269,Верхошижемский муниципальный район
1928,Ивантеевский муниципальный район
1313,Кадыйский муниципальный район
3005,городской округ город Арзамас
3101,Сасовский муниципальный округ
1681,Асекеевский муниципальный район
2058,Новодугинский муниципальный район
1277,Куменский муниципальный район
1884,Алексеевский муниципальный район
1594,Холмский муниципальный район
203,Урупский муниципальный район
2238,городской округ город Салехард
524,Завьяловский муниципальный район
1350,Притобольный муниципальный округ
2018,городской округ Ачитский
65,Кушнаренковский муниципальный район
380,Лениногорский муниципальный район
736,муниципальный округ Березовский
1492,городской округ Клин
2808,городской округ Коломна
1032,Новониколаевский муниципальный район
1468,городской округ Наро-Фоминский
1526,городской округ город Выкса
46,Бураевский муниципальный район
69,Миякинский муниципальный район
56,Илишевский муниципальный район
1699,Сакмарский муниципальный район
1745,Каменский муниципальный район
2310,Пластовский муниципальный район
543,Павловский муниципальный район
991,Александровский муниципальный район
41,Бижбулякский муниципальный район
1898,Красноармейский муниципальный район
1650,Одесский муниципальный район
1752,Мокшанский муниципальный район
2652,городской округ Орехово-Зуевский
807,Шкотовский муниципальный округ
1572,Уренский муниципальный округ
36,Бакалинский муниципальный район
72,Стерлибашевский муниципальный район
1292,муниципальный округ Свечинский
192,Яшалтинский муниципальный район
1288,Орловский муниципальный район
1297,муниципальный округ Унинский
1902,Похвистневский муниципальный район
67,Мечетлинский муниципальный район
75,Туймазинский муниципальный район
2118,муниципальный округ Зубцовский
298,Ковылкинский муниципальный район
1889,Борский муниципальный район
357,Азнакаевский муниципальный район
1511,муниципальный округ город Полярные Зори
441,муниципальный округ Селтинский район
360,Алексеевский муниципальный район
2128,муниципальный округ Лихославльский
1916,Аркадакский муниципальный район
81,Чишминский муниципальный район
1550,городской округ Воротынский
1780,муниципальный округ Печорский
1784,Пустошкинский муниципальный район
379,Лаишевский муниципальный район
1664,Шербакульский муниципальный район
2030,городской округ Пышминский
2136,муниципальный округ Сандовский
764,муниципальный округ Частинский
993,Гороховецкий муниципальный район
1702,Северный муниципальный район
1742,Городищенский муниципальный район
1327,Пыщугский муниципальный округ
371,Высокогорский муниципальный район
389,Рыбно-Слободский муниципальный район
364,Арский муниципальный район
831,Грачёвский муниципальный округ
538,Локтевский муниципальный район
1776,Новосокольнический муниципальный район
2326,Любимский муниципальный район
2145,городской округ город Кедровый
2008,городской округ Режевской
2269,Старомайнский муниципальный район
1589,муниципальный округ Пестовский
558,Табунский муниципальный район
810,Благодарненский муниципальный округ
1584,муниципальный округ Марёвский
2068,Холм-Жирковский муниципальный район
383,Мензелинский муниципальный район
1935,Новобурасский муниципальный район
1894,Кинельский муниципальный район
1351,Сафакулевский муниципальный округ
1633,Азовский немецкий национальный муниципальный район
1973,городской округ Артемовский
1477,городской округ Рузский
2116,муниципальный округ Жарковский
517,Бийский муниципальный район
1565,Починковский муниципальный округ
68,Мишкинский муниципальный район
1015,Городищенский муниципальный район
1777,муниципальный округ Опочецкий
1641,Кормиловский муниципальный район
442,муниципальный округ Сюмсинский район
1029,Нехаевский муниципальный район
535,Кулундинский муниципальный район
60,Кармаскалинский муниципальный район
2090,Петровский муниципальный округ
61,Кигинский муниципальный район
1026,Котовский муниципальный район
2258,Карсунский муниципальный район
346,Алагирский муниципальный район
34,Аургазинский муниципальный район
751,городской округ Нытвенский
1948,Татищевский муниципальный район
520,Быстроистокский муниципальный район
1537,Ардатовский муниципальный округ
1903,Приволжский муниципальный район
541,Новичихинский муниципальный район
2125,муниципальный округ Краснохолмский
277,Мари-Турекский муниципальный район
2282,городской округ Миасский
738,городской округ Верещагинский
1925,Духовницкий муниципальный район
38,Белебеевский муниципальный район
2062,Сафоновский муниципальный район
2051,Дорогобужский муниципальный район
1560,Кстовский муниципальный округ
550,Романовский муниципальный район
1739,Белинский муниципальный район
1865,Сараевский муниципальный район
1705,Тюльганский муниципальный район
745,городской округ город Кизел
1885,Безенчукский муниципальный район
2143,муниципальный округ Фировский
179,Эльбрусский муниципальный район
1329,Судиславский муниципальный район
1447,городской округ Егорьевск
425,муниципальный округ Вавожский район
1023,Киквидзенский муниципальный район
1910,Шигонский муниципальный район
562,Третьяковский муниципальный район
1489,городской округ Волоколамский
1564,Пильнинский муниципальный округ
560,Тогульский муниципальный район
2053,Ельнинский муниципальный район
1942,Ровенский муниципальный район
2120,муниципальный округ Калязинский
2126,муниципальный округ Кувшиновский
760,городской округ Суксунский
45,Буздякский муниципальный район
542,Зональный муниципальный район
397,Чистопольский муниципальный район
305,Темниковский муниципальный район
827,Андроповский муниципальный округ
1414,Данковский муниципальный район
1750,Лунинский муниципальный район
1907,Хворостянский муниципальный район
814,Изобильненский муниципальный округ
446,муниципальный округ Якшур-Бодьинский район
1892,Исаклинский муниципальный район
2005,городской округ Полевской
1743,Земетчинский муниципальный район
1501,городской округ Сергиево-Посадский
754,городской округ Осинский
2056,Краснинский муниципальный район
78,Федоровский муниципальный район
2187,Чернский муниципальный район
1737,Башмаковский муниципальный район
51,Дюртюлинский муниципальный район
2032,городской округ Сысертский
1554,Дальнеконстантиновский муниципальный округ
1296,Тужинский муниципальный район
2127,муниципальный округ Лесной
2019,городской округ Белоярский
2064,Сычевский муниципальный район
58,Калтасинский муниципальный район
1726,муниципальный округ Орловский
1698,Пономарёвский муниципальный район
2270,Сурский муниципальный район
1001,Петушинский муниципальный район
369,Буинский муниципальный район
2271,Тереньгульский муниципальный район
80,Чекмагушевский муниципальный район
1978,городской округ Богданович
1553,Городецкий муниципальный округ
2070,Ярцевский муниципальный район
833,Красногвардейский муниципальный округ
2262,Николаевский муниципальный район
804,Хорольский муниципальный округ
2322,Борисоглебский муниципальный район
766,городской округ Чернушинский
753,муниципальный округ Ординский
1273,муниципальный округ Кикнурский
742,муниципальный округ Еловский
451,городской округ город Сорск
1218,Сухиничский муниципальный район
2099,Уваровский муниципальный округ
483,Алатырский муниципальный округ
1424,Липецкий муниципальный район
2174,Веневский муниципальный район
1775,муниципальный округ Новоржевский
761,муниципальный округ Уинский
1721,Ливенский муниципальный район
528,Калманский муниципальный район
1135,городской округ Ангарский
1291,муниципальный округ Санчурский
1644,Марьяновский муниципальный район
531,Косихинский муниципальный район
372,Дрожжановский муниципальный район
1267,муниципальный округ Богородский
1222,Хвастовичский муниципальный район
437,муниципальный округ Красногорский район
1324,Павинский муниципальный округ
825,Советский муниципальный округ
1759,Сердобский муниципальный район
374,Заинский муниципальный район
1747,Колышлейский муниципальный район
1897,Кошкинский муниципальный район
1573,Шарангский муниципальный округ
2329,Некрасовский муниципальный район
2335,Тутаевский муниципальный район
1504,городской округ Талдомский
811,Георгиевский муниципальный округ
2082,Инжавинский муниципальный округ
42,Бирский муниципальный район
826,Александровский муниципальный округ
3012,Кусинский муниципальный район
1419,Задонский муниципальный район
1353,Частоозерский муниципальный округ
755,городской округ Оханский
393,Тетюшский муниципальный район
1278,муниципальный округ Лебяжский
1429,Чаплыгинский муниципальный район
1723,Мценский муниципальный район
1036,Руднянский муниципальный район
37,Балтачевский муниципальный район
1994,городской округ Красноуральск
43,Благоварский муниципальный район
1169,Шелеховский муниципальный район
52,Ермекеевский муниципальный район
2006,городской округ Ревда
1755,Нижнеломовский муниципальный район
1415,Добринский муниципальный район
2080,Жердевский муниципальный округ
1685,Грачёвский муниципальный район
349,Ирафский муниципальный район
2276,городской округ Верхнеуфалейский
361,Алькеевский муниципальный район
1760,Сосновоборский муниципальный район
1430,городской округ город Магадан
2272,Ульяновский муниципальный район
2164,городской округ город Тула
1208,Износковский муниципальный район
1771,муниципальный округ Красногородский
2011,городской округ Сухой Лог
433,муниципальный округ Каракулинский район
2057,Монастырщинский муниципальный район
572,Немецкий национальный муниципальный район
1763,Шемышейский муниципальный район
1209,Козельский муниципальный район
2093,Ржаксинский муниципальный округ
353,Пригородный муниципальный район
1856,Михайловский муниципальный район
1118,Ильинский муниципальный район
1540,Богородский муниципальный округ
1574,Шатковский муниципальный округ
1762,Тамалинский муниципальный район
1005,Суздальский муниципальный район
1591,муниципальный округ Солецкий
2168,городской округ город Ефремов
1422,Лебедянский муниципальный район
2324,Гаврилов-Ямский муниципальный район
2098,Токарёвский муниципальный округ
2266,Радищевский муниципальный район
1003,Собинский муниципальный район
1264,муниципальный округ Арбажский
1691,Матвеевский муниципальный район
1196,муниципальный округ Славский
1220,Ульяновский муниципальный район
822,Новоалександровский муниципальный округ
1463,городской округ Луховицы
384,Муслюмовский муниципальный район
447,муниципальный округ Ярский район
1923,Воскресенский муниципальный район
554,Советский муниципальный район
1921,Балтайский муниципальный район
1971,городской округ город Екатеринбург
1943,Романовский муниципальный район
2651,городской округ Одинцовский
1210,Куйбышевский муниципальный район
444,муниципальный округ Шарканский район
1740,Бессоновский муниципальный район
1205,Жиздринский муниципальный район
836,Новоселицкий муниципальный округ
817,Кировский муниципальный округ
1129,Тейковский муниципальный район
2088,Никифоровский муниципальный округ
2321,Большесельский муниципальный район
1566,Сергачский муниципальный округ
1480,городской округ Ступино
368,Бугульминский муниципальный район
1749,Лопатинский муниципальный район
1413,Грязинский муниципальный район
396,Черемшанский муниципальный район
756,городской округ Очерский
2327,Мышкинский муниципальный район
395,Тюлячинский муниципальный район
373,Елабужский муниципальный район
1500,городской округ Раменский
1215,Мосальский муниципальный район
304,Старошайговский муниципальный район
1002,Селивановский муниципальный район
1339,Звериноголовский муниципальный округ
1570,Тонкинский муниципальный округ
1427,Усманский муниципальный район
877,Константиновский муниципальный район
746,муниципальный округ Кишертский
283,Сернурский муниципальный район
1588,Парфинский муниципальный район
284,Советский муниципальный район
1786,муниципальный округ Пыталовский
1908,Челно-Вершинский муниципальный район
1757,Пачелмский муниципальный район
2069,Шумячский муниципальный район
1132,Южский муниципальный район
1223,Юхновский муниципальный район
2027,городской округ Бисертский
2189,Ясногорский муниципальный район
358,Аксубаевский муниципальный район
1896,Клявлинский муниципальный район
2046,Велижский муниципальный район
794,Надеждинский муниципальный район
805,Черниговский муниципальный округ
2130,муниципальный округ Молоковский
1453,городской округ Истра
2087,Мучкапский муниципальный округ
1855,Милославский муниципальный район
74,Татышлинский муниципальный район
1632,городской округ город Омск
1711,Верховский муниципальный район
498,Чебоксарский муниципальный округ
1529,городской округ Навашинский
438,муниципальный округ Малопургинский район
300,Краснослободский муниципальный район
1133,Юрьевецкий муниципальный район
1909,Шенталинский муниципальный район
1710,Болховский муниципальный район
2083,Кирсановский муниципальный округ
2184,Суворовский муниципальный район
377,Камско-Устьинский муниципальный район
838,Степновский муниципальный округ
388,Пестречинский муниципальный район
2268,Старокулаткинский муниципальный район
2085,Мордовский муниципальный округ
775,городской округ Владивостокский
1116,Заволжский муниципальный район
2267,Сенгилеевский муниципальный район
366,Бавлинский муниципальный район
195,городской округ Карачаевский
1746,Камешкирский муниципальный район
1117,Ивановский муниципальный район
390,Сабинский муниципальный район
1113,Вичугский муниципальный район
1534,городской округ город Первомайск
1425,Становлянский муниципальный район
2256,Вешкаймский муниципальный район
2065,Темкинский муниципальный район
546,Петропавловский муниципальный район
1197,муниципальный округ Черняховский
2273,Цильнинский муниципальный район
301,Лямбирский муниципальный район
1849,Ермишинский муниципальный район
1212,Малоярославецкий муниципальный район
82,Шаранский муниципальный район
1426,Тербунский муниципальный район
386,Новошешминский муниципальный район
307,Торбеевский муниципальный район
1528,городской округ город Кулебаки
1900,Нефтегорский муниципальный район
2049,Глинковский муниципальный район
287,Ардатовский муниципальный район
1859,Пронский муниципальный район
1543,Бутурлинский муниципальный округ
289,Атяшевский муниципальный район
370,Верхнеуслонский муниципальный район
2091,Пичаевский муниципальный округ
1949,Турковский муниципальный район
391,Сармановский муниципальный район
1420,Измалковский муниципальный район
1727,Покровский муниципальный район
293,Ельниковский муниципальный район
495,Порецкий муниципальный округ
1214,Мещовский муниципальный район
839,Труновский муниципальный округ
1221,Ферзиковский муниципальный район
1120,Комсомольский муниципальный район
748,городской округ Краснокамский
1555,Дивеевский муниципальный округ
1874,городской округ Самара
1850,Захаровский муниципальный район
376,Кайбицкий муниципальный район
1416,Добровский муниципальный район
4,Кошехабльский муниципальный район
174,Прохладненский муниципальный район
1568,Сосновский муниципальный округ
272,Волжский муниципальный район
499,Шемуршинский муниципальный округ
2188,Щекинский муниципальный район
2138,муниципальный округ Сонковский
224,городской округ Сыктывкар
1770,Дновский муниципальный район
1289,муниципальный округ Пижанский
1486,городской округ Шаховская
1567,Сеченовский муниципальный округ
2644,городской округ Серпухов
2122,муниципальный округ Кесовогорский
1295,Сунский муниципальный район
996,Киржачский муниципальный район
1713,Дмитровский муниципальный район
363,Апастовский муниципальный район
200,Малокарачаевский муниципальный район
367,Балтасинский муниципальный район
12,Майминский муниципальный район
1217,Спас-Деменский муниципальный район
1972,городской округ город Алапаевск
1860,Путятинский муниципальный округ
1851,Кадомский муниципальный район
1204,Думиничский муниципальный район
2100,Умётский муниципальный округ
1206,Жуковский муниципальный район
1124,Пестяковский муниципальный район
2264,Новоспасский муниципальный район
1563,Павловский муниципальный округ
1203,Дзержинский муниципальный район
1330,Сусанинский муниципальный район
819,Минераловодский муниципальный округ
2265,Павловский муниципальный район
1549,Володарский муниципальный округ
2254,Базарносызганский муниципальный район
2055,Кардымовский муниципальный район
2081,Знаменский муниципальный округ
296,Ичалковский муниципальный район
1007,городской округ город-герой Волгоград
553,муниципальный округ Суетский район
1186,муниципальный округ Гурьевский
1751,Малосердобинский муниципальный район
1789,Усвятский муниципальный район
2172,Белевский муниципальный район
1979,городской округ Верхняя Пышма
290,Большеберезниковский муниципальный район
2171,Арсеньевский муниципальный район
2078,Бондарский муниципальный округ
1785,Пушкиногорский муниципальный район
1947,Советский муниципальный район
2183,Плавский муниципальный район
1131,Шуйский муниципальный район
2067,Хиславичский муниципальный район
2182,Одоевский муниципальный район
1552,Гагинский муниципальный округ
1321,муниципальный район город Нерехта и Нерехтский район
3013,городской округ Солнечногорск
1548,Вознесенский муниципальный округ
795,Октябрьский муниципальный округ
1213,Медынский муниципальный район
2079,Гавриловский муниципальный округ
1891,Елховский муниципальный район
727,городской округ Пермский
2054,Ершичский муниципальный район
292,Дубенский муниципальный район
428,муниципальный округ Граховский район
308,Чамзинский муниципальный район
1127,Родниковский муниципальный район
281,Оршанский муниципальный район
1870,Ухоловский муниципальный район
2649,городской округ Щёлково
303,Рузаевский муниципальный район
1494,городской округ Лотошино
995,Камешковский муниципальный район
423,муниципальный округ Алнашский район
1715,Залегощенский муниципальный район
1194,муниципальный округ Полесский
2165,городской округ город Алексин
445,муниципальный округ Юкаменский район
2814,городской округ Пушкинский
1270,Вятскополянский муниципальный район
1496,городской округ Богородский
351,Моздокский муниципальный район
1869,Старожиловский муниципальный район
1559,Краснооктябрьский муниципальный округ
1854,Кораблинский муниципальный район
1977,городской округ Березовский
1862,Ряжский муниципальный округ
1189,муниципальный округ Краснознаменский
1216,Перемышльский муниципальный район
382,Менделеевский муниципальный район
2179,Кимовский муниципальный район
1201,Барятинский муниципальный район
1871,Чучковский муниципальный район
998,Кольчугинский муниципальный район
2094,Сампурский муниципальный округ
487,Ибресинский муниципальный округ
1423,Лев-Толстовский муниципальный район
429,муниципальный округ Дебёсский район
1207,Кировский муниципальный район
1195,муниципальный округ Правдинский
1728,Свердловский муниципальный район
2181,Куркинский муниципальный район
1541,Большеболдинский муниципальный округ
2222,городской округ город Нягань
2175,Воловский муниципальный район
1738,Бековский муниципальный район
1864,Сапожковский муниципальный район
21,городской округ город Уфа
2096,Староюрьевский муниципальный округ
1717,Колпнянский муниципальный район
295,Инсарский муниципальный район
2185,Тепло-Огаревский муниципальный район
1115,Гаврилово-Посадский муниципальный район
1211,Людиновский муниципальный район
1579,муниципальный округ Волотовский
1539,Балахнинский муниципальный округ
1546,Вачский муниципальный округ
675,городской округ город Лесосибирск
1741,Вадинский муниципальный район
1857,Александро-Невский муниципальный район
1417,Долгоруковский муниципальный район
1122,Лухский муниципальный район
670,городской округ город Дивногорск
504,городской округ город Барнаул
2647,Боровский муниципальный район
1449,городской округ Зарайск
1478,городской округ Серебряные Пруды
1200,Бабынинский муниципальный район
306,Теньгушевский муниципальный район
1183,муниципальный округ Багратионовский
783,городской округ Партизанский
1719,Кромской муниципальный район
276,Куженерский муниципальный район
501,Ядринский муниципальный округ
2180,Киреевский муниципальный район
365,Атнинский муниципальный район
1128,Савинский муниципальный район
1428,Хлевенский муниципальный район
1754,Неверкинский муниципальный район
1722,Малоархангельский муниципальный район
1893,Камышлинский муниципальный район
1484,городской округ Чехов
1185,муниципальный округ Гвардейский
2173,Богородицкий муниципальный район
1733,Шаблыкинский муниципальный район
280,Новоторъяльский муниципальный район
1130,Фурмановский муниципальный район
1744,Иссинский муниципальный район
500,Шумерлинский муниципальный округ
2169,городской округ город Новомосковск
1192,муниципальный округ Нестеровский
1232,городской округ Мысковский
928,Приволжский муниципальный район
1724,Новодеревеньковский муниципальный район
1121,Лежневский муниципальный район
1316,Красносельский муниципальный район
486,Вурнарский муниципальный округ
1731,Урицкий муниципальный район
2177,Заокский муниципальный район
1258,городской округ город Киров
204,Усть-Джегутинский муниципальный район
1136,городской округ город Братск
782,городской округ Находкинский
1991,городской округ Кировградский
1536,городской округ город Чкаловск
2287,городской округ Усть-Катавский
1530,городской округ Перевозский
1761,Спасский муниципальный район
890,городской округ город Архангельск
202,Прикубанский муниципальный район
494,Моргаушский муниципальный округ
485,Батыревский муниципальный округ
398,Ютазинский муниципальный район
1445,городской округ Домодедово
1126,Пучежский муниципальный район
181,Городовиковский муниципальный район
1421,Краснинский муниципальный район
2089,Первомайский муниципальный округ
288,Атюрьевский муниципальный район
282,Параньгинский муниципальный район
1732,Хотынецкий муниципальный район
1993,городской округ Краснотурьинск
436,муниципальный округ Киясовский район
1753,Наровчатский муниципальный район
1490,городской округ Воскресенск
1858,Пителинский муниципальный район
1412,Воловский муниципальный район
1714,Должанский муниципальный район
1672,городской округ город Новотроицк
25,городской округ город Нефтекамск
302,Ромодановский муниципальный район
2278,городской округ Карабашский
1125,Приволжский муниципальный район
2251,городской округ город Ульяновск
492,Красночетайский муниципальный округ
497,Цивильский муниципальный округ
354,городской округ город Казань
2280,городской округ Кыштымский
291,Большеигнатовский муниципальный район
5,Красногвардейский муниципальный район
2880,городской округ город Лабытнанги
2186,Узловский муниципальный район
1544,Вадский муниципальный округ
1219,Тарусский муниципальный район
2190,городской округ город Тюмень
1233,городской округ Новокузнецкий
1556,Княгининский муниципальный округ
1569,Спасский муниципальный округ
1123,Палехский муниципальный район
1886,Богатовский муниципальный район
1193,муниципальный округ Озерский
1730,Троснянский муниципальный район
2176,Дубенский муниципальный район
2879,городской округ город Губкинский
1523,городской округ город Нижний Новгород
1191,муниципальный округ Неманский
432,муниципальный округ Камбарский район
1725,Новосильский муниципальный район
2178,Каменский муниципальный район
489,Козловский муниципальный округ
1184,городской округ Балтийский
297,Кадошкинский муниципальный район
1974,городской округ Асбестовский
1198,городской округ город Калуга
1597,городской округ город Новосибирск
1542,Большемурашкинский муниципальный округ
502,Яльчикский муниципальный округ
493,Мариинско-Посадский муниципальный округ
176,Терский муниципальный район
496,Урмарский муниципальный округ
2001,городской округ Нижняя Салда
173,Майский муниципальный район
573,городской округ город Чита
348,Дигорский муниципальный район
1454,городской округ Кашира
1712,Глазуновский муниципальный район
3014,городской округ Павлово-Посадский
1471,городской округ Павловский Посад
2275,городской округ Челябинский
205,Хабезский муниципальный район
1718,Краснозоренский муниципальный район
2221,городской округ город Нижневартовск
1226,городской округ Беловский
3,Гиагинский муниципальный район
490,Комсомольский муниципальный округ
1187,городской округ Гусевский
2279,городской округ Копейский
1333,городской округ город Курган
1989,городской округ Волчанский
8,Теучежский муниципальный район
503,Янтиковский муниципальный округ
1467,городской округ Мытищи
1237,городской округ Тайгинский
1225,городской округ Анжеро-Судженский
2217,городской округ город Когалым
484,Аликовский муниципальный округ
491,Красноармейский муниципальный округ
1229,городской округ Киселевский
286,городской округ Саранск
666,городской округ город Красноярск
1990,городской округ Качканарский
7,Тахтамукайский муниципальный район
2227,городской округ город Урай
1883,городской округ Чапаевск
2144,городской округ город Томск
608,городской округ Петропавловск-Камчатский
352,Правобережный муниципальный район
418,городской округ город Ижевск
1224,городской округ Кемеровский
2228,городской округ город Югорск
2146,городской округ город Стрежевой
1877,городской округ Новокуйбышевск
177,Урванский муниципальный район
196,Абазинский муниципальный район
9,Шовгеновский муниципальный район
478,городской округ город Чебоксары
1845,городской округ город Рязань
197,Адыге-Хабльский муниципальный район
1880,городской округ Похвистнево
777,городской округ Артемовский
843,городской округ город Комсомольск-на-Амуре
1527,городской округ город Дзержинск
1410,городской округ город Липецк
2216,городской округ город Ханты-Мансийск
574,городской округ город Петровск-Забайкальский
986,городской округ город Владимир
450,городской округ город Саяногорск
680,городской округ город Шарыпово
1472,городской округ Подольск
2226,городской округ город Сургут
507,городской округ город Бийск
842,городской округ город Хабаровск
1671,городской округ город Медногорск
2225,городской округ город Радужный
1882,городской округ Тольятти
1134,городской округ город Иркутск
461,городской округ город Грозный
2193,городской округ город Тобольск
2281,городской округ Магнитогорский
1992,городской округ Верхний Тагил
780,городской округ Дальнереченский
23,городской округ город Кумертау
347,Ардонский муниципальный район
3008,городской округ Химки
1986,городской округ город Каменск-Уральский
1995,городской округ Красноуфимск
1982,городской округ Заречный
1997,городской округ Верхняя Тура
1439,городской округ Балашиха
206,городской округ Петрозаводский
1881,городской округ Сызрань
345,городской округ город Владикавказ
918,городской округ город Астрахань
2318,городской округ город Ярославль
1141,городской округ город Усть-Илимск
2253,городской округ город Новоульяновск
1506,городской округ город Мурманск
1236,городской округ Прокопьевский
1875,городской округ Жигулевск
1,городской округ город Майкоп
1459,городской округ Красногорск
2410,внутригородская территория города федерального значения город Кронштадт
28,городской округ город Сибай
355,городской округ город Набережные Челны
2044,городской округ город Смоленск
2481,внутригородская территория города федерального значения муниципальный округ Кунцево
201,Ногайский муниципальный район
3009,городской округ город Тамбов
809,городской округ город Ставрополь
1334,городской округ город Шадринск
1008,городской округ город Волжский
865,городской округ город Свободный
1303,городской округ город Кострома
1493,городской округ Ленинский
864,городской округ город Райчихинск
2220,городской округ город Нефтеюганск
2289,городской округ Южноуральский
1138,городской округ город Саянск
2297,Еманжелинский муниципальный район
1176,городской округ город Калининград
2007,городской округ Дегтярск
2101,городской округ город Тверь
2338,городской округ город Биробиджан
2591,внутригородская территория города федерального значения поселение Вороновское
1230,городской округ Ленинск-Кузнецкий
2303,Коркинский муниципальный округ
2601,внутригородская территория города федерального значения поселение Новофедоровское
1260,городской округ город Кирово-Чепецк
419,городской округ город Воткинск
2603,внутригородская территория города федерального значения поселение Роговское
892,городской округ Котлас
448,городской округ город Абакан
866,городской округ город Тында
2219,городской округ город Мегион
1575,городской округ Великий Новгород
667,городской округ город Ачинск
167,городской округ Нальчик
269,городской округ город Йошкар-Ола
168,городской округ Баксан
1227,городской округ Березовский
2320,городской округ город Рыбинск
987,городской округ город Гусь-Хрустальный
1228,городской округ Калтанский
2449,внутригородская территория города федерального значения поселок Шушары
1139,городской округ город Тулун
2252,городской округ город Димитровград
891,городской округ город Коряжма
2286,городской округ Троицкий
1465,городской округ Люберцы
1707,городской округ город Орёл
2241,городской округ город Муравленко
2223,городской округ город Покачи
1409,городской округ Сосновоборский
452,городской округ город Черногорск
824,городской округ город-курорт Пятигорск
2602,внутригородская территория города федерального значения поселение Первомайское
668,городской округ город Боготол
677,городской округ город Назарово
1107,городской округ Иваново
862,городской округ город Белогорск
1876,городской округ Кинель
2412,внутригородская территория города федерального значения город Сестрорецк
1180,городской округ Светловский
1488,городской округ Электросталь
2447,внутригородская территория города федерального значения город Пушкин
1009,городской округ город Камышин
2167,городской округ город Донской
29,городской округ город Стерлитамак
1985,городской округ город Ирбит
1667,городской округ город Бугуруслан
2593,внутригородская территория города федерального значения поселение Киевский
2876,городской округ город-курорт Кисловодск
506,городской округ город Белокуриха
26,городской округ город Октябрьский
2594,внутригородская территория города федерального значения поселение Кленовское
1142,городской округ город Черемхово
85,городской округ город Северобайкальск
676,городской округ город Минусинск
1764,городской округ город Псков
778,городской округ Большой Камень
160,городской округ город Назрань
2224,городской округ город Пыть-Ях
2607,внутригородская территория города федерального значения поселение Щаповское
1599,городской округ город Искитим
2648,городской округ Лосино-Петровский
868,городской округ рабочий поселок (поселок городского типа) Прогресс
1178,городской округ Мамоновский
509,городской округ город Новоалтайск
1234,городской округ Осинниковский
2596,внутригородская территория города федерального значения поселение Краснопахорское
1483,городской округ Черноголовка
114,городской округ город Кизляр
27,городской округ город Салават
1668,городской округ город Бузулук
422,городской округ город Сарапул
674,городской округ город Канск
2074,городской округ город Мичуринск
10,городской округ город Горно-Алтайск
1848,городской округ город Скопин
2465,внутригородская территория города федерального значения муниципальный округ Восточный
1598,городской округ город Бердск
813,городской округ город-курорт Железноводск
449,городской округ город Абаза
1143,городской округ город Свирск
2288,городской округ Чебаркульский
510,городской округ город Рубцовск
989,городской округ округ Муром
988,городской округ город Ковров
1980,городской округ Среднеуральск
1140,городской округ город Усолье-Сибирское
420,городской округ город Глазов
2409,внутригородская территория города федерального значения муниципальный округ Горелово
2392,внутригородская территория города федерального значения город Колпино
1238,городской округ Юргинский
2218,городской округ город Лангепас
508,городской округ город Заринск
2192,городской округ город Ишим
512,городской округ город Яровое
2363,внутригородская территория города федерального значения поселок Парголово
820,городской округ город Невинномысск
2426,внутригородская территория города федерального значения муниципальный округ Пулковский меридиан
270,городской округ город Волжск
2605,внутригородская территория города федерального значения поселение Сосенское
22,городской округ город Агидель
1878,городской округ Октябрьск
1446,городской округ Дубна
2020,городской округ Верхнее Дуброво
1262,городской округ город Слободской
1109,городской округ Кинешма
863,городской округ город Зея
2445,внутригородская территория города федерального значения город Петергоф
481,городской округ город Новочебоксарск
671,городской округ город Енисейск
505,городской округ город Алейск
916,городской округ город Нарьян-Мар
2597,внутригородская территория города федерального значения поселение Марушкинское
604,городской округ поселок Агинское
2108,городской округ город Торжок
1448,городской округ Жуковский
1012,городской округ город Фролово
1411,городской округ город Елец
2598,внутригородская территория города федерального значения поселение Михайлово-Ярцевское
194,городской округ Черкесский
1456,городской округ Королёв
1765,городской округ город Великие Луки
1235,городской округ Полысаевский
2422,внутригородская территория города федерального значения город Ломоносов
2592,внутригородская территория города федерального значения поселение Десеновское
1304,городской округ город Буй
2590,внутригородская территория города федерального значения поселение Воскресенское
2045,городской округ город Десногорск
479,городской округ город Алатырь
1879,городской округ Отрадный
2194,городской округ город Ялуторовск
1987,городской округ Камышловский
2599,внутригородская территория города федерального значения поселение Московский
2076,городской округ город Рассказово
1190,городской округ Светлогорский
1137,городской округ Зима
2437,внутригородская территория города федерального значения город Павловск
1261,городской округ город Котельнич
2646,городской округ город Обнинск
1181,городской округ Советский
1259,городской округ город Вятские Поляны
895,городской округ город Новодвинск
2033,городской округ Арамильский
1975,городской округ Малышевский
2362,внутригородская территория города федерального значения поселок Левашово
1308,городской округ город Шарья
169,городской округ Прохладный
812,городской округ город-курорт Ессентуки
2604,внутригородская территория города федерального значения поселение Рязановское
784,городской округ Спасск-Дальний
1112,городской округ Шуя
2377,внутригородская территория города федерального значения муниципальный округ Коломяги
2026,городской округ Верх-Нейвинский
1600,городской округ город Обь
2403,внутригородская территория города федерального значения город Красное Село
2606,внутригородская территория города федерального значения поселение Филимонковское
421,городской округ город Можга
1011,городской округ город Урюпинск
2411,внутригородская территория города федерального значения город Зеленогорск
669,городской округ город Бородино
867,городской округ город Шимановск
1461,городской округ Лобня
1846,городской округ город Касимов
2077,городской округ город Уварово
2568,внутригородская территория города федерального значения муниципальный округ Южное Бутово
776,городской округ Арсеньевский
1708,городской округ город Ливны
1847,городской округ город Сасово
1487,городской округ Электрогорск
818,городской округ город Лермонтов
1108,городской округ Вичуга
2589,внутригородская территория города федерального значения поселение Внуковское
1444,городской округ Долгопрудный
2472,внутригородская территория города федерального значения муниципальный округ Метрогородок
1306,городской округ город Галич
2402,внутригородская территория города федерального значения муниципальный округ Ржевка
2371,внутригородская территория города федерального значения муниципальный округ Лахта-Ольгино
111,городской округ город Избербаш
2344,городской округ Анадырь
2398,внутригородская территория города федерального значения муниципальный округ Полюстрово
113,городской округ город Кизилюрт
2482,внутригородская территория города федерального значения муниципальный округ Можайский
1709,городской округ город Мценск
2431,внутригородская территория города федерального значения муниципальный округ Рыбацкое
2569,внутригородская территория города федерального значения муниципальный округ Ясенево
2,городской округ город Адыгейск
2170,городской округ Славный
2532,внутригородская территория города федерального значения муниципальный округ Хорошево-Мневники
1111,городской округ Тейково
2073,городской округ город Котовск
1473,городской округ Протвино
482,городской округ город Шумерля
1464,городской округ Лыткарино
480,городской округ город Канаш
2370,внутригородская территория города федерального значения поселок Лисий Нос
1601,городской округ рабочий поселок Кольцово
2446,внутригородская территория города федерального значения поселок Стрельна
2416,внутригородская территория города федерального значения поселок Песочный
681,городской округ поселок Кедровый
2484,внутригородская территория города федерального значения муниципальный округ Очаково-Матвеевское
2394,внутригородская территория города федерального значения поселок Петро-Славянка
2466,внутригородская территория города федерального значения муниципальный округ Гольяново
2486,внутригородская территория города федерального значения муниципальный округ Раменки
2478,внутригородская территория города федерального значения муниципальный округ Внуково
1440,городской округ Бронницы
2075,городской округ город Моршанск
108,городской округ город Буйнакск
1305,городской округ город Волгореченск
2554,внутригородская территория города федерального значения муниципальный округ Печатники
1474,городской округ Пущино
679,городской округ город Сосновоборск
1443,городской округ Дзержинский
2531,внутригородская территория города федерального значения муниципальный округ Строгино
2550,внутригородская территория города федерального значения муниципальный округ Люблино
2504,внутригородская территория города федерального значения муниципальный округ Молжаниновский
2388,внутригородская территория города федерального значения муниципальный округ Автово
1182,городской округ Янтарный
2519,внутригородская территория города федерального значения муниципальный округ Останкинский
2587,внутригородская территория города федерального значения городской округ Троицк
2072,городской округ город Кирсанов
2570,внутригородская территория города федерального значения муниципальный округ Бирюлево Восточное
2382,внутригородская территория города федерального значения муниципальный округ Пискаревка
2501,внутригородская территория города федерального значения муниципальный округ Западное Дегунино
2469,внутригородская территория города федерального значения муниципальный округ Косино-Ухтомский
2491,внутригородская территория города федерального значения муниципальный округ Крюково
271,городской округ город Козьмодемьянск
2408,внутригородская территория города федерального значения муниципальный округ Константиновское
2546,внутригородская территория города федерального значения муниципальный округ Выхино-Жулебино
1457,городской округ Котельники
2488,внутригородская территория города федерального значения муниципальный округ Тропарево-Никулино
1912,городской округ город Шиханы
2529,внутригородская территория города федерального значения муниципальный округ Покровское-Стрешнево
2487,внутригородская территория города федерального значения муниципальный округ Солнцево
2450,внутригородская территория города федерального значения муниципальный округ Волковское
2376,внутригородская территория города федерального значения муниципальный округ Юнтолово
2489,внутригородская территория города федерального значения муниципальный округ Филевский парк
2526,внутригородская территория города федерального значения муниципальный округ Ярославский
1110,городской округ Кохма
2576,внутригородская территория города федерального значения муниципальный округ Москворечье-Сабурово
2480,внутригородская территория города федерального значения муниципальный округ Крылатское
2454,внутригородская территория города федерального значения муниципальный округ № 75
2166,городской округ рабочий поселок Новогуровский
2423,внутригородская территория города федерального значения муниципальный округ Московская застава
2595,внутригородская территория города федерального значения поселение Кокошкино
2391,внутригородская территория города федерального значения муниципальный округ Морские ворота
2524,внутригородская территория города федерального значения муниципальный округ Северный
2393,внутригородская территория города федерального значения поселок Металлострой
2473,внутригородская территория города федерального значения муниципальный округ Перово
2493,внутригородская территория города федерального значения муниципальный округ Силино
2528,внутригородская территория города федерального значения муниципальный округ Митино
2444,внутригородская территория города федерального значения муниципальный округ Чкаловское
2541,внутригородская территория города федерального значения муниципальный округ Пресненский
2578,внутригородская территория города федерального значения муниципальный округ Нагатинский затон
2463,внутригородская территория города федерального значения муниципальный округ Вешняки
1481,городской округ Фрязино
2527,внутригородская территория города федерального значения муниципальный округ Куркино
2369,внутригородская территория города федерального значения муниципальный округ Шувалово-Озерки
2581,внутригородская территория города федерального значения муниципальный округ Орехово-Борисово Южное
2552,внутригородская территория города федерального значения муниципальный округ Некрасовка
2462,внутригородская территория города федерального значения муниципальный округ Богородское
2544,внутригородская территория города федерального значения муниципальный округ Хамовники
2406,внутригородская территория города федерального значения муниципальный округ Сосновая поляна
2551,внутригородская территория города федерального значения муниципальный округ Марьино
2428,внутригородская территория города федерального значения муниципальный округ Невская застава
2424,внутригородская территория города федерального значения муниципальный округ Гагаринское
2573,внутригородская территория города федерального значения муниципальный округ Даниловский
2499,внутригородская территория города федерального значения муниципальный округ Головинский
2549,внутригородская территория города федерального значения муниципальный округ Лефортово
2543,внутригородская территория города федерального значения муниципальный округ Тверской
2380,внутригородская территория города федерального значения муниципальный округ Финляндский округ
2395,внутригородская территория города федерального значения поселок Понтонный
2468,внутригородская территория города федерального значения муниципальный округ Измайлово
2432,внутригородская территория города федерального значения муниципальный округ Народный
2427,внутригородская территория города федерального значения муниципальный округ Звездное
2566,внутригородская территория города федерального значения муниципальный округ Теплый Стан
2536,внутригородская территория города федерального значения муниципальный округ Басманный
2585,внутригородская территория города федерального значения муниципальный округ Чертаново Южное
2483,внутригородская территория города федерального значения муниципальный округ Ново-Переделкино
2479,внутригородская территория города федерального значения муниципальный округ Дорогомилово
2372,внутригородская территория города федерального значения муниципальный округ № 65
2368,внутригородская территория города федерального значения муниципальный округ Сергиевское
2588,внутригородская территория города федерального значения городской округ Щербинка
1179,городской округ Пионерский
2365,внутригородская территория города федерального значения муниципальный округ Светлановское
2565,внутригородская территория города федерального значения муниципальный округ Северное Бутово
2405,внутригородская территория города федерального значения муниципальный округ Южно-Приморский
1976,городской округ Рефтинский
2507,внутригородская территория города федерального значения муниципальный округ Тимирязевский
2476,внутригородская территория города федерального значения муниципальный округ Сокольники
2475,внутригородская территория города федерального значения муниципальный округ Соколиная гора
2564,внутригородская территория города федерального значения муниципальный округ Обручевский
2553,внутригородская территория города федерального значения муниципальный округ Нижегородский
2509,внутригородская территория города федерального значения муниципальный округ Хорошевский
2467,внутригородская территория города федерального значения муниципальный округ Ивановское
2503,внутригородская территория города федерального значения муниципальный округ Левобережный
2548,внутригородская территория города федерального значения муниципальный округ Кузьминки
2561,внутригородская территория города федерального значения муниципальный округ Коньково
2378,внутригородская территория города федерального значения муниципальный округ Гражданка
2520,внутригородская территория города федерального значения муниципальный округ Отрадное
2538,внутригородская территория города федерального значения муниципальное образование Савелки
2572,внутригородская территория города федерального значения муниципальный округ Братеево
2429,внутригородская территория города федерального значения муниципальный округ Ивановский
2389,внутригородская территория города федерального значения муниципальный округ Нарвский округ
2530,внутригородская территория города федерального значения муниципальный округ Северное Тушино
2547,внутригородская территория города федерального значения муниципальный округ Капотня
2502,внутригородская территория города федерального значения муниципальный округ Коптево
2436,внутригородская территория города федерального значения муниципальный округ Правобережный
2490,внутригородская территория города федерального значения муниципальный округ Фили-Давыдково
2571,внутригородская территория города федерального значения муниципальный округ Бирюлево Западное
2539,внутригородская территория города федерального значения муниципальный округ Красносельский
2397,внутригородская территория города федерального значения поселок Усть-Ижора
2357,внутригородская территория города федерального значения муниципальный округ № 7
2513,внутригородская территория города федерального значения муниципальный округ Бибирево
2364,внутригородская территория города федерального значения муниципальный округ Сампсониевское
2559,внутригородская территория города федерального значения муниципальный округ Гагаринский
2542,внутригородская территория города федерального значения муниципальный округ Таганский
2500,внутригородская территория города федерального значения муниципальный округ Дмитровский
2379,внутригородская территория города федерального значения муниципальный округ Академическое
2494,внутригородская территория города федерального значения муниципальный округ Аэропорт
2582,внутригородская территория города федерального значения муниципальный округ Царицыно
2545,внутригородская территория города федерального значения муниципальный округ Якиманка
158,городской округ город Магас
1475,городской округ Реутов
2580,внутригородская территория города федерального значения муниципальный округ Орехово-Борисово Северное
2375,внутригородская территория города федерального значения муниципальный округ Озеро Долгое
2600,"внутригородская территория города федерального значения поселение Мосрентген"""""
2400,внутригородская территория города федерального значения муниципальный округ Малая Охта
2577,внутригородская территория города федерального значения муниципальный округ Нагатино-Садовники
2401,внутригородская территория города федерального значения муниципальный округ Пороховые
2373,внутригородская территория города федерального значения муниципальный округ Ланское
2361,внутригородская территория города федерального значения муниципальный округ Остров Декабристов
2555,внутригородская территория города федерального значения муниципальный округ Рязанский
2508,внутригородская территория города федерального значения муниципальный округ Ховрино
2455,внутригородская территория города федерального значения муниципальный округ Балканский
2514,внутригородская территория города федерального значения муниципальный округ Бутырский
2492,внутригородская территория города федерального значения муниципальный округ Матушкино
2534,внутригородская территория города федерального значения муниципальный округ Южное Тушино
2387,внутригородская территория города федерального значения муниципальный округ Дачное
2558,внутригородская территория города федерального значения муниципальный округ Академический
2434,внутригородская территория города федерального значения муниципальный округ Невский округ
2359,внутригородская территория города федерального значения муниципальный округ Гавань
2533,внутригородская территория города федерального значения муниципальный округ Щукино
2366,внутригородская территория города федерального значения муниципальный округ Сосновское
2510,внутригородская территория города федерального значения муниципальный округ Алексеевский
2584,внутригородская территория города федерального значения муниципальный округ Чертаново Центральное
2367,внутригородская территория города федерального значения муниципальный округ № 15
2459,внутригородская территория города федерального значения муниципальный округ Смольнинское
2567,внутригородская территория города федерального значения муниципальный округ Черемушки
2574,внутригородская территория города федерального значения муниципальный округ Донской
2516,внутригородская территория города федерального значения муниципальный округ Лосиноостровский
2430,внутригородская территория города федерального значения муниципальный округ Обуховский
2515,внутригородская территория города федерального значения муниципальный округ Лианозово
2470,внутригородская территория города федерального значения муниципальный округ Новогиреево
2425,внутригородская территория города федерального значения муниципальный округ Новоизмайловское
2556,внутригородская территория города федерального значения муниципальный округ Текстильщики
2386,внутригородская территория города федерального значения муниципальный округ Ульянка
2523,внутригородская территория города федерального значения муниципальный округ Северное Медведково
2512,внутригородская территория города федерального значения муниципальный округ Бабушкинский
2498,внутригородская территория города федерального значения муниципальный округ Восточное Дегунино
2557,внутригородская территория города федерального значения муниципальный округ Южнопортовый
2485,внутригородская территория города федерального значения муниципальный округ Проспект Вернадского
2496,внутригородская территория города федерального значения муниципальный округ Бескудниковский
2583,внутригородская территория города федерального значения муниципальный округ Чертаново Северное
2360,внутригородская территория города федерального значения муниципальный округ Морской
2497,внутригородская территория города федерального значения муниципальный округ Войковский
2399,внутригородская территория города федерального значения муниципальный округ Большая Охта
2374,внутригородская территория города федерального значения муниципальный округ Комендантский аэродром
2477,внутригородская территория города федерального значения муниципальный округ Преображенское
2518,внутригородская территория города федерального значения муниципальный округ Марьина роща
2433,внутригородская территория города федерального значения муниципальный округ № 54
2443,внутригородская территория города федерального значения муниципальный округ округ Петровский
2407,внутригородская территория города федерального значения муниципальный округ Урицк
2540,внутригородская территория города федерального значения муниципальный округ Мещанский
2560,внутригородская территория города федерального значения муниципальный округ Зюзино
2586,внутригородская территория города федерального значения муниципальный округ Старое Крюково
2579,внутригородская территория города федерального значения муниципальный округ Нагорный
2385,внутригородская территория города федерального значения муниципальный округ Княжево
2384,внутригородская территория города федерального значения муниципальный округ Прометей
2474,внутригородская территория города федерального значения муниципальный округ Северное Измайлово
2451,внутригородская территория города федерального значения муниципальный округ № 72
2522,внутригородская территория города федерального значения муниципальный округ Свиблово
2453,внутригородская территория города федерального значения муниципальный округ Георгиевский
2537,внутригородская территория города федерального значения муниципальный округ Замоскворечье
2525,внутригородская территория города федерального значения муниципальный округ Южное Медведково
2562,внутригородская территория города федерального значения муниципальный округ Котловка
2495,внутригородская территория города федерального значения муниципальный округ Беговой
2471,внутригородская территория города федерального значения муниципальный округ Новокосино
2563,внутригородская территория города федерального значения муниципальный округ Ломоносовский
2575,внутригородская территория города федерального значения муниципальный округ Зябликово
2390,внутригородская территория города федерального значения муниципальный округ Красненькая речка
2381,внутригородская территория города федерального значения муниципальный округ № 21
2383,внутригородская территория города федерального значения муниципальный округ Северный
2358,внутригородская территория города федерального значения муниципальный округ Васильевский
2517,внутригородская территория города федерального значения муниципальный округ Марфино
2460,внутригородская территория города федерального значения муниципальный округ Лиговка-Ямская
2521,внутригородская территория города федерального значения муниципальный округ Ростокино
2404,внутригородская территория города федерального значения муниципальный округ Юго-Запад
2452,внутригородская территория города федерального значения муниципальный округ Купчино
2356,внутригородская территория города федерального значения муниципальный округ Екатерингофский
2506,внутригородская территория города федерального значения муниципальный округ Сокол
2355,внутригородская территория города федерального значения муниципальный округ Измайловское
2351,внутригородская территория города федерального значения муниципальный округ Коломна
2511,внутригородская территория города федерального значения муниципальный округ Алтуфьевский
2442,внутригородская территория города федерального значения муниципальный округ Аптекарский остров
2353,внутригородская территория города федерального значения муниципальный округ Адмиралтейский округ
2464,внутригородская территория города федерального значения муниципальный округ Восточное Измайлово
2435,внутригородская территория города федерального значения муниципальный округ Оккервиль
2505,внутригородская территория города федерального значения муниципальный округ Савеловский
2456,внутригородская территория города федерального значения муниципальный округ Дворцовый округ
2441,внутригородская территория города федерального значения муниципальный округ Посадский
2440,внутригородская территория города федерального значения муниципальный округ Кронверкское
2535,внутригородская территория города федерального значения муниципальный округ Арбат
2461,внутригородская территория города федерального значения муниципальный округ Владимирский округ
2458,внутригородская территория города федерального значения муниципальный округ Литейный округ
2354,внутригородская территория города федерального значения муниципальный округ Семеновский
2352,внутригородская территория города федерального значения муниципальный округ Сенной округ
2457,внутригородская территория города федерального значения муниципальный округ № 78
2439,внутригородская территория города федерального значения муниципальный округ Введенский
