cluster,n_mo,fill_price,fill_real,mean_salary,cluster_name
0,5,114.2,76.8,50798.5,Майкоп — Майкопский — Кошехабльский
1,3,114.2,99.4,65761.2,Тахтамукайский — Теучежский — Адыгейск
2,1,114.2,73.9,48849.1,Красногвардейский
3,2,96.7,94.2,73525.5,Горно-Алтайск — Майминский
4,1,96.7,90.5,70732.2,Кош-Агачский
5,1,96.7,59.9,46742.2,Онгудайский
6,1,96.7,73.9,57696.8,Турочакский
7,1,96.7,81.0,63315.0,Улаганский
8,1,96.7,58.0,45304.0,Усть-Канский
9,1,96.7,61.1,47699.6,Усть-Коксинский
10,1,96.7,83.6,65317.7,Чемальский
11,1,96.7,71.4,55749.4,Чойский
12,1,96.7,65.2,50870.5,Шебалинский
13,5,110.2,105.7,72452.8,Уфа — Уфимский — Иглинский
14,13,110.7,91.9,62748.3,Ижевск — Нефтекамск — Сарапул
15,8,110.2,87.7,60096.3,Стерлитамак — Салават — Ишимбайский
16,11,113.4,105.1,69923.0,Альметьевский — Туймазинский — Октябрьский
17,3,111.0,73.7,50198.8,Сибай — Баймакский — Кизильский
18,3,111.7,95.5,64487.2,Магнитогорский — Абзелиловский — Агаповский
19,4,110.2,83.4,57178.0,Чишминский — Давлекановский — Альшеевский
20,2,110.2,74.9,51354.4,Кармаскалинский — Архангельский
21,1,110.2,70.0,47944.1,Аскинский
22,1,110.2,63.4,43414.8,Бакалинский
23,5,106.7,88.8,62881.7,Чернушинский — Куединский — Татышлинский
24,4,112.2,85.0,57201.3,Белебеевский — Абдулинский — Ермекеевский
25,2,110.2,68.9,47272.6,Белокатайский — Кигинский
26,1,110.2,83.5,57286.0,Белорецкий
27,6,111.5,70.3,47589.8,Миякинский — Бижбулякский — Шарлыкский
28,2,110.2,69.9,47927.7,Бирский — Мишкинский
29,1,110.2,76.4,52308.9,Буздякский
30,1,110.2,55.3,37911.8,Бурзянский
31,1,110.2,70.1,48074.0,Гафурийский
32,4,111.4,78.6,53339.6,Дуванский — Катав-Ивановский — Усть-Катавский
33,4,110.2,81.8,56088.1,Дюртюлинский — Илишевский — Чекмагушевский
34,2,112.2,63.7,42914.2,Зианчуринский — Тюльганский
35,1,110.2,67.0,45957.4,Зилаирский
36,1,110.2,65.0,44545.4,Караидельский
37,1,110.2,69.0,47305.4,Кугарчинский
38,1,110.2,66.5,45561.3,Мечетлинский
39,1,110.2,119.2,81713.4,Учалинский
40,1,110.2,115.5,79129.2,Хайбуллинский
41,1,110.2,90.9,62296.6,Янаульский
42,1,101.3,147.2,109723.6,Северобайкальск
43,1,101.3,78.6,58586.3,Баргузинский
44,1,101.3,155.3,115788.5,Баунтовский эвенкийский
45,1,101.3,93.0,69334.3,Бичурский
46,1,101.3,69.8,52038.8,Джидинский
47,1,101.3,151.0,112586.5,Еравнинский
48,1,101.3,84.0,62641.5,Заиграевский
49,1,101.3,63.9,47674.7,Закаменский
50,1,101.3,77.7,57922.7,Иволгинский
51,1,101.3,84.1,62687.6,Кабанский
52,1,101.3,67.5,50322.7,Кижингинский
53,1,101.3,81.2,60544.8,Курумканский
54,1,101.3,81.5,60799.6,Кяхтинский
55,1,101.3,182.3,135925.1,Муйский
56,1,101.3,105.3,78466.8,Мухоршибирский
57,1,101.3,120.9,90079.6,Окинский
58,1,101.3,80.1,59712.6,Прибайкальский
59,1,101.3,147.3,109845.1,Северо-Байкальский
60,1,101.3,95.4,71174.6,Селенгинский
61,1,101.3,76.0,56676.4,Тарбагатайский
62,1,101.3,71.2,53093.9,Тункинский
63,1,101.3,70.0,52188.8,Хоринский
64,2,112.3,63.6,42793.0,Махачкала — Буйнакск
65,1,112.3,53.7,36083.0,Избербаш
66,1,112.3,56.2,37740.2,Кизилюрт
67,1,112.3,66.5,44740.1,Кизляр
68,1,112.9,82.3,55062.9,Магас
69,1,112.9,54.3,36347.7,Назрань
70,25,107.0,67.4,47818.7,Владикавказ — Пятигорск — Нальчик
71,1,106.5,69.3,49134.7,Эльбрусский
72,2,111.9,53.2,35847.1,Яшалтинский — овиковский
73,1,111.9,58.1,39218.1,Лаганский
74,2,111.9,59.7,40291.7,Сарпинский — Малодербетовский
75,1,111.9,68.8,46467.4,Октябрьский
76,1,111.9,68.6,46291.2,Целинный
77,1,111.9,91.2,61590.9,Черноземельский
78,2,114.0,85.0,56105.4,Енотаевский — Юстинский
79,1,111.9,72.2,48712.0,Яшкульский
80,12,108.5,71.1,49710.1,Невинномысск — Черкесский — Кочубеевский
81,3,95.1,98.5,78220.3,Петрозаводский — Прионежский — Пряжинский
82,1,95.1,142.2,112900.5,Костомукшский
83,1,95.1,108.4,86078.3,Беломорский
84,1,95.1,88.2,70023.1,Калевальский
85,1,95.1,124.7,99031.2,Кемский
86,1,95.1,91.9,72960.2,Кондопожский
87,2,95.1,88.0,69832.9,Сортавальский — Лахденпохский
88,1,95.1,124.3,98732.7,Лоухский
89,1,95.1,94.6,75138.7,Медвежьегорский
90,1,95.1,74.1,58821.0,Муезерский
91,1,95.1,76.4,60626.4,Олонецкий
92,1,95.1,89.9,71373.2,Питкярантский
93,1,95.1,84.3,66905.8,Пудожский
94,1,95.1,99.7,79173.2,Сегежский
95,1,95.1,94.1,74690.2,Суоярвский
96,3,93.7,87.3,70332.3,Сыктывкар — Сыктывдинский — Корткеросский
97,1,93.7,150.4,121203.1,Воркута
98,1,93.7,138.3,111490.6,Вуктыл
99,1,93.7,119.7,96563.9,Инта
100,1,93.7,171.4,138116.7,Усинск
101,2,93.7,114.6,92391.1,Ухта — Сосногорск
102,1,93.7,88.6,71478.0,Ижемский
103,1,93.7,104.2,83973.8,Княжпогостский
104,1,93.7,82.2,66260.9,Койгородский
105,1,93.7,133.1,107336.0,Печора
106,1,93.7,81.9,66032.3,Прилузский
107,1,93.7,76.5,61634.9,Сысольский
108,1,93.7,76.3,61461.9,Троицко-Печорский
109,1,93.7,79.2,63791.4,Удорский
110,1,93.7,90.3,72808.3,Усть-Вымский
111,1,93.7,76.4,61561.6,Усть-Куломский
112,1,93.7,84.6,68239.7,Усть-Цилемский
113,16,111.8,68.9,46497.8,Йошкар-Ола — Медведевский — Советский
114,51,114.4,83.3,55046.7,Казань — Ульяновск — Чебоксары
115,2,113.0,72.6,48541.8,Козьмодемьянск — Горномарийский
116,2,111.6,62.4,42220.2,Килемарский — Санчурский
117,1,113.0,67.5,45105.3,Моркинский
118,1,113.0,68.0,45485.1,Юринский
119,47,107.7,79.7,55980.9,Нижний Новгород — Саранск — Дзержинск
120,8,115.3,72.5,47717.5,Зубово-Полянский — Краснослободский — Торбеевский
121,7,116.4,81.6,52941.8,Ковылкинский — Нижнеломовский — Башмаковский
122,1,116.9,69.9,45192.2,Старошайговский
123,4,108.9,65.1,45170.6,Вознесенский — Теньгушевский — Кадомский
124,2,78.8,109.6,105060.9,Якутск — Мегино-Кангаласский
125,1,78.8,115.0,110217.6,Абыйский
126,1,78.8,145.7,139656.8,Алданский
127,1,78.8,129.1,123718.0,Аллаиховский
128,1,78.8,86.4,82805.1,Амгинский
129,1,78.8,193.5,185480.4,Анабарский национальный (долгано-эвенкийский)
130,1,78.8,152.4,146103.6,Булунский
131,1,78.8,89.0,85335.1,Верхневилюйский
132,1,78.8,125.0,119812.6,Верхнеколымский
133,1,78.8,130.7,125194.5,Верхоянский
134,1,78.8,99.2,95056.9,Вилюйский
135,1,78.8,89.3,85549.4,Горный
136,1,78.8,98.0,93988.0,Жиганский
137,1,78.8,103.5,99222.2,Кобяйский
138,1,78.8,124.0,118883.9,Нюрбинский
139,1,78.8,157.1,150610.1,Ленский
140,1,78.8,174.9,167695.2,Мирнинский
141,1,78.8,105.4,100951.0,Момский
142,1,78.8,87.9,84208.6,Намский
143,1,78.8,168.3,161347.5,Нерюнгринский
144,1,78.8,126.7,121451.5,Нижнеколымский
145,1,78.8,202.0,193572.2,Оймяконский
146,1,78.8,142.4,136467.8,Олекминский
147,1,78.8,170.1,163066.6,Оленекский эвенкийский национальный
148,1,78.8,99.4,95283.9,Среднеколымский
149,1,78.8,87.2,83598.4,Сунтарский
150,1,78.8,90.9,87074.5,Таттинский
151,1,78.8,135.9,130182.5,Томпонский
152,1,78.8,86.3,82703.3,Усть-Алданский
153,1,78.8,143.0,137080.0,Усть-Майский
154,1,78.8,132.0,126513.3,Усть-Янский
155,1,78.8,91.6,87875.4,Хангаласский
156,1,78.8,84.6,81064.2,Чурапчинский
157,1,78.8,91.2,87366.1,Эвено-Бытантайский национальный
158,1,114.9,81.6,53656.7,Моздокский
159,16,111.7,93.9,63196.4,Набережные Челны — Нижнекамский — Елабужский
160,1,114.6,86.4,56984.5,Аксубаевский
161,1,114.6,95.5,62934.9,Актанышский
162,4,114.6,111.9,73748.2,Лаишевский — Чистопольский — Алексеевский
163,1,114.6,86.8,57182.1,Алькеевский
164,1,114.6,276.5,182259.8,Верхнеуслонский
165,1,114.6,98.8,65096.3,Мамадышский
166,1,114.6,86.5,57040.1,Мензелинский
167,1,114.6,88.5,58339.2,Муслюмовский
168,1,114.6,142.0,93598.9,Новошешминский
169,19,109.9,88.9,61033.6,Самара — Волжский — Новокуйбышевск
170,1,114.6,84.6,55706.6,Спасский
171,2,108.2,68.2,47568.3,Барун-Хемчикский — Бай-Тайгинский
172,2,108.2,70.4,49128.0,Дзун-Хемчикский — Сут-Хольский
173,1,108.2,85.8,59905.0,Каа-Хемский
174,1,108.2,88.2,61583.4,Кызылский
175,1,108.2,90.1,62886.8,Пий-Хемский
176,1,108.2,79.9,55744.8,Тандинский
177,1,108.2,138.5,96701.2,Тоджинский
178,1,108.2,74.5,52073.1,Улуг-Хемский
179,1,108.2,74.4,51951.6,Чеди-Хольский
180,12,109.7,82.7,57061.3,Воткинск — Чайковский — Глазов
181,1,110.4,88.3,60435.8,Каракулинский район
182,5,99.5,93.6,71015.1,Абакан — Минусинск — Черногорск
183,2,100.2,80.9,60950.4,Таштыпский — Абаза
184,2,100.2,102.0,76889.8,Саяногорск — Бейский
185,1,100.2,99.3,74830.8,Сорск
186,1,100.2,64.9,48923.9,Боградский
187,2,98.6,77.4,59539.8,Ужурский — Орджоникидзевский
188,1,100.2,82.8,62412.6,Ширинский
189,1,109.7,76.6,52751.8,Грозный
190,3,100.1,82.7,62392.7,Барнаул — Новоалтайск — Первомайский
191,2,100.1,68.1,51389.7,Алейск — Алейский
192,9,100.1,68.4,51620.9,Бийск — Бийский — Алтайский
193,2,100.1,71.5,53938.4,Заринск — Залесовский
194,2,100.1,62.4,47000.4,Рубцовск — Егорьевский
195,6,100.1,61.4,46299.4,Славгород — Кулундинский — Яровое
196,1,100.1,59.4,44787.8,Баевский
197,2,100.1,63.2,47613.4,Благовещенский — Родинский
198,1,100.1,57.6,43452.0,Бурлинский
199,1,100.1,57.4,43273.5,Быстроистокский
200,1,100.1,57.4,43276.0,Волчихинский
201,1,100.1,52.5,39602.1,Ельцовский
202,3,100.1,59.9,45190.3,Мамонтовский — Завьяловский — Романовский
203,3,100.1,71.7,54091.3,Локтевский — Змеиногорский — Третьяковский
204,1,100.1,71.0,53572.0,Калманский
205,2,100.1,57.2,43186.1,Каменский — Крутихинский
206,1,100.1,54.3,40918.0,Красногорский
207,2,100.1,69.1,52099.2,Краснощёковский — Курьинский
208,2,100.1,63.0,47447.1,Кытмановский — Тогульский
209,1,100.1,58.6,44209.9,Михайловский
210,3,100.1,61.7,46488.7,Шипуновский — Поспелихинский — Новичихинский
211,2,100.1,70.2,52943.6,Павловский — Шелаболихинский
212,1,100.1,64.5,48668.0,Панкрушихинский
213,1,100.1,69.9,52754.2,Петропавловский
214,1,100.1,56.9,42923.1,Ребрихинский
215,1,100.1,75.1,56623.9,Суетский район
216,1,100.1,52.3,39451.3,Солонешенский
217,1,100.1,52.0,39208.8,Солтонский
218,1,100.1,68.7,51789.1,Тальменский
219,1,100.1,65.5,49388.8,Топчихинский
220,1,100.1,53.5,40369.9,Тюменцевский
221,1,100.1,56.4,42524.8,Угловский
222,2,100.1,57.6,43371.4,Усть-Калманский — Усть-Пристанский
223,1,100.1,58.9,44449.2,Хабарский
224,1,100.1,70.4,53093.3,Целинный
225,1,100.1,50.5,38052.2,Чарышский район
226,1,99.0,118.9,90678.2,Чита
227,2,99.0,89.9,68616.4,Петровск-Забайкальский — Петровск-Забайкальский
228,1,99.0,78.2,59704.3,Акшинский
229,1,99.0,78.2,59704.3,Александрово-Заводский
230,1,99.0,108.3,82657.8,Балейский
231,1,99.0,99.2,75712.2,Борзинский
232,1,99.0,179.1,136668.3,Газимуро-Заводский
233,1,99.0,122.9,93748.4,Забайкальский
234,1,99.0,250.6,191191.8,Каларский
235,1,99.0,150.9,115097.7,Калганский
236,1,99.0,103.9,79219.7,Карымский
237,1,99.0,101.6,77474.7,Краснокаменск и Краснокаменский район
238,1,99.0,94.6,72216.5,Красночикойский
239,1,99.0,107.6,82082.5,Кыринский
240,1,99.0,149.8,114246.8,Могочинский
241,1,99.0,89.0,67910.7,Нерчинский
242,1,99.0,78.2,59704.3,Нерчинско-Заводский
243,1,99.0,95.5,72903.8,Оловяннинский
244,1,99.0,66.3,50639.5,Ононский
245,1,99.0,80.7,61588.3,Приаргунский
246,1,99.0,123.3,94046.2,Сретенский
247,1,99.0,78.2,59704.3,Тунгокоченский
248,1,99.0,84.4,64435.7,Улётовский
249,1,99.0,104.0,79406.6,Хилокский
250,1,99.0,127.5,97270.4,Чернышевский
251,1,99.0,84.7,64652.2,Читинский
252,1,99.0,80.4,61345.5,Шелопугинский
253,1,99.0,97.7,74550.7,Шилкинский
254,3,99.0,74.0,56396.9,Могойтуйский — Агинское — Агинский
255,1,99.0,81.6,62244.6,Дульдургинский
256,7,80.4,131.6,127532.5,Владивостокский — Петропавловск-Камчатский — Артемовский
257,1,65.8,144.1,165450.4,Быстринский
258,1,65.8,88.6,101695.1,Мильковский
259,1,65.8,204.7,234953.9,Соболевский
260,1,65.8,139.6,160217.1,Усть-Большерецкий
261,1,65.8,94.2,108107.0,Усть-Камчатский
262,1,65.8,52.0,59704.3,Карагинский
263,1,65.8,155.9,178982.8,Олюторский
264,1,65.8,100.7,115673.1,Тигильский
265,6,96.9,101.6,79237.1,Красноярск — Емельяновский — Сосновоборск
266,5,96.9,94.6,73789.8,Ачинск — Назарово — Назаровский
267,2,96.9,87.1,67882.6,Боготол — Тюхтетский
268,4,96.9,88.8,69208.4,Рыбинский — Уярский — Бородино
269,3,96.9,96.6,75312.2,Лесосибирск — Енисейский — Енисейск
270,3,96.9,86.1,67129.1,Канск — Нижнеингашский — Иланский
271,1,96.9,234.6,182860.4,Норильск
272,2,96.9,87.6,68316.4,Шарыпово — Шарыповский
273,1,96.9,73.4,57179.1,Абанский
274,1,96.9,83.8,65358.9,Балахтинский
275,1,96.9,111.0,86545.7,Богучанский
276,1,96.9,79.8,62263.9,Большемуртинский
277,1,96.9,73.6,57387.7,Дзержинский
278,2,96.9,74.4,57952.0,Шушенский — Ермаковский
279,2,96.9,69.6,54261.9,Краснотуранский — Идринский
280,1,96.9,96.9,75513.9,Ирбейский
281,1,96.9,73.5,57344.0,Казачинский
282,1,96.9,77.9,60723.7,Каратузский
283,1,96.9,124.0,96691.5,Кежемский
284,1,96.9,85.1,66336.4,Козульский
285,1,96.9,79.3,61814.0,Курагинский
286,1,96.9,72.7,56676.4,Манский
287,1,96.9,128.9,100468.3,Мотыгинский
288,1,96.9,75.3,58707.4,Новоселовский
289,1,96.9,75.5,58840.6,Пировский
290,1,96.9,72.5,56506.0,Саянский
291,1,96.9,197.8,154150.8,Северо-Енисейский
292,1,96.9,76.0,59181.9,Сухобузимский
293,1,96.9,208.9,162835.1,Таймырский Долгано-Ненецкий
294,1,96.9,72.3,56323.3,Тасеевский
295,1,96.9,195.7,152563.2,Туруханский
296,1,96.9,170.9,133246.0,Эвенкийский
297,9,101.5,83.1,61836.0,Пермский — Пермский — Краснокамский
298,3,101.5,84.5,62927.8,Чусовской — Лысьвенский — Горнозаводский
299,3,101.5,79.7,59274.1,Губахинский — Александровский — Кизел
300,2,101.5,88.6,65960.9,Осинский — Бардымский
301,5,101.5,78.1,58166.0,Кунгурский — Суксунский — Ординский
302,1,101.5,110.0,81849.5,Добрянский
303,1,101.5,65.6,48798.7,Еловский
304,1,101.5,69.4,51646.9,Ильинский
305,1,101.5,70.3,52325.2,Красновишерский
306,1,101.5,81.7,60795.1,Октябрьский
307,1,101.5,63.7,47448.6,Оханский
308,1,101.5,70.6,52556.1,Уинский
309,1,101.5,78.3,58265.8,Частинский
310,1,101.5,65.5,48749.8,Чердынский
311,1,101.5,82.2,61144.0,Гайнский
312,1,101.5,78.8,58600.5,Косинский
313,4,101.5,70.7,52619.1,Кудымкарский — Юсьвинский — Кочевский
314,3,86.3,90.9,79546.9,Арсеньевский — Яковлевский — Анучинский
315,1,86.3,84.3,73819.2,Дальнегорский
316,2,86.3,82.2,71969.8,Дальнереченский — Дальнереченский
317,2,86.3,85.5,74859.9,Лесозаводский — Кировский
318,3,86.3,100.0,87567.3,Находкинский — Партизанский — Партизанский
319,5,86.3,82.1,71842.7,Спасск-Дальний — Черниговский — Хорольский
320,3,86.3,85.9,75145.8,Уссурийский — Михайловский — Октябрьский
321,1,86.3,83.3,72875.1,Кавалеровский
322,1,86.3,95.8,83864.8,Красноармейский
323,1,86.3,108.5,94966.2,Лазовский
324,1,86.3,93.0,81391.7,Ольгинский
325,1,86.3,81.2,71071.9,Пограничный
326,1,86.3,113.3,99163.1,Пожарский
327,1,86.3,89.0,77899.6,Тернейский
328,1,86.3,92.9,81322.3,Хасанский
329,1,86.3,73.8,64568.9,Чугуевский
330,6,101.5,74.7,55577.1,Ставрополь — Шпаковский — Изобильненский
331,1,101.5,59.3,44098.5,Благодарненский
332,2,101.5,56.5,42081.1,Ипатовский — Апанасенковский
333,3,101.5,66.1,49195.7,Будённовский — Нефтекумский — Левокумский
334,2,101.5,70.0,52113.1,Новоалександровский — Красногвардейский
335,2,101.5,60.4,44976.2,Александровский — Новоселицкий
336,1,101.5,63.3,47160.6,Андроповский
337,1,101.5,59.0,43853.2,Арзгирский
338,2,101.5,62.2,46257.7,Курский — Степновский
339,1,101.5,58.6,43555.6,Туркменский
340,2,85.7,106.8,94077.8,Хабаровск — Хабаровский
341,3,85.7,108.3,95406.4,Комсомольск-на-Амуре — Комсомольский — Солнечный
342,1,85.7,105.8,93168.1,Амурский
343,1,85.7,81.1,71458.5,Бикинский
344,4,84.4,119.5,106934.5,Советско-Гаванский — Ванинский — Холмский
345,1,85.7,148.9,131180.9,Верхнебуреинский
346,1,85.7,68.6,60401.3,Вяземский
347,1,85.7,71.4,62910.4,имени Лазо
348,1,85.7,111.2,98058.1,Нанайский
349,1,85.7,126.4,111410.9,Николаевский
350,1,85.7,145.4,128142.3,Охотский
351,1,85.7,180.1,158798.8,имени Полины Осипенко
352,1,85.7,154.1,135771.6,Тугуро-Чумиканский
353,1,85.7,94.6,83409.1,Ульчский
354,1,95.3,109.2,86576.5,Белогорск
355,1,95.3,126.4,100191.8,Зея
356,1,95.3,81.3,64430.9,Райчихинск
357,1,95.3,149.6,118579.7,Свободный
358,1,95.3,161.8,128264.9,Тында
359,1,95.3,93.8,74312.0,Шимановск
360,1,95.3,89.2,70704.7,(поселок городского типа) Прогресс
361,1,95.3,108.7,86158.0,Архаринский
362,2,95.3,82.2,65121.6,Серышевский — Белогорский
363,2,95.3,88.8,70389.1,Благовещенский — Ивановский
364,1,95.3,120.3,95304.5,Бурейский
365,1,95.3,90.7,71923.9,Завитинский
366,1,95.3,160.0,126833.2,Зейский
367,1,95.3,86.2,68337.8,Константиновский
368,1,95.3,150.4,119224.4,Магдагачинский
369,1,95.3,83.1,65854.3,Мазановский
370,1,95.3,89.2,70692.2,Михайловский
371,1,95.3,94.5,74927.2,Октябрьский
372,1,95.3,76.9,60963.8,Ромненский
373,1,95.3,287.0,227512.1,Свободненский
374,1,95.3,162.9,129060.5,Селемджинский
375,1,95.3,135.5,107406.7,Сковородинский
376,1,95.3,89.7,71069.5,Тамбовский
377,1,95.3,179.4,142195.3,Тындинский
378,1,95.3,156.2,123760.6,Шимановский
379,4,91.0,105.7,87723.2,Архангельск — Северодвинск — Приморский
380,3,91.0,98.9,82078.6,Котлас — Коряжма — Котласский
381,2,93.6,75.4,61108.7,Вельский — Верховажский
382,1,91.0,78.6,65286.4,Верхнетоемский
383,1,91.0,76.8,63714.0,Вилегодский
384,1,91.0,78.2,64888.9,Виноградовский
385,1,91.0,72.0,59758.9,Каргопольский
386,1,91.0,88.8,73751.9,Коношский
387,1,91.0,79.9,66348.3,Красноборский
388,1,91.0,105.6,87595.2,Ленский
389,1,91.0,128.3,106476.5,Мезенский
390,1,91.0,97.4,80817.5,Няндомский
391,1,91.0,88.2,73165.6,Онежский
392,1,91.0,102.9,85401.6,Пинежский
393,1,91.0,84.6,70221.1,Плесецкий
394,1,91.0,90.6,75235.7,Устьянский
395,1,91.0,85.5,71012.4,Холмогорский
396,1,91.0,73.0,60597.0,Шенкурский
397,2,83.4,150.6,136335.2,Нарьян-Мар — Заполярный район
398,7,116.0,93.2,60693.1,Астрахань — Приволжский — Наримановский
399,1,116.0,84.2,54862.5,Ахтубинский
400,1,116.0,76.4,49802.5,Лиманский
401,1,116.0,79.7,51867.3,Харабалинский
402,1,116.0,78.4,51028.8,Черноярский
403,55,105.0,78.5,56560.1,Ярославль — Владимир — Иваново
404,6,102.2,89.2,65684.0,округ Муром — Выкса — Кулебаки
405,6,113.9,92.2,61157.3,Волгоград — Волжский — Среднеахтубинский
406,1,113.9,76.0,50409.5,Камышин
407,1,113.9,77.8,51608.4,Михайловка
408,2,113.9,72.7,48180.6,Урюпинск — Новониколаевский
409,2,113.9,71.7,47566.2,Фролово — Фроловский
410,3,113.9,75.1,49812.6,Новоаннинский — Алексеевский — Киквидзенский
411,2,113.9,72.2,47915.2,Николаевский — Быковский
412,1,113.9,70.6,46810.3,Даниловский
413,2,114.3,69.4,45943.1,Еланский — Самойловский
414,2,113.9,73.1,48458.8,Жирновский — Руднянский
415,1,113.9,83.7,55517.8,Иловлинский
416,1,113.9,75.4,50032.6,Калачевский
417,1,113.9,73.6,48814.3,Клетский
418,1,113.9,138.2,91629.7,Котельниковский
419,1,113.9,86.5,57339.3,Котовский
420,1,113.9,69.7,46230.3,Кумылженский
421,1,113.9,69.9,46399.0,Нехаевский
422,1,113.9,78.1,51795.1,Октябрьский
423,1,113.9,86.9,57618.6,Ольховский
424,1,113.9,69.4,45990.7,Палласовский
425,1,113.9,91.8,60865.2,Светлоярский
426,1,113.9,71.1,47142.2,Серафимовичский
427,1,113.9,68.8,45600.5,Старополтавский
428,1,113.9,61.8,41045.0,Суровикинский
429,1,113.9,71.2,47213.5,Чернышковский
430,1,96.3,93.0,72929.0,Бабаевский
431,2,96.3,74.6,58528.2,Тотемский — Бабушкинский
432,1,96.3,74.7,58608.9,Белозерский
433,1,96.3,70.9,55556.5,Великоустюгский
434,1,96.3,78.3,61437.4,Вожегодский
435,4,96.3,78.7,61710.6,Вологодский — Сокольский — Грязовецкий
436,1,96.3,90.5,70995.3,Вытегорский
437,1,96.3,92.9,72910.8,Кадуйский
438,1,96.3,70.4,55213.1,Кирилловский
439,1,96.3,60.6,47517.9,Кичменгско-Городецкий
440,1,96.3,65.2,51162.5,Междуреченский
441,1,96.3,61.6,48311.4,Никольский
442,2,96.3,80.0,62698.4,Тарногский — Нюксенский
443,1,96.3,74.9,58762.2,Сямженский
444,8,107.8,68.8,48255.2,Бежецкий — Пестовский — Устюженский
445,1,96.3,72.0,56509.7,Харовский
446,1,96.3,83.9,65786.9,Чагодощенский
447,1,96.3,99.0,77639.9,Череповецкий
448,1,96.3,82.1,64438.2,Шекснинский
449,4,104.7,61.2,44160.3,Чкаловск — Юрьевецкий — Пучежский
450,6,106.5,113.8,80725.8,Иркутск — Ангарский — Иркутский
451,2,106.5,127.0,90029.9,Братск — Братский
452,3,106.5,98.4,69791.0,Саянск — Зима — Зиминский
453,1,106.5,93.8,66572.9,Тулун
454,2,106.5,141.1,100136.3,Усть-Илимск — Усть-Илимский
455,6,106.5,90.0,63865.9,Черемхово — Черемховский — Заларинский
456,1,106.5,87.8,62240.4,Балаганский
457,1,106.5,178.6,126671.1,Жигаловский
458,1,106.5,170.9,121226.2,Казачинско-Ленский
459,1,106.5,216.2,153356.8,Катангский
460,1,106.5,88.3,62604.1,Качугский
461,1,106.5,165.2,117123.7,Киренский
462,1,106.5,85.1,60342.8,Куйтунский
463,1,106.5,131.1,92977.7,Нижнеилимский
464,1,106.5,104.3,73923.1,Нижнеудинский
465,1,106.5,86.8,61544.3,Ольхонский
466,1,106.5,105.3,74683.2,Слюдянский
467,1,106.5,121.8,86393.9,Тайшетский
468,1,106.5,189.4,134257.8,Усть-Кутский
469,1,106.5,82.8,58666.6,Усть-Удинский
470,1,106.5,90.1,63915.8,Чунский
471,1,106.5,90.2,63986.9,Баяндаевский
472,2,106.5,86.3,61240.5,Боханский — Осинский
473,1,106.5,83.4,59167.2,Эхирит-Булагатский
474,21,95.3,82.8,65603.2,Калининград — Гурьевский — Зеленоградский
475,66,105.9,85.2,61100.0,Тула — Калуга — Орёл
476,69,81.0,122.6,116319.7,Балашиха — Одинцовский — Красногорск
477,1,101.1,65.5,48916.0,Спас-Деменский
478,4,112.0,118.0,79595.7,Кемеровский — Кемеровский — Березовский
479,3,112.0,88.9,59987.1,Анжеро-Судженский — Яйский — Ижморский
480,6,112.0,123.4,83234.2,Беловский — Ленинск-Кузнецкий — Гурьевский
481,7,112.0,123.9,83543.1,Новокузнецкий — Прокопьевский — Киселевский
482,2,112.0,126.7,85477.0,Междуреченский — Мысковский
483,4,109.4,93.8,64594.0,Юргинский — Яшкинский — Болотнинский
484,1,112.0,81.3,54839.7,Крапивинский
485,2,112.0,79.8,53778.3,Мариинский — Чебулинский
486,1,112.0,88.9,59965.6,Промышленновский
487,1,112.0,108.3,73007.0,Таштагольский
488,2,112.0,88.1,59445.0,Тисульский — Тяжинский
489,7,110.2,82.6,56662.6,Киров — Кирово-Чепецк — Слободской
490,3,110.2,69.3,47477.1,Котельнич — Котельничский — Орловский
491,1,110.2,60.2,41260.4,Афанасьевский
492,1,110.2,76.4,52350.7,Богородский
493,1,110.2,69.0,47299.7,Верхнекамский
494,1,110.2,71.1,48704.7,Верхошижемский
495,1,110.2,63.0,43238.2,Даровской
496,2,110.2,71.4,48911.7,Зуевский — Фаленский
497,3,110.2,74.3,50902.2,Нолинский — Куменский — Сунский
498,1,110.2,66.7,45723.0,Лузский
499,1,110.2,94.9,65023.4,Мурашинский
500,1,110.2,64.6,44270.2,Нагорский
501,1,110.2,80.4,55132.6,Омутнинский
502,1,110.2,67.9,46554.0,Опаринский
503,1,110.2,69.0,47295.1,Подосиновский
504,2,110.2,64.4,44193.7,Шабалинский — Свечинский
505,1,110.2,64.2,44072.1,Унинский
506,1,110.2,67.9,46534.2,Уржумский
507,1,110.2,90.3,61840.7,Юрьянский
508,7,110.5,70.4,48114.6,Галич — Нейский — Чухломский
509,2,110.5,74.5,50875.2,Шарья — Шарьинский
510,4,110.5,61.8,42234.8,Вохомский — Октябрьский — Пыщугский
511,2,110.5,59.0,40331.6,Макарьевский — Кадыйский
512,1,110.5,56.8,38820.9,Кологривский
513,1,110.5,64.0,43755.6,Межевской
514,1,110.5,60.7,41439.4,Поназыревский
515,4,111.9,84.7,57159.3,Курган — Кетовский — Варгашинский
516,2,111.9,82.8,55945.0,Шадринск — Шадринский
517,4,111.9,73.4,49564.8,Шумихинский — Щучанский — Сафакулевский
518,4,107.4,86.4,61045.8,Каменск-Уральский — Каменский — Далматовский
519,1,111.9,63.9,43140.4,Звериноголовский
520,1,111.9,75.8,51130.4,Каргапольский
521,1,111.9,72.2,48743.6,Куртамышский
522,1,111.9,70.3,47412.1,Лебяжьевский
523,1,111.9,80.0,54038.3,Макушинский
524,2,111.9,81.5,55019.7,Юргамышский — Мишкинский
525,1,111.9,67.4,45432.5,Мокроусовский
526,1,111.9,71.2,48003.8,Петуховский
527,1,111.9,67.0,45206.2,Половинский
528,1,111.9,73.6,49686.9,Притобольный
529,1,111.9,65.2,43999.1,Целинный
530,2,111.4,73.6,49926.2,Бердюжский — Частоозерский
531,1,111.9,64.8,43750.6,Шатровский
532,2,101.1,105.5,78821.7,Тихвинский — Бокситогорский
533,107,89.9,142.7,120121.4,Всеволожский — Гатчинский — Тосненский
534,1,101.1,103.1,77006.3,Волховский
535,1,101.1,122.6,91584.5,Выборгский
536,1,101.1,164.7,123058.2,Кингисеппский
537,1,101.1,114.4,85514.2,Киришский
538,2,101.1,80.6,60211.9,Лодейнопольский — Подпорожский
539,1,101.1,93.8,70100.0,Лужский
540,1,101.1,94.5,70647.0,Приозерский
541,2,104.6,83.2,60699.2,Сланцевский — Гдовский
542,42,111.3,82.1,55533.5,Липецк — Елец — Мичуринск
543,4,111.5,88.6,60011.5,Добринский — Жердевский — Токарёвский
544,1,115.3,82.3,53900.6,Усманский
545,2,73.4,132.2,136022.4,Магадан — Ольский
546,1,73.4,193.8,199492.7,Омсукчанский
547,1,73.4,138.7,142671.6,Среднеканский
548,1,73.4,184.1,189436.7,Сусуманский
549,1,73.4,174.1,179170.3,Тенькинский
550,1,73.4,131.1,134912.3,Хасынский
551,1,73.4,162.4,167101.4,Ягоднинский
552,79,68.7,128.6,141619.6,Химки — Марьино — Выхино-Жулебино
553,13,97.4,95.0,74248.1,Рязань — Коломна — Воскресенск
554,2,89.4,111.0,93813.0,Ступино — Кашира
555,1,89.4,96.1,81198.2,Павловский Посад
556,2,89.4,97.0,81966.0,Можайский — Рузский
557,3,89.4,83.0,70133.6,Волоколамский — Шаховская — Лотошино
558,1,89.4,73.8,62289.8,Электрогорск
559,2,86.8,151.2,131621.3,Мурманск — Кольский
560,2,86.8,147.3,128184.8,Апатиты — Кировск
561,2,86.8,121.0,105364.4,Мончегорск — Оленегорск
562,2,86.8,135.8,118169.0,Кандалакшский — Полярные Зори
563,1,86.8,136.6,118867.3,Ковдорский
564,1,86.8,99.3,86372.9,Ловозерский
565,1,86.8,122.3,106442.9,Печенгский
566,1,86.8,98.8,85974.2,Терский
567,1,104.7,72.1,52030.2,Семеновский
568,4,104.7,63.0,45430.6,Шахунья — Тоншаевский — Шарангский
569,1,104.7,76.3,55072.0,Сокольский
570,2,104.7,70.6,50869.1,Ардатовский — Дивеевский
571,3,104.7,62.7,45268.2,Краснобаковский — Воскресенский — Варнавинский
572,2,104.7,64.8,46769.0,Уренский — Ветлужский
573,1,104.7,70.6,50912.6,Ковернинский
574,2,111.7,105.0,71025.5,Великий Новгород — Новгородский
575,3,111.7,81.7,55225.2,Боровичский — Окуловский — Мошенской
576,1,111.7,87.9,59422.2,Валдайский
577,8,110.3,74.5,51020.4,Старорусский — Порховский — Дедовичский
578,1,111.7,69.7,47131.2,Демянский
579,1,111.7,103.9,70229.5,Крестецкий
580,1,111.7,83.1,56204.7,Любытинский
581,1,111.7,87.6,59223.2,Маловишерский
582,1,111.7,64.1,43342.5,Марёвский
583,2,111.7,72.8,49177.8,Холмский — Поддорский
584,1,111.7,86.0,58128.9,Хвойнинский
585,1,111.7,102.7,69403.2,Чудовский
586,7,101.7,124.7,92591.2,Новосибирск — Новосибирский — Бердск
587,2,101.7,71.4,53016.5,Купинский — Баганский
588,2,101.7,84.6,62837.8,Куйбышевский — Барабинский
589,2,101.7,76.3,56660.8,Чановский — Венгеровский
590,1,101.7,66.2,49189.5,Доволенский
591,1,101.7,71.9,53417.2,Здвинский
592,1,101.7,81.6,60587.6,Карасукский
593,1,101.7,73.6,54652.1,Каргатский
594,1,101.7,78.4,58265.0,Колыванский
595,1,101.7,87.4,64857.8,Коченевский
596,1,101.7,73.6,54664.4,Кочковский
597,1,101.7,77.2,57316.9,Краснозерский
598,1,101.7,71.9,53398.3,Кыштовский
599,1,101.7,92.5,68730.7,Маслянинский
600,1,101.7,89.2,66260.1,Мошковский
601,1,101.7,78.0,57913.4,Ордынский
602,1,101.7,68.7,51040.3,Северный
603,1,101.7,69.5,51598.6,Сузунский
604,2,101.7,72.8,54061.8,Татарский — Усть-Таркский
605,1,101.7,78.6,58383.3,Тогучинский
606,1,101.7,68.3,50754.2,Убинский
607,1,101.7,81.8,60695.9,Черепановский
608,1,101.7,67.9,50424.7,Чистоозерный
609,1,101.7,80.6,59934.0,Чулымский
610,7,114.5,81.9,54006.2,Омск — Омский — Калачинский
611,1,114.5,68.4,45128.4,Большереченский
612,1,114.5,67.1,44267.3,Большеуковский
613,1,114.5,64.2,42358.2,Знаменский
614,1,114.5,69.7,46016.7,Исилькульский
615,1,114.5,65.3,43047.7,Колосовский
616,1,114.5,69.8,46049.3,Крутинский
617,3,114.5,74.2,48939.2,Любинский — Марьяновский — Шербакульский
618,1,114.5,73.4,48378.3,Москаленский
619,1,114.5,64.9,42808.4,Муромцевский
620,1,114.5,70.4,46477.2,Называевский
621,1,114.5,66.5,43901.7,Нижнеомский
622,1,114.5,76.3,50341.4,Нововаршавский
623,2,114.5,72.2,47640.3,Павлоградский — Одесский
624,1,114.5,72.4,47737.2,Полтавский
625,1,114.5,68.1,44913.0,Русско-Полянский
626,1,114.5,67.9,44770.5,Саргатский
627,1,114.5,66.2,43667.2,Седельниковский
628,1,114.5,72.5,47839.0,Таврический
629,1,114.5,74.5,49200.2,Тарский
630,1,114.5,68.9,45468.8,Тевризский
631,1,114.5,70.3,46387.1,Тюкалинский
632,1,114.5,67.4,44483.8,Усть-Ишимский
633,1,114.5,67.6,44547.8,Черлакский
634,3,114.2,104.2,68942.1,Оренбург — Оренбургский — Сакмарский
635,5,112.3,79.8,53703.5,Бугуруслан — Похвистнево — Похвистневский
636,3,114.2,92.8,61412.2,Бузулук — Курманаевский — Грачёвский
637,4,114.2,112.4,74324.0,Орск — Новотроицк — Гайский
638,2,114.2,88.2,58312.6,Кувандыкский — Медногорск
639,1,114.2,76.7,50777.4,Соль-Илецкий
640,2,114.2,72.4,47833.8,Сорочинский — Тоцкий
641,1,114.2,97.2,64263.7,Ясненский
642,1,114.2,65.9,43601.6,Адамовский
643,1,114.2,62.7,41483.2,Акбулакский
644,1,114.2,75.8,50165.4,Беляевский
645,1,114.2,83.0,54897.1,Домбаровский
646,1,114.2,71.9,47564.7,Илекский
647,1,114.2,80.7,53385.3,Кваркенский
648,1,114.2,69.2,45739.4,Красногвардейский
649,1,114.2,83.4,55143.1,Новосергиевский
650,1,114.2,80.5,53243.7,Октябрьский
651,1,114.2,81.7,53986.9,Первомайский
652,1,114.2,82.2,54376.2,Переволоцкий
653,1,114.2,65.2,43159.2,Пономарёвский
654,1,114.2,77.9,51540.8,Саракташский
655,1,114.2,69.5,45985.6,Светлинский
656,3,111.0,79.5,54001.6,Клявлинский — Камышлинский — Северный
657,1,114.2,86.9,57467.1,Ташлинский
658,1,114.2,79.6,52611.2,Дмитровский
659,13,114.1,73.2,48454.7,Пензенский — Ртищевский — Сердобский
660,3,116.0,81.1,52811.1,Бессоновский — Мокшанский — Лунинский
661,2,116.0,76.0,49521.4,Земетчинский — Вадинский
662,1,116.0,73.4,47836.2,ищенский
663,1,116.0,85.4,55626.9,Каменский
664,2,116.0,68.8,44829.4,Лопатинский — Камешкирский
665,9,111.8,64.4,43547.2,Базарно-Карабулакский — Новоспасский — Николаевский
666,1,116.0,78.9,51354.5,Никольский
667,1,116.0,59.3,38565.0,Сосновоборский
668,3,108.0,81.2,56757.7,Псков — Псковский — Печорский
669,3,108.0,81.0,56628.2,Великие Луки — Великолукский — Новосокольнический
670,8,108.0,63.4,44304.8,Островский — Опочецкий — Бежаницкий
671,1,108.0,69.9,48842.2,Невельский
672,2,108.0,70.1,49018.9,Струго-Красненский — Плюсский
673,1,108.0,61.9,43254.7,Пустошкинский
674,1,108.0,73.9,51684.5,Себежский
675,4,105.4,59.2,42413.6,Руднянский — Демидовский — Велижский
676,2,107.0,80.1,56544.9,Касимов — Касимовский
677,1,107.0,67.6,47711.1,Сасово
678,1,107.0,68.7,48522.7,Клепиковский
679,1,107.0,68.8,48599.1,Спасский
680,2,109.4,95.6,66015.8,Ставропольский — Жигулевск
681,4,109.4,87.8,60646.2,Сызрань — Сызранский — Октябрьск
682,6,109.4,82.5,56920.6,Отрадный — Кинель-Черкасский — Нефтегорский
683,1,109.4,117.4,81044.6,Тольятти
684,2,109.4,73.8,50935.4,Приволжский — Хворостянский
685,1,109.4,103.5,71418.9,Сергиевский
686,3,114.7,92.1,60679.2,Балаковский — Вольский — Шиханы
687,1,114.7,77.2,50824.1,Александрово-Гайский
688,2,114.7,64.8,42626.8,Аркадакский — Турковский
689,1,114.7,72.8,47933.4,Аткарский
690,16,110.8,79.2,54097.7,Тамбов — Балашовский — Рассказово
691,1,114.7,72.8,47934.7,Воскресенский
692,2,114.7,70.3,46257.5,Ершовский — Дергачевский
693,1,114.7,75.6,49765.8,Духовницкий
694,1,114.7,72.6,47785.6,Екатериновский
695,2,114.7,67.2,44242.5,Пугачевский — Ивантеевский
696,2,114.7,72.8,47952.1,Калининский — Лысогорский
697,1,114.7,65.8,43374.0,Красноармейский
698,1,114.7,72.3,47620.4,Краснокутский
699,1,114.7,63.8,41997.3,Краснопартизанский
700,1,114.7,72.9,48052.8,Марксовский
701,1,114.7,60.7,39927.4,Новоузенский
702,1,114.7,60.8,39996.7,Озинский
703,1,114.7,68.7,45244.7,Перелюбский
704,1,114.7,72.6,47805.9,Петровский
705,1,114.7,57.5,37833.4,Питерский
706,1,114.7,61.2,40355.1,Ровенский
707,1,114.7,76.8,50621.3,Советский
708,3,114.7,87.9,57918.9,Саратов — Энгельсский — Татищевский
709,1,114.7,72.4,47657.8,Федоровский
710,1,114.7,62.5,41161.3,Хвалынский
711,1,83.2,106.4,96625.0,Александровск-Сахалинский район
712,1,83.2,119.3,108286.4,Анивский
713,1,83.2,117.1,106257.6,Долинский
714,3,83.2,158.3,143709.2,Корсаковский — Южно-Курильский — Курильский
715,1,83.2,105.3,95628.8,Макаровский
716,1,83.2,212.3,192734.4,Ногликский
717,1,83.2,139.7,126841.9,Охинский
718,1,83.2,102.9,93411.3,Поронайский
719,1,83.2,207.7,188521.6,Северо-Курильский
720,1,83.2,104.2,94562.8,Смирныховский
721,1,83.2,113.4,102967.7,Томаринский
722,1,83.2,112.2,101926.2,Тымовский
723,1,83.2,162.8,147821.8,Углегорский
724,22,102.9,99.3,72881.9,Екатеринбург — Первоуральск — Верхняя Пышма
725,2,102.9,81.3,59704.3,Алапаевск — Алапаевское
726,2,102.9,87.4,64115.5,Артемовский — Режевской
727,9,102.9,99.1,72775.6,Нижний Тагил — Верхнесалдинский — Качканарский
728,1,102.9,104.6,76838.7,Ивдельский
729,1,102.9,139.3,102305.9,Пелым
730,2,102.9,81.3,59704.3,Ирбит — Ирбитское
731,5,102.9,94.9,69623.7,Серовский — Краснотурьинск — Североуральский
732,4,102.9,98.2,72057.1,Невьянский — Кировградский — Верхний Тагил
733,3,102.9,90.2,66206.1,Красноуфимск — Красноуфимский округ — Ачитский
734,1,102.9,71.7,52608.5,Тавдинский
735,1,102.9,81.3,59704.3,Махнёвское
736,1,102.9,70.1,51459.1,Артинский
737,2,102.9,75.9,55693.2,Новолялинский — Верхотурский
738,2,102.9,98.9,72625.6,Сосьвинский — Гаринский
739,1,102.9,66.7,48978.2,Бисертский
740,1,102.9,69.0,50712.1,Тугулымский
741,1,102.9,72.2,52992.1,Туринский
742,1,102.9,68.0,49926.3,Шалинский
743,2,102.9,73.1,53634.6,Байкаловский — Слободо-Туринский
744,1,102.9,83.1,61036.3,Нижнесергинский
745,1,102.9,68.5,50324.4,Таборинский
746,13,104.6,73.6,53167.0,Смоленск — Смоленский — Сафоновский
747,4,104.6,76.7,55409.0,Рославльский — Десногорск — Шумячский
748,1,104.6,83.5,60265.2,Вяземский
749,1,104.6,107.6,77713.3,Гагаринский
750,5,107.2,75.7,53203.8,Ржевский — Старицкий — Зубцовский
751,2,104.6,60.6,43772.7,Угранский — Темкинский
752,1,104.6,86.1,62154.1,Холм-Жирковский
753,2,109.0,111.5,77246.8,Тверь — Калининский
754,3,109.0,71.0,49230.4,Осташковский — Селижаровский — Пеновский
755,1,109.0,86.1,59693.8,Торжок
756,1,109.0,133.9,92780.3,Удомельский
757,1,109.0,69.3,48061.6,Андреапольский
758,1,109.0,63.9,44251.9,Бельский
759,1,109.0,84.3,58395.9,Бологовский
760,1,109.0,67.3,46578.1,Весьегонский
761,1,109.0,58.6,40620.1,Жарковский
762,1,109.0,65.3,45215.8,Западнодвинский
763,3,109.0,88.4,61272.0,Кашинский — Калязинский — Кесовогорский
764,1,109.0,110.6,76631.1,Конаковский
765,1,109.0,89.5,62015.7,Кувшиновский
766,1,109.0,74.1,51365.9,Лихославльский
767,1,109.0,65.3,45212.9,Максатихинский
768,1,109.0,66.2,45841.5,Нелидовский
769,1,109.0,57.3,39746.5,Оленинский
770,1,109.0,72.8,50473.2,Рамешковский
771,2,109.0,68.1,47207.5,Вышневолоцкий — Спировский
772,1,109.0,72.2,49995.5,Торопецкий
773,1,109.0,63.0,43631.1,Фировский
774,2,105.4,109.4,78407.4,Томск — Томский
775,1,105.4,106.2,76099.6,Кедровый
776,1,105.4,143.6,102903.1,Стрежевой
777,1,105.4,176.7,126598.4,Александровский
778,3,105.4,71.9,51555.4,Асиновский — Первомайский — Зырянский
779,1,105.4,87.4,62639.2,Бакчарский
780,1,105.4,91.2,65346.1,Верхнекетский
781,1,105.4,140.9,101019.6,Каргасокский
782,2,105.4,73.7,52769.8,Кожевниковский — Шегарский
783,1,105.4,109.5,78500.9,Колпашевский
784,2,105.4,93.4,66969.1,Молчановский — Кривошеинский
785,1,105.4,161.5,115751.0,Парабельский
786,1,105.4,98.7,70669.8,Тегульдетский
787,1,105.4,96.4,69126.2,Чаинский
788,2,105.3,87.6,62869.7,Ефремов — Каменский
789,1,105.3,79.7,57155.1,Куркинский
790,2,111.0,138.1,93995.6,Тюмень — Тюменский
791,3,111.0,88.0,59877.9,Заводоуковский — Ялуторовск — Упоровский
792,2,111.0,89.8,61132.4,Ишим — Ишимский
793,2,111.0,126.0,85660.8,Тобольск — Тобольский
794,1,111.0,85.1,57922.5,Абатский
795,1,111.0,78.9,53701.3,Армизонский
796,1,111.0,81.9,55769.3,Аромашевский
797,1,111.0,87.6,59621.4,Вагайский
798,1,111.0,78.8,53629.6,Викуловский
799,1,111.0,91.4,62188.6,Голышмановский
800,1,111.0,85.8,58380.7,Исетский
801,1,111.0,82.3,55932.0,Казанский
802,1,111.0,86.8,59034.7,Нижнетавдинский
803,2,111.0,82.9,56459.6,Омутинский — Юргинский
804,1,111.0,79.5,54093.6,Сладковский
805,1,111.0,81.5,55426.9,Сорокинский
806,1,111.0,180.3,122655.3,Уватский
807,1,111.0,91.8,62492.9,Ярковский
808,2,90.0,164.0,137672.8,Ханты-Мансийск — Ханты-Мансийский
809,1,90.0,169.6,142278.9,Когалым
810,1,90.0,136.2,114243.3,Лангепас
811,3,90.0,147.7,123982.8,Нижневартовск — Мегион — Нижневартовский
812,2,90.0,162.7,136519.0,Нефтеюганск — Нефтеюганский
813,1,90.0,140.5,117913.9,Нягань
814,1,90.0,137.3,115289.7,Покачи
815,1,90.0,140.9,118280.6,Пыть-Ях
816,1,90.0,140.2,117694.5,Радужный
817,2,90.0,168.3,141298.7,Сургут — Сургутский
818,1,90.0,136.4,114415.3,Урай
819,2,90.0,147.4,123738.7,Советский — Югорск
820,1,90.0,174.5,146470.7,Белоярский
821,1,90.0,146.7,123093.5,Березовский
822,1,90.0,138.9,116572.3,Кондинский
823,1,90.0,154.3,129455.8,Октябрьский
824,2,85.2,165.6,146852.1,Салехард — Лабытнанги
825,1,85.2,146.7,130077.5,Муравленко
826,1,85.2,197.0,174598.5,Новый Уренгой
827,1,85.2,176.2,156219.1,Ноябрьск
828,1,85.2,200.8,177997.6,Красноселькупский район
829,1,85.2,217.3,192600.2,Надымский район
830,1,85.2,204.4,181196.5,Тазовский район
831,1,85.2,133.7,118486.6,Шурышкарский район
832,1,85.2,184.5,163565.2,Ямальский район
833,1,109.2,92.9,64255.5,Димитровград
834,3,109.2,60.7,42009.2,Барышский — Инзенский — Базарносызганский
835,1,109.2,62.6,43252.9,Кузоватовский
836,1,109.2,80.2,55450.6,Сенгилеевский
837,1,109.2,61.4,42415.2,Тереньгульский
838,17,112.5,98.7,66297.1,Челябинский — Копейский — Сосновский
839,5,112.5,95.9,64369.9,Миасский — Златоустовский — Чебаркульский
840,1,112.5,104.8,70379.1,Ашинский
841,1,112.5,72.2,48500.9,Брединский
842,2,112.5,102.1,68510.9,Карталинский — Варненский
843,1,112.5,104.8,70358.1,Верхнеуральский
844,1,112.5,77.8,52293.7,Кунашакский
845,1,112.5,89.4,60069.3,Нагайбакский
846,1,112.5,78.6,52761.0,Октябрьский
847,1,112.5,90.0,60418.5,Саткинский
848,1,112.5,71.1,47728.1,Уйский
849,1,112.5,80.2,53848.6,Чесменский
850,4,107.1,81.5,57472.0,Угличский — Некоузский — Мышкинский
851,1,107.1,64.7,45626.1,Брейтовский
852,3,107.1,72.4,51078.2,Даниловский — Любимский — Первомайский
853,1,107.1,63.8,45040.6,Пошехонский
854,2,86.2,78.8,69076.6,Биробиджан — Биробиджанский
855,1,86.2,76.1,66714.9,Ленинский
856,1,86.2,110.8,97090.7,Облученский
857,1,86.2,64.6,56576.3,Октябрьский
858,1,86.2,110.3,96699.5,Смидовичский
859,1,61.7,163.3,199856.1,Анадырь
860,1,61.7,139.5,170752.1,Эгвекинот
861,1,61.7,126.7,155150.9,Провиденский
862,1,61.7,169.5,207520.9,Певек
863,1,61.7,136.9,167493.4,Анадырский
864,1,61.7,162.9,199396.5,Билибинский
865,40,67.9,175.4,195169.2,Хорошево-Мневники — Раменки — Пресненский
866,1,110.5,73.8,50475.0,Мантуровский
867,1,107.1,93.5,65925.5,Переславль-Залесский
868,2,101.5,108.8,80955.9,Березники — Соликамский
869,1,85.2,146.4,129786.2,Приуральский район
870,1,85.2,177.4,157226.9,Губкинский
871,1,85.2,199.4,176767.4,Пуровский район
872,1,110.2,88.4,60551.3,Тамбовский
