cluster,n_mo,n_official_mo,n_official_agg,dominant_agg,dominant_share,type
0,5,0,0,,0.0,new_market
1,3,3,1,Краснодарская,1.0,match
2,1,0,0,,0.0,new_market
3,2,0,0,,0.0,new_market
4,1,0,0,,0.0,new_market
5,1,0,0,,0.0,new_market
6,1,0,0,,0.0,new_market
7,1,0,0,,0.0,new_market
8,1,0,0,,0.0,new_market
9,1,0,0,,0.0,new_market
10,1,0,0,,0.0,new_market
11,1,0,0,,0.0,new_market
12,1,0,0,,0.0,new_market
13,5,4,1,Уфимская,0.8,match_partial
14,13,7,1,Ижевская,0.538,match_expanded
15,8,4,1,Стерлитамакская,0.5,match_expanded
16,11,3,1,Альметьевская,0.273,match_expanded
17,3,0,0,,0.0,new_market
18,3,0,0,,0.0,new_market
19,4,1,1,Уфимская,0.25,match_partial
20,2,1,1,Уфимская,0.5,match_partial
21,1,0,0,,0.0,new_market
22,1,0,0,,0.0,new_market
23,5,0,0,,0.0,new_market
24,4,0,0,,0.0,new_market
25,2,0,0,,0.0,new_market
26,1,0,0,,0.0,new_market
27,6,0,0,,0.0,new_market
28,2,0,0,,0.0,new_market
29,1,0,0,,0.0,new_market
30,1,0,0,,0.0,new_market
31,1,0,0,,0.0,new_market
32,4,2,1,Златоустско-Миасская,0.5,match_partial
33,4,1,1,Уфимская,0.25,match_partial
34,2,0,0,,0.0,new_market
35,1,0,0,,0.0,new_market
36,1,0,0,,0.0,new_market
37,1,0,0,,0.0,new_market
38,1,0,0,,0.0,new_market
39,1,0,0,,0.0,new_market
40,1,0,0,,0.0,new_market
41,1,0,0,,0.0,new_market
42,1,0,0,,0.0,new_market
43,1,0,0,,0.0,new_market
44,1,0,0,,0.0,new_market
45,1,0,0,,0.0,new_market
46,1,0,0,,0.0,new_market
47,1,0,0,,0.0,new_market
48,1,1,1,Улан-Удэнская,1.0,match_partial
49,1,0,0,,0.0,new_market
50,1,1,1,Улан-Удэнская,1.0,match_partial
51,1,0,0,,0.0,new_market
52,1,0,0,,0.0,new_market
53,1,0,0,,0.0,new_market
54,1,0,0,,0.0,new_market
55,1,0,0,,0.0,new_market
56,1,0,0,,0.0,new_market
57,1,0,0,,0.0,new_market
58,1,1,1,Улан-Удэнская,1.0,match_partial
59,1,0,0,,0.0,new_market
60,1,0,0,,0.0,new_market
61,1,1,1,Улан-Удэнская,1.0,match_partial
62,1,0,0,,0.0,new_market
63,1,0,0,,0.0,new_market
64,2,1,1,Махачкалинская,0.5,match_expanded
65,1,0,0,,0.0,new_market
66,1,0,0,,0.0,new_market
67,1,0,0,,0.0,new_market
68,1,0,0,,0.0,new_market
69,1,0,0,,0.0,new_market
70,25,8,1,Кавминводская,0.32,match_expanded
71,1,0,0,,0.0,new_market
72,2,0,0,,0.0,new_market
73,1,0,0,,0.0,new_market
74,2,0,0,,0.0,new_market
75,1,0,0,,0.0,new_market
76,1,0,0,,0.0,new_market
77,1,0,0,,0.0,new_market
78,2,0,0,,0.0,new_market
79,1,0,0,,0.0,new_market
80,12,2,1,Ставропольская,0.167,match_partial
81,3,0,0,,0.0,new_market
82,1,0,0,,0.0,new_market
83,1,0,0,,0.0,new_market
84,1,0,0,,0.0,new_market
85,1,0,0,,0.0,new_market
86,1,0,0,,0.0,new_market
87,2,0,0,,0.0,new_market
88,1,0,0,,0.0,new_market
89,1,0,0,,0.0,new_market
90,1,0,0,,0.0,new_market
91,1,0,0,,0.0,new_market
92,1,0,0,,0.0,new_market
93,1,0,0,,0.0,new_market
94,1,0,0,,0.0,new_market
95,1,0,0,,0.0,new_market
96,3,0,0,,0.0,new_market
97,1,0,0,,0.0,new_market
98,1,0,0,,0.0,new_market
99,1,0,0,,0.0,new_market
100,1,0,0,,0.0,new_market
101,2,0,0,,0.0,new_market
102,1,0,0,,0.0,new_market
103,1,0,0,,0.0,new_market
104,1,0,0,,0.0,new_market
105,1,0,0,,0.0,new_market
106,1,0,0,,0.0,new_market
107,1,0,0,,0.0,new_market
108,1,0,0,,0.0,new_market
109,1,0,0,,0.0,new_market
110,1,0,0,,0.0,new_market
111,1,0,0,,0.0,new_market
112,1,0,0,,0.0,new_market
113,16,0,0,,0.0,new_market
114,51,16,3,Чебоксарская,0.118,merge
115,2,0,0,,0.0,new_market
116,2,0,0,,0.0,new_market
117,1,0,0,,0.0,new_market
118,1,0,0,,0.0,new_market
119,47,5,1,Нижегородская,0.106,match_expanded
120,8,0,0,,0.0,new_market
121,7,0,0,,0.0,new_market
122,1,0,0,,0.0,new_market
123,4,0,0,,0.0,new_market
124,2,0,0,,0.0,new_market
125,1,0,0,,0.0,new_market
126,1,0,0,,0.0,new_market
127,1,0,0,,0.0,new_market
128,1,0,0,,0.0,new_market
129,1,0,0,,0.0,new_market
130,1,0,0,,0.0,new_market
131,1,0,0,,0.0,new_market
132,1,0,0,,0.0,new_market
133,1,0,0,,0.0,new_market
134,1,0,0,,0.0,new_market
135,1,0,0,,0.0,new_market
136,1,0,0,,0.0,new_market
137,1,0,0,,0.0,new_market
138,1,0,0,,0.0,new_market
139,1,0,0,,0.0,new_market
140,1,0,0,,0.0,new_market
141,1,0,0,,0.0,new_market
142,1,0,0,,0.0,new_market
143,1,0,0,,0.0,new_market
144,1,0,0,,0.0,new_market
145,1,0,0,,0.0,new_market
146,1,0,0,,0.0,new_market
147,1,0,0,,0.0,new_market
148,1,0,0,,0.0,new_market
149,1,0,0,,0.0,new_market
150,1,0,0,,0.0,new_market
151,1,0,0,,0.0,new_market
152,1,0,0,,0.0,new_market
153,1,0,0,,0.0,new_market
154,1,0,0,,0.0,new_market
155,1,0,0,,0.0,new_market
156,1,0,0,,0.0,new_market
157,1,0,0,,0.0,new_market
158,1,0,0,,0.0,new_market
159,16,4,1,Набережночелнинская,0.25,match_expanded
160,1,0,0,,0.0,new_market
161,1,0,0,,0.0,new_market
162,4,1,1,Казанская,0.25,match_partial
163,1,0,0,,0.0,new_market
164,1,1,1,Казанская,1.0,match_partial
165,1,0,0,,0.0,new_market
166,1,0,0,,0.0,new_market
167,1,0,0,,0.0,new_market
168,1,0,0,,0.0,new_market
169,19,9,1,Самарско-Тольяттинская,0.474,match_partial
170,1,0,0,,0.0,new_market
171,2,0,0,,0.0,new_market
172,2,0,0,,0.0,new_market
173,1,0,0,,0.0,new_market
174,1,0,0,,0.0,new_market
175,1,0,0,,0.0,new_market
176,1,0,0,,0.0,new_market
177,1,0,0,,0.0,new_market
178,1,0,0,,0.0,new_market
179,1,0,0,,0.0,new_market
180,12,3,1,Ижевская,0.25,match_partial
181,1,0,0,,0.0,new_market
182,5,4,1,Абаканская,0.8,match
183,2,0,0,,0.0,new_market
184,2,0,0,,0.0,new_market
185,1,0,0,,0.0,new_market
186,1,0,0,,0.0,new_market
187,2,0,0,,0.0,new_market
188,1,0,0,,0.0,new_market
189,1,0,0,,0.0,new_market
190,3,3,1,Барнаульская,1.0,match
191,2,0,0,,0.0,new_market
192,9,0,0,,0.0,new_market
193,2,0,0,,0.0,new_market
194,2,0,0,,0.0,new_market
195,6,0,0,,0.0,new_market
196,1,0,0,,0.0,new_market
197,2,0,0,,0.0,new_market
198,1,0,0,,0.0,new_market
199,1,0,0,,0.0,new_market
200,1,0,0,,0.0,new_market
201,1,0,0,,0.0,new_market
202,3,0,0,,0.0,new_market
203,3,0,0,,0.0,new_market
204,1,0,0,,0.0,new_market
205,2,0,0,,0.0,new_market
206,1,0,0,,0.0,new_market
207,2,0,0,,0.0,new_market
208,2,0,0,,0.0,new_market
209,1,0,0,,0.0,new_market
210,3,0,0,,0.0,new_market
211,2,0,0,,0.0,new_market
212,1,0,0,,0.0,new_market
213,1,0,0,,0.0,new_market
214,1,0,0,,0.0,new_market
215,1,0,0,,0.0,new_market
216,1,0,0,,0.0,new_market
217,1,0,0,,0.0,new_market
218,1,0,0,,0.0,new_market
219,1,0,0,,0.0,new_market
220,1,0,0,,0.0,new_market
221,1,0,0,,0.0,new_market
222,2,0,0,,0.0,new_market
223,1,0,0,,0.0,new_market
224,1,0,0,,0.0,new_market
225,1,0,0,,0.0,new_market
226,1,0,0,,0.0,new_market
227,2,0,0,,0.0,new_market
228,1,0,0,,0.0,new_market
229,1,0,0,,0.0,new_market
230,1,0,0,,0.0,new_market
231,1,0,0,,0.0,new_market
232,1,0,0,,0.0,new_market
233,1,0,0,,0.0,new_market
234,1,0,0,,0.0,new_market
235,1,0,0,,0.0,new_market
236,1,0,0,,0.0,new_market
237,1,0,0,,0.0,new_market
238,1,0,0,,0.0,new_market
239,1,0,0,,0.0,new_market
240,1,0,0,,0.0,new_market
241,1,0,0,,0.0,new_market
242,1,0,0,,0.0,new_market
243,1,0,0,,0.0,new_market
244,1,0,0,,0.0,new_market
245,1,0,0,,0.0,new_market
246,1,0,0,,0.0,new_market
247,1,0,0,,0.0,new_market
248,1,0,0,,0.0,new_market
249,1,0,0,,0.0,new_market
250,1,0,0,,0.0,new_market
251,1,0,0,,0.0,new_market
252,1,0,0,,0.0,new_market
253,1,0,0,,0.0,new_market
254,3,0,0,,0.0,new_market
255,1,0,0,,0.0,new_market
256,7,5,1,Владивостокская,0.714,match
257,1,0,0,,0.0,new_market
258,1,0,0,,0.0,new_market
259,1,0,0,,0.0,new_market
260,1,0,0,,0.0,new_market
261,1,0,0,,0.0,new_market
262,1,0,0,,0.0,new_market
263,1,0,0,,0.0,new_market
264,1,0,0,,0.0,new_market
265,6,6,1,Красноярская,1.0,match
266,5,0,0,,0.0,new_market
267,2,0,0,,0.0,new_market
268,4,0,0,,0.0,new_market
269,3,0,0,,0.0,new_market
270,3,0,0,,0.0,new_market
271,1,0,0,,0.0,new_market
272,2,0,0,,0.0,new_market
273,1,0,0,,0.0,new_market
274,1,0,0,,0.0,new_market
275,1,0,0,,0.0,new_market
276,1,0,0,,0.0,new_market
277,1,0,0,,0.0,new_market
278,2,0,0,,0.0,new_market
279,2,0,0,,0.0,new_market
280,1,0,0,,0.0,new_market
281,1,0,0,,0.0,new_market
282,1,0,0,,0.0,new_market
283,1,0,0,,0.0,new_market
284,1,0,0,,0.0,new_market
285,1,0,0,,0.0,new_market
286,1,1,1,Красноярская,1.0,match_partial
287,1,0,0,,0.0,new_market
288,1,0,0,,0.0,new_market
289,1,0,0,,0.0,new_market
290,1,0,0,,0.0,new_market
291,1,0,0,,0.0,new_market
292,1,1,1,Красноярская,1.0,match_partial
293,1,0,0,,0.0,new_market
294,1,0,0,,0.0,new_market
295,1,0,0,,0.0,new_market
296,1,0,0,,0.0,new_market
297,9,4,1,Пермская,0.444,match_partial
298,3,0,0,,0.0,new_market
299,3,0,0,,0.0,new_market
300,2,0,0,,0.0,new_market
301,5,0,0,,0.0,new_market
302,1,1,1,Пермская,1.0,match_partial
303,1,0,0,,0.0,new_market
304,1,1,1,Пермская,1.0,match_partial
305,1,0,0,,0.0,new_market
306,1,0,0,,0.0,new_market
307,1,0,0,,0.0,new_market
308,1,0,0,,0.0,new_market
309,1,0,0,,0.0,new_market
310,1,0,0,,0.0,new_market
311,1,0,0,,0.0,new_market
312,1,0,0,,0.0,new_market
313,4,0,0,,0.0,new_market
314,3,0,0,,0.0,new_market
315,1,0,0,,0.0,new_market
316,2,0,0,,0.0,new_market
317,2,0,0,,0.0,new_market
318,3,0,0,,0.0,new_market
319,5,0,0,,0.0,new_market
320,3,0,0,,0.0,new_market
321,1,0,0,,0.0,new_market
322,1,0,0,,0.0,new_market
323,1,0,0,,0.0,new_market
324,1,0,0,,0.0,new_market
325,1,0,0,,0.0,new_market
326,1,0,0,,0.0,new_market
327,1,0,0,,0.0,new_market
328,1,0,0,,0.0,new_market
329,1,0,0,,0.0,new_market
330,6,5,1,Ставропольская,0.833,match
331,1,0,0,,0.0,new_market
332,2,0,0,,0.0,new_market
333,3,0,0,,0.0,new_market
334,2,0,0,,0.0,new_market
335,2,0,0,,0.0,new_market
336,1,0,0,,0.0,new_market
337,1,0,0,,0.0,new_market
338,2,0,0,,0.0,new_market
339,1,0,0,,0.0,new_market
340,2,2,1,Хабаровская,1.0,match
341,3,0,0,,0.0,new_market
342,1,0,0,,0.0,new_market
343,1,0,0,,0.0,new_market
344,4,0,0,,0.0,new_market
345,1,0,0,,0.0,new_market
346,1,0,0,,0.0,new_market
347,1,0,0,,0.0,new_market
348,1,0,0,,0.0,new_market
349,1,0,0,,0.0,new_market
350,1,0,0,,0.0,new_market
351,1,0,0,,0.0,new_market
352,1,0,0,,0.0,new_market
353,1,0,0,,0.0,new_market
354,1,0,0,,0.0,new_market
355,1,0,0,,0.0,new_market
356,1,0,0,,0.0,new_market
357,1,0,0,,0.0,new_market
358,1,0,0,,0.0,new_market
359,1,0,0,,0.0,new_market
360,1,0,0,,0.0,new_market
361,1,0,0,,0.0,new_market
362,2,0,0,,0.0,new_market
363,2,0,0,,0.0,new_market
364,1,0,0,,0.0,new_market
365,1,0,0,,0.0,new_market
366,1,0,0,,0.0,new_market
367,1,0,0,,0.0,new_market
368,1,0,0,,0.0,new_market
369,1,0,0,,0.0,new_market
370,1,0,0,,0.0,new_market
371,1,0,0,,0.0,new_market
372,1,0,0,,0.0,new_market
373,1,0,0,,0.0,new_market
374,1,0,0,,0.0,new_market
375,1,0,0,,0.0,new_market
376,1,0,0,,0.0,new_market
377,1,0,0,,0.0,new_market
378,1,0,0,,0.0,new_market
379,4,0,0,,0.0,new_market
380,3,0,0,,0.0,new_market
381,2,0,0,,0.0,new_market
382,1,0,0,,0.0,new_market
383,1,0,0,,0.0,new_market
384,1,0,0,,0.0,new_market
385,1,0,0,,0.0,new_market
386,1,0,0,,0.0,new_market
387,1,0,0,,0.0,new_market
388,1,0,0,,0.0,new_market
389,1,0,0,,0.0,new_market
390,1,0,0,,0.0,new_market
391,1,0,0,,0.0,new_market
392,1,0,0,,0.0,new_market
393,1,0,0,,0.0,new_market
394,1,0,0,,0.0,new_market
395,1,0,0,,0.0,new_market
396,1,0,0,,0.0,new_market
397,2,0,0,,0.0,new_market
398,7,7,1,Астраханская,1.0,match
399,1,0,0,,0.0,new_market
400,1,1,1,Астраханская,1.0,match_partial
401,1,0,0,,0.0,new_market
402,1,0,0,,0.0,new_market
403,55,7,1,Ярославско-Рыбинская,0.127,match_expanded
404,6,0,0,,0.0,new_market
405,6,4,1,Волгоградская,0.667,match_expanded
406,1,0,0,,0.0,new_market
407,1,0,0,,0.0,new_market
408,2,0,0,,0.0,new_market
409,2,0,0,,0.0,new_market
410,3,0,0,,0.0,new_market
411,2,0,0,,0.0,new_market
412,1,0,0,,0.0,new_market
413,2,0,0,,0.0,new_market
414,2,0,0,,0.0,new_market
415,1,0,0,,0.0,new_market
416,1,0,0,,0.0,new_market
417,1,0,0,,0.0,new_market
418,1,0,0,,0.0,new_market
419,1,0,0,,0.0,new_market
420,1,0,0,,0.0,new_market
421,1,0,0,,0.0,new_market
422,1,0,0,,0.0,new_market
423,1,0,0,,0.0,new_market
424,1,0,0,,0.0,new_market
425,1,1,1,Волгоградская,1.0,match_partial
426,1,0,0,,0.0,new_market
427,1,0,0,,0.0,new_market
428,1,0,0,,0.0,new_market
429,1,0,0,,0.0,new_market
430,1,0,0,,0.0,new_market
431,2,0,0,,0.0,new_market
432,1,0,0,,0.0,new_market
433,1,0,0,,0.0,new_market
434,1,0,0,,0.0,new_market
435,4,0,0,,0.0,new_market
436,1,0,0,,0.0,new_market
437,1,0,0,,0.0,new_market
438,1,0,0,,0.0,new_market
439,1,0,0,,0.0,new_market
440,1,0,0,,0.0,new_market
441,1,0,0,,0.0,new_market
442,2,0,0,,0.0,new_market
443,1,0,0,,0.0,new_market
444,8,0,0,,0.0,new_market
445,1,0,0,,0.0,new_market
446,1,0,0,,0.0,new_market
447,1,0,0,,0.0,new_market
448,1,0,0,,0.0,new_market
449,4,0,0,,0.0,new_market
450,6,4,1,Иркутская,0.667,match_expanded
451,2,0,0,,0.0,new_market
452,3,0,0,,0.0,new_market
453,1,0,0,,0.0,new_market
454,2,0,0,,0.0,new_market
455,6,0,0,,0.0,new_market
456,1,0,0,,0.0,new_market
457,1,0,0,,0.0,new_market
458,1,0,0,,0.0,new_market
459,1,0,0,,0.0,new_market
460,1,0,0,,0.0,new_market
461,1,0,0,,0.0,new_market
462,1,0,0,,0.0,new_market
463,1,0,0,,0.0,new_market
464,1,0,0,,0.0,new_market
465,1,0,0,,0.0,new_market
466,1,0,0,,0.0,new_market
467,1,0,0,,0.0,new_market
468,1,0,0,,0.0,new_market
469,1,0,0,,0.0,new_market
470,1,0,0,,0.0,new_market
471,1,0,0,,0.0,new_market
472,2,0,0,,0.0,new_market
473,1,0,0,,0.0,new_market
474,21,12,1,Калининградская,0.571,match_expanded
475,66,6,1,Тульско-Новомосковская,0.091,match_expanded
476,69,25,1,Московская,0.362,match_expanded
477,1,0,0,,0.0,new_market
478,4,4,1,Кемеровская,1.0,match_partial
479,3,3,1,Кемеровская,1.0,match_partial
480,6,6,2,Кемеровская,0.833,merge
481,7,7,1,Новокузнецкая,1.0,match_partial
482,2,2,1,Новокузнецкая,1.0,match_partial
483,4,3,1,Кемеровская,0.75,match_partial
484,1,1,1,Кемеровская,1.0,match_partial
485,2,2,1,Кемеровская,1.0,match_partial
486,1,1,1,Кемеровская,1.0,match_partial
487,1,1,1,Новокузнецкая,1.0,match_partial
488,2,2,1,Кемеровская,1.0,match_partial
489,7,5,1,Кировская,0.714,match
490,3,0,0,,0.0,new_market
491,1,0,0,,0.0,new_market
492,1,0,0,,0.0,new_market
493,1,0,0,,0.0,new_market
494,1,0,0,,0.0,new_market
495,1,0,0,,0.0,new_market
496,2,0,0,,0.0,new_market
497,3,0,0,,0.0,new_market
498,1,0,0,,0.0,new_market
499,1,0,0,,0.0,new_market
500,1,0,0,,0.0,new_market
501,1,0,0,,0.0,new_market
502,1,0,0,,0.0,new_market
503,1,0,0,,0.0,new_market
504,2,0,0,,0.0,new_market
505,1,0,0,,0.0,new_market
506,1,0,0,,0.0,new_market
507,1,0,0,,0.0,new_market
508,7,0,0,,0.0,new_market
509,2,0,0,,0.0,new_market
510,4,0,0,,0.0,new_market
511,2,0,0,,0.0,new_market
512,1,0,0,,0.0,new_market
513,1,0,0,,0.0,new_market
514,1,0,0,,0.0,new_market
515,4,0,0,,0.0,new_market
516,2,0,0,,0.0,new_market
517,4,0,0,,0.0,new_market
518,4,0,0,,0.0,new_market
519,1,0,0,,0.0,new_market
520,1,0,0,,0.0,new_market
521,1,0,0,,0.0,new_market
522,1,0,0,,0.0,new_market
523,1,0,0,,0.0,new_market
524,2,0,0,,0.0,new_market
525,1,0,0,,0.0,new_market
526,1,0,0,,0.0,new_market
527,1,0,0,,0.0,new_market
528,1,0,0,,0.0,new_market
529,1,0,0,,0.0,new_market
530,2,0,0,,0.0,new_market
531,1,0,0,,0.0,new_market
532,2,0,0,,0.0,new_market
533,107,6,1,Санкт-Петербургская,0.056,match_expanded
534,1,0,0,,0.0,new_market
535,1,0,0,,0.0,new_market
536,1,0,0,,0.0,new_market
537,1,0,0,,0.0,new_market
538,2,0,0,,0.0,new_market
539,1,0,0,,0.0,new_market
540,1,0,0,,0.0,new_market
541,2,0,0,,0.0,new_market
542,42,4,2,Липецкая,0.071,merge
543,4,0,0,,0.0,new_market
544,1,0,0,,0.0,new_market
545,2,0,0,,0.0,new_market
546,1,0,0,,0.0,new_market
547,1,0,0,,0.0,new_market
548,1,0,0,,0.0,new_market
549,1,0,0,,0.0,new_market
550,1,0,0,,0.0,new_market
551,1,0,0,,0.0,new_market
552,79,3,1,Московская,0.038,match_partial
553,13,3,1,Рязанская,0.231,match_partial
554,2,0,0,,0.0,new_market
555,1,0,0,,0.0,new_market
556,2,0,0,,0.0,new_market
557,3,0,0,,0.0,new_market
558,1,0,0,,0.0,new_market
559,2,2,1,Мурманская,1.0,match
560,2,0,0,,0.0,new_market
561,2,0,0,,0.0,new_market
562,2,0,0,,0.0,new_market
563,1,0,0,,0.0,new_market
564,1,0,0,,0.0,new_market
565,1,0,0,,0.0,new_market
566,1,0,0,,0.0,new_market
567,1,0,0,,0.0,new_market
568,4,0,0,,0.0,new_market
569,1,0,0,,0.0,new_market
570,2,0,0,,0.0,new_market
571,3,0,0,,0.0,new_market
572,2,0,0,,0.0,new_market
573,1,0,0,,0.0,new_market
574,2,0,0,,0.0,new_market
575,3,0,0,,0.0,new_market
576,1,0,0,,0.0,new_market
577,8,0,0,,0.0,new_market
578,1,0,0,,0.0,new_market
579,1,0,0,,0.0,new_market
580,1,0,0,,0.0,new_market
581,1,0,0,,0.0,new_market
582,1,0,0,,0.0,new_market
583,2,0,0,,0.0,new_market
584,1,0,0,,0.0,new_market
585,1,0,0,,0.0,new_market
586,7,7,1,Новосибирская,1.0,match_partial
587,2,0,0,,0.0,new_market
588,2,0,0,,0.0,new_market
589,2,0,0,,0.0,new_market
590,1,0,0,,0.0,new_market
591,1,0,0,,0.0,new_market
592,1,0,0,,0.0,new_market
593,1,0,0,,0.0,new_market
594,1,1,1,Новосибирская,1.0,match_partial
595,1,1,1,Новосибирская,1.0,match_partial
596,1,0,0,,0.0,new_market
597,1,0,0,,0.0,new_market
598,1,0,0,,0.0,new_market
599,1,0,0,,0.0,new_market
600,1,1,1,Новосибирская,1.0,match_partial
601,1,1,1,Новосибирская,1.0,match_partial
602,1,0,0,,0.0,new_market
603,1,0,0,,0.0,new_market
604,2,0,0,,0.0,new_market
605,1,1,1,Новосибирская,1.0,match_partial
606,1,0,0,,0.0,new_market
607,1,0,0,,0.0,new_market
608,1,0,0,,0.0,new_market
609,1,0,0,,0.0,new_market
610,7,5,1,Омская,0.714,match_partial
611,1,0,0,,0.0,new_market
612,1,0,0,,0.0,new_market
613,1,0,0,,0.0,new_market
614,1,0,0,,0.0,new_market
615,1,0,0,,0.0,new_market
616,1,0,0,,0.0,new_market
617,3,2,1,Омская,0.667,match_partial
618,1,1,1,Омская,1.0,match_partial
619,1,0,0,,0.0,new_market
620,1,0,0,,0.0,new_market
621,1,0,0,,0.0,new_market
622,1,0,0,,0.0,new_market
623,2,0,0,,0.0,new_market
624,1,0,0,,0.0,new_market
625,1,0,0,,0.0,new_market
626,1,0,0,,0.0,new_market
627,1,0,0,,0.0,new_market
628,1,1,1,Омская,1.0,match_partial
629,1,0,0,,0.0,new_market
630,1,0,0,,0.0,new_market
631,1,0,0,,0.0,new_market
632,1,0,0,,0.0,new_market
633,1,0,0,,0.0,new_market
634,3,3,1,Оренбургская,1.0,match
635,5,0,0,,0.0,new_market
636,3,0,0,,0.0,new_market
637,4,4,1,Орская,1.0,match
638,2,0,0,,0.0,new_market
639,1,0,0,,0.0,new_market
640,2,0,0,,0.0,new_market
641,1,0,0,,0.0,new_market
642,1,0,0,,0.0,new_market
643,1,0,0,,0.0,new_market
644,1,0,0,,0.0,new_market
645,1,0,0,,0.0,new_market
646,1,0,0,,0.0,new_market
647,1,0,0,,0.0,new_market
648,1,0,0,,0.0,new_market
649,1,0,0,,0.0,new_market
650,1,0,0,,0.0,new_market
651,1,0,0,,0.0,new_market
652,1,0,0,,0.0,new_market
653,1,0,0,,0.0,new_market
654,1,0,0,,0.0,new_market
655,1,0,0,,0.0,new_market
656,3,0,0,,0.0,new_market
657,1,0,0,,0.0,new_market
658,1,0,0,,0.0,new_market
659,13,1,1,Пензенская,0.077,match_partial
660,3,2,1,Пензенская,0.667,match_partial
661,2,0,0,,0.0,new_market
662,1,0,0,,0.0,new_market
663,1,0,0,,0.0,new_market
664,2,0,0,,0.0,new_market
665,9,0,0,,0.0,new_market
666,1,0,0,,0.0,new_market
667,1,0,0,,0.0,new_market
668,3,0,0,,0.0,new_market
669,3,0,0,,0.0,new_market
670,8,0,0,,0.0,new_market
671,1,0,0,,0.0,new_market
672,2,0,0,,0.0,new_market
673,1,0,0,,0.0,new_market
674,1,0,0,,0.0,new_market
675,4,0,0,,0.0,new_market
676,2,0,0,,0.0,new_market
677,1,0,0,,0.0,new_market
678,1,1,1,Рязанская,1.0,match_partial
679,1,1,1,Рязанская,1.0,match_partial
680,2,2,1,Самарско-Тольяттинская,1.0,match_partial
681,4,4,1,Самарско-Тольяттинская,1.0,match_partial
682,6,0,0,,0.0,new_market
683,1,1,1,Самарско-Тольяттинская,1.0,match_partial
684,2,1,1,Самарско-Тольяттинская,0.5,match_partial
685,1,0,0,,0.0,new_market
686,3,0,0,,0.0,new_market
687,1,0,0,,0.0,new_market
688,2,0,0,,0.0,new_market
689,1,0,0,,0.0,new_market
690,16,0,0,,0.0,new_market
691,1,0,0,,0.0,new_market
692,2,0,0,,0.0,new_market
693,1,0,0,,0.0,new_market
694,1,0,0,,0.0,new_market
695,2,0,0,,0.0,new_market
696,2,0,0,,0.0,new_market
697,1,0,0,,0.0,new_market
698,1,0,0,,0.0,new_market
699,1,0,0,,0.0,new_market
700,1,0,0,,0.0,new_market
701,1,0,0,,0.0,new_market
702,1,0,0,,0.0,new_market
703,1,0,0,,0.0,new_market
704,1,0,0,,0.0,new_market
705,1,0,0,,0.0,new_market
706,1,0,0,,0.0,new_market
707,1,0,0,,0.0,new_market
708,3,3,1,Саратовская,1.0,match
709,1,0,0,,0.0,new_market
710,1,0,0,,0.0,new_market
711,1,0,0,,0.0,new_market
712,1,1,1,Южно-Сахалинская,1.0,match_partial
713,1,1,1,Южно-Сахалинская,1.0,match_partial
714,3,1,1,Южно-Сахалинская,0.333,match_partial
715,1,0,0,,0.0,new_market
716,1,0,0,,0.0,new_market
717,1,0,0,,0.0,new_market
718,1,0,0,,0.0,new_market
719,1,0,0,,0.0,new_market
720,1,0,0,,0.0,new_market
721,1,0,0,,0.0,new_market
722,1,0,0,,0.0,new_market
723,1,0,0,,0.0,new_market
724,22,16,1,Екатеринбургская,0.727,match
725,2,0,0,,0.0,new_market
726,2,0,0,,0.0,new_market
727,9,7,1,Нижнетагильская,0.778,match_partial
728,1,0,0,,0.0,new_market
729,1,0,0,,0.0,new_market
730,2,0,0,,0.0,new_market
731,5,0,0,,0.0,new_market
732,4,4,1,Нижнетагильская,1.0,match_partial
733,3,0,0,,0.0,new_market
734,1,0,0,,0.0,new_market
735,1,0,0,,0.0,new_market
736,1,0,0,,0.0,new_market
737,2,0,0,,0.0,new_market
738,2,0,0,,0.0,new_market
739,1,0,0,,0.0,new_market
740,1,0,0,,0.0,new_market
741,1,0,0,,0.0,new_market
742,1,0,0,,0.0,new_market
743,2,0,0,,0.0,new_market
744,1,0,0,,0.0,new_market
745,1,0,0,,0.0,new_market
746,13,0,0,,0.0,new_market
747,4,0,0,,0.0,new_market
748,1,0,0,,0.0,new_market
749,1,0,0,,0.0,new_market
750,5,0,0,,0.0,new_market
751,2,0,0,,0.0,new_market
752,1,0,0,,0.0,new_market
753,2,0,0,,0.0,new_market
754,3,0,0,,0.0,new_market
755,1,0,0,,0.0,new_market
756,1,0,0,,0.0,new_market
757,1,0,0,,0.0,new_market
758,1,0,0,,0.0,new_market
759,1,0,0,,0.0,new_market
760,1,0,0,,0.0,new_market
761,1,0,0,,0.0,new_market
762,1,0,0,,0.0,new_market
763,3,0,0,,0.0,new_market
764,1,0,0,,0.0,new_market
765,1,0,0,,0.0,new_market
766,1,0,0,,0.0,new_market
767,1,0,0,,0.0,new_market
768,1,0,0,,0.0,new_market
769,1,0,0,,0.0,new_market
770,1,0,0,,0.0,new_market
771,2,0,0,,0.0,new_market
772,1,0,0,,0.0,new_market
773,1,0,0,,0.0,new_market
774,2,2,1,Томская,1.0,match
775,1,0,0,,0.0,new_market
776,1,0,0,,0.0,new_market
777,1,0,0,,0.0,new_market
778,3,0,0,,0.0,new_market
779,1,0,0,,0.0,new_market
780,1,0,0,,0.0,new_market
781,1,0,0,,0.0,new_market
782,2,0,0,,0.0,new_market
783,1,0,0,,0.0,new_market
784,2,0,0,,0.0,new_market
785,1,0,0,,0.0,new_market
786,1,0,0,,0.0,new_market
787,1,0,0,,0.0,new_market
788,2,0,0,,0.0,new_market
789,1,0,0,,0.0,new_market
790,2,2,1,Тюменская,1.0,match_partial
791,3,1,1,Тюменская,0.333,match_partial
792,2,0,0,,0.0,new_market
793,2,0,0,,0.0,new_market
794,1,0,0,,0.0,new_market
795,1,0,0,,0.0,new_market
796,1,0,0,,0.0,new_market
797,1,0,0,,0.0,new_market
798,1,0,0,,0.0,new_market
799,1,0,0,,0.0,new_market
800,1,1,1,Тюменская,1.0,match_partial
801,1,0,0,,0.0,new_market
802,1,1,1,Тюменская,1.0,match_partial
803,2,0,0,,0.0,new_market
804,1,0,0,,0.0,new_market
805,1,0,0,,0.0,new_market
806,1,0,0,,0.0,new_market
807,1,1,1,Тюменская,1.0,match_partial
808,2,0,0,,0.0,new_market
809,1,1,1,Сургутская,1.0,match_partial
810,1,0,0,,0.0,new_market
811,3,0,0,,0.0,new_market
812,2,2,1,Сургутская,1.0,match_partial
813,1,0,0,,0.0,new_market
814,1,0,0,,0.0,new_market
815,1,1,1,Сургутская,1.0,match_partial
816,1,0,0,,0.0,new_market
817,2,2,1,Сургутская,1.0,match_partial
818,1,0,0,,0.0,new_market
819,2,0,0,,0.0,new_market
820,1,0,0,,0.0,new_market
821,1,0,0,,0.0,new_market
822,1,0,0,,0.0,new_market
823,1,0,0,,0.0,new_market
824,2,0,0,,0.0,new_market
825,1,0,0,,0.0,new_market
826,1,0,0,,0.0,new_market
827,1,0,0,,0.0,new_market
828,1,0,0,,0.0,new_market
829,1,0,0,,0.0,new_market
830,1,0,0,,0.0,new_market
831,1,0,0,,0.0,new_market
832,1,0,0,,0.0,new_market
833,1,1,1,Ульяновско-Димитровградская,1.0,match_partial
834,3,0,0,,0.0,new_market
835,1,0,0,,0.0,new_market
836,1,0,0,,0.0,new_market
837,1,0,0,,0.0,new_market
838,17,9,2,Челябинская,0.471,merge
839,5,5,1,Златоустско-Миасская,1.0,match_partial
840,1,1,1,Златоустско-Миасская,1.0,match_partial
841,1,0,0,,0.0,new_market
842,2,0,0,,0.0,new_market
843,1,0,0,,0.0,new_market
844,1,1,1,Челябинская,1.0,match_partial
845,1,0,0,,0.0,new_market
846,1,0,0,,0.0,new_market
847,1,1,1,Златоустско-Миасская,1.0,match_partial
848,1,0,0,,0.0,new_market
849,1,0,0,,0.0,new_market
850,4,0,0,,0.0,new_market
851,1,0,0,,0.0,new_market
852,3,0,0,,0.0,new_market
853,1,0,0,,0.0,new_market
854,2,0,0,,0.0,new_market
855,1,0,0,,0.0,new_market
856,1,0,0,,0.0,new_market
857,1,0,0,,0.0,new_market
858,1,0,0,,0.0,new_market
859,1,0,0,,0.0,new_market
860,1,0,0,,0.0,new_market
861,1,0,0,,0.0,new_market
862,1,0,0,,0.0,new_market
863,1,0,0,,0.0,new_market
864,1,0,0,,0.0,new_market
865,40,0,0,,0.0,new_market
866,1,0,0,,0.0,new_market
867,1,0,0,,0.0,new_market
868,2,0,0,,0.0,new_market
869,1,0,0,,0.0,new_market
870,1,0,0,,0.0,new_market
871,1,0,0,,0.0,new_market
872,1,0,0,,0.0,new_market
