territory_id,agg_id,agg_name
1439,1,Московская
1440,1,Московская
1441,1,Московская
1444,1,Московская
1445,1,Московская
1448,1,Московская
1453,1,Московская
1456,1,Московская
1457,1,Московская
1459,1,Московская
1460,1,Московская
1461,1,Московская
1464,1,Московская
1465,1,Московская
1467,1,Московская
1468,1,Московская
1472,1,Московская
1475,1,Московская
1481,1,Московская
1483,1,Московская
1488,1,Московская
1493,1,Московская
1496,1,Московская
1500,1,Московская
2648,1,Московская
2649,1,Московская
2651,1,Московская
2814,1,Московская
3008,1,Московская
3013,1,Московская
1395,2,Санкт-Петербургская
1397,2,Санкт-Петербургская
1400,2,Санкт-Петербургская
1402,2,Санкт-Петербургская
1408,2,Санкт-Петербургская
1409,2,Санкт-Петербургская
1874,3,Самарско-Тольяттинская
1875,3,Самарско-Тольяттинская
1876,3,Самарско-Тольяттинская
1877,3,Самарско-Тольяттинская
1878,3,Самарско-Тольяттинская
1881,3,Самарско-Тольяттинская
1882,3,Самарско-Тольяттинская
1883,3,Самарско-Тольяттинская
1885,3,Самарско-Тольяттинская
1890,3,Самарско-Тольяттинская
1894,3,Самарско-Тольяттинская
1898,3,Самарско-Тольяттинская
1899,3,Самарско-Тольяттинская
1903,3,Самарско-Тольяттинская
1905,3,Самарско-Тольяттинская
1906,3,Самарско-Тольяттинская
1910,3,Самарско-Тольяттинская
1971,4,Екатеринбургская
1974,4,Екатеринбургская
1975,4,Екатеринбургская
1976,4,Екатеринбургская
1977,4,Екатеринбургская
1979,4,Екатеринбургская
1980,4,Екатеринбургская
1982,4,Екатеринбургская
2004,4,Екатеринбургская
2005,4,Екатеринбургская
2006,4,Екатеринбургская
2007,4,Екатеринбургская
2019,4,Екатеринбургская
2020,4,Екатеринбургская
2032,4,Екатеринбургская
2033,4,Екатеринбургская
1597,5,Новосибирская
1598,5,Новосибирская
1599,5,Новосибирская
1600,5,Новосибирская
1601,5,Новосибирская
1608,5,Новосибирская
1611,5,Новосибирская
1612,5,Новосибирская
1619,5,Новосибирская
1620,5,Новосибирская
1621,5,Новосибирская
1625,5,Новосибирская
1790,6,Ростовская
1791,6,Ростовская
1792,6,Ростовская
1798,6,Ростовская
1800,6,Ростовская
1802,6,Ростовская
1803,6,Ростовская
1826,6,Ростовская
1827,6,Ростовская
1523,7,Нижегородская
1525,7,Нижегородская
1527,7,Нижегородская
1540,7,Нижегородская
1560,7,Нижегородская
2,8,Краснодарская
7,8,Краснодарская
8,8,Краснодарская
622,8,Краснодарская
626,8,Краснодарская
636,8,Краснодарская
655,8,Краснодарская
354,9,Казанская
370,9,Казанская
371,9,Казанская
375,9,Казанская
379,9,Казанская
388,9,Казанская
2275,10,Челябинская
2279,10,Челябинская
2292,10,Челябинская
2297,10,Челябинская
2298,10,Челябинская
2303,10,Челябинская
2304,10,Челябинская
2305,10,Челябинская
2312,10,Челябинская
21,11,Уфимская
44,11,Уфимская
55,11,Уфимская
60,11,Уфимская
65,11,Уфимская
76,11,Уфимская
81,11,Уфимская
1007,12,Волгоградская
1008,12,Волгоградская
1015,12,Волгоградская
1037,12,Волгоградская
1039,12,Волгоградская
666,13,Красноярская
670,13,Красноярская
679,13,Красноярская
681,13,Красноярская
686,13,Красноярская
693,13,Красноярская
706,13,Красноярская
717,13,Красноярская
1632,14,Омская
1633,14,Омская
1639,14,Омская
1641,14,Омская
1643,14,Омская
1644,14,Омская
1645,14,Омская
1652,14,Омская
1658,14,Омская
1224,15,Кемеровская
1225,15,Кемеровская
1226,15,Кемеровская
1227,15,Кемеровская
1230,15,Кемеровская
1235,15,Кемеровская
1237,15,Кемеровская
1238,15,Кемеровская
1240,15,Кемеровская
1242,15,Кемеровская
1243,15,Кемеровская
1244,15,Кемеровская
1245,15,Кемеровская
1246,15,Кемеровская
1249,15,Кемеровская
1251,15,Кемеровская
1252,15,Кемеровская
1253,15,Кемеровская
1254,15,Кемеровская
1255,15,Кемеровская
1256,15,Кемеровская
1257,15,Кемеровская
1073,16,Воронежская
1075,16,Воронежская
1081,16,Воронежская
1087,16,Воронежская
1090,16,Воронежская
1099,16,Воронежская
1102,16,Воронежская
1105,16,Воронежская
727,17,Пермская
741,17,Пермская
743,17,Пермская
748,17,Пермская
751,17,Пермская
757,17,Пермская
1948,18,Саратовская
1952,18,Саратовская
2887,18,Саратовская
1228,19,Новокузнецкая
1229,19,Новокузнецкая
1231,19,Новокузнецкая
1232,19,Новокузнецкая
1233,19,Новокузнецкая
1234,19,Новокузнецкая
1236,19,Новокузнецкая
1241,19,Новокузнецкая
1247,19,Новокузнецкая
1250,19,Новокузнецкая
3007,19,Новокузнецкая
2190,20,Тюменская
2194,20,Тюменская
2202,20,Тюменская
2205,20,Тюменская
2210,20,Тюменская
2214,20,Тюменская
2215,20,Тюменская
809,21,Ставропольская
814,21,Ставропольская
820,21,Ставропольская
831,21,Ставропольская
832,21,Ставропольская
839,21,Ставропольская
841,21,Ставропольская
1134,22,Иркутская
1135,22,Иркутская
1150,22,Иркутская
1169,22,Иркутская
418,23,Ижевская
419,23,Ижевская
422,23,Ижевская
426,23,Ижевская
430,23,Ижевская
432,23,Ижевская
438,23,Ижевская
440,23,Ижевская
444,23,Ижевская
446,23,Ижевская
107,24,Махачкалинская
139,24,Махачкалинская
140,24,Махачкалинская
2164,25,Тульско-Новомосковская
2167,25,Тульско-Новомосковская
2169,25,Тульско-Новомосковская
2180,25,Тульско-Новомосковская
2186,25,Тульско-Новомосковская
2188,25,Тульско-Новомосковская
355,26,Набережночелнинская
373,26,Набережночелнинская
382,26,Набережночелнинская
385,26,Набережночелнинская
394,26,Набережночелнинская
2318,27,Ярославско-Рыбинская
2320,27,Ярославско-Рыбинская
2324,27,Ярославско-Рыбинская
2333,27,Ярославско-Рыбинская
2334,27,Ярославско-Рыбинская
2335,27,Ярославско-Рыбинская
2337,27,Ярославско-Рыбинская
811,28,Кавминводская
812,28,Кавминводская
813,28,Кавминводская
818,28,Кавминводская
819,28,Кавминводская
824,28,Кавминводская
2876,28,Кавминводская
2881,28,Кавминводская
2251,29,Ульяновско-Димитровградская
2252,29,Ульяновско-Димитровградская
2253,29,Ульяновско-Димитровградская
2261,29,Ульяновско-Димитровградская
2263,29,Ульяновско-Димитровградская
2269,29,Ульяновско-Димитровградская
2272,29,Ульяновско-Димитровградская
2273,29,Ульяновско-Димитровградская
2274,29,Ульяновско-Димитровградская
775,30,Владивостокская
777,30,Владивостокская
778,30,Владивостокская
794,30,Владивостокская
807,30,Владивостокская
1176,31,Калининградская
1177,31,Калининградская
1179,31,Калининградская
1180,31,Калининградская
1182,31,Калининградская
1183,31,Калининградская
1184,31,Калининградская
1185,31,Калининградская
1186,31,Калининградская
1188,31,Калининградская
1190,31,Калининградская
1194,31,Калининградская
1195,31,Калининградская
504,32,Барнаульская
509,32,Барнаульская
545,32,Барнаульская
918,33,Астраханская
921,33,Астраханская
923,33,Астраханская
924,33,Астраханская
925,33,Астраханская
926,33,Астраханская
927,33,Астраханская
928,33,Астраханская
2144,34,Томская
2161,34,Томская
478,35,Чебоксарская
481,35,Чебоксарская
493,35,Чебоксарская
494,35,Чебоксарская
497,35,Чебоксарская
498,35,Чебоксарская
1845,36,Рязанская
1853,36,Рязанская
1859,36,Рязанская
1861,36,Рязанская
1863,36,Рязанская
1868,36,Рязанская
842,37,Хабаровская
860,37,Хабаровская
1665,38,Оренбургская
1695,38,Оренбургская
1699,38,Оренбургская
1734,39,Пензенская
1736,39,Пензенская
1740,39,Пензенская
1752,39,Пензенская
1758,39,Пензенская
2217,40,Сургутская
2220,40,Сургутская
2224,40,Сургутская
2226,40,Сургутская
2232,40,Сургутская
2236,40,Сургутская
2278,41,Златоустско-Миасская
2282,41,Златоустско-Миасская
2287,41,Златоустско-Миасская
2288,41,Златоустско-Миасская
2293,41,Златоустско-Миасская
2301,41,Златоустско-Миасская
2311,41,Златоустско-Миасская
2316,41,Златоустско-Миасская
3011,41,Златоустско-Миасская
3012,41,Златоустско-Миасская
1258,42,Кировская
1260,42,Кировская
1262,42,Кировская
1275,42,Кировская
1293,42,Кировская
1410,43,Липецкая
1413,43,Липецкая
1424,43,Липецкая
91,44,Улан-Удэнская
93,44,Улан-Удэнская
101,44,Улан-Удэнская
104,44,Улан-Удэнская
1981,45,Нижнетагильская
1991,45,Нижнетагильская
1992,45,Нижнетагильская
1994,45,Нижнетагильская
1996,45,Нижнетагильская
1997,45,Нижнетагильская
1999,45,Нижнетагильская
2000,45,Нижнетагильская
2001,45,Нижнетагильская
2026,45,Нижнетагильская
2029,45,Нижнетагильская
27,46,Стерлитамакская
29,46,Стерлитамакская
57,46,Стерлитамакская
73,46,Стерлитамакская
362,47,Альметьевская
368,47,Альметьевская
380,47,Альметьевская
932,48,Старооскольская
933,48,Старооскольская
1669,49,Орская
1672,49,Орская
1673,49,Орская
1692,49,Орская
448,50,Абаканская
452,50,Абаканская
453,50,Абаканская
459,50,Абаканская
1506,51,Мурманская
1517,51,Мурманская
1519,51,Мурманская
1955,52,Южно-Сахалинская
1956,52,Южно-Сахалинская
1957,52,Южно-Сахалинская
