variant,edges,clusters,q,purity,ari
G2 real (total/корзина),3036,875,0.898,0.947,0.63
G2 real (total/корзина),3036,875,0.9,0.947,0.63
G2 real (total/корзина),3036,876,0.898,0.959,0.642
G4 nation (дефляция индексами РФ),3033,875,0.894,0.944,0.618
G4 nation (дефляция индексами РФ),3033,876,0.894,0.956,0.672
G4 nation (дефляция индексами РФ),3033,873,0.893,0.938,0.625
"G1 grow (6dyn + 5 exc_growth, z)",2767,966,0.854,0.991,0.567
"G1 grow (6dyn + 5 exc_growth, z)",2767,968,0.854,0.994,0.566
"G1 grow (6dyn + 5 exc_growth, z)",2767,966,0.856,0.994,0.565
