t,cluster,n,prev_cluster,jaccard
2023-09,0,5,0,1.0
2023-09,1,3,1,1.0
2023-09,13,5,13,1.0
2023-09,14,13,14,1.0
2023-09,15,8,15,1.0
2023-09,16,11,16,1.0
2023-09,17,3,17,1.0
2023-09,18,3,18,1.0
2023-09,19,4,19,1.0
2023-09,23,5,23,1.0
2023-09,24,4,24,1.0
2023-09,27,6,27,1.0
2023-09,32,4,32,1.0
2023-09,33,4,33,1.0
2023-09,66,26,66,0.923
2023-09,77,12,78,0.917
2023-09,78,3,80,1.0
2023-09,93,3,95,1.0
2023-09,110,16,112,1.0
2023-09,111,51,119,0.392
2023-09,117,8,120,1.0
2023-09,118,46,119,0.548
2023-09,119,7,121,1.0
2023-09,121,4,123,1.0
2023-09,157,16,160,1.0
2023-09,160,4,163,1.0
2023-09,167,19,170,1.0
2023-09,178,11,181,0.917
2023-09,181,5,183,1.0
2023-09,189,3,191,1.0
2023-09,191,9,193,1.0
2023-09,194,6,196,1.0
2023-09,201,3,203,1.0
2023-09,202,3,204,1.0
2023-09,209,3,211,1.0
2023-09,252,3,254,1.0
2023-09,254,8,256,1.0
2023-09,263,6,265,1.0
2023-09,264,5,266,1.0
2023-09,266,4,268,1.0
2023-09,267,3,269,1.0
2023-09,268,3,270,1.0
2023-09,295,9,297,1.0
2023-09,296,3,298,1.0
2023-09,297,3,299,1.0
2023-09,299,5,301,1.0
2023-09,311,4,313,1.0
2023-09,312,3,314,1.0
2023-09,316,3,318,1.0
2023-09,317,5,319,1.0
2023-09,318,3,320,1.0
2023-09,328,6,330,1.0
2023-09,331,3,333,1.0
2023-09,342,4,344,1.0
2023-09,353,3,354,1.0
2023-09,355,4,356,1.0
2023-09,360,3,361,1.0
2023-09,369,4,370,1.0
2023-09,370,3,371,1.0
2023-09,388,7,389,1.0
2023-09,393,60,394,0.917
2023-09,394,6,395,1.0
2023-09,395,6,396,1.0
2023-09,400,3,401,1.0
2023-09,425,4,427,1.0
2023-09,434,8,436,1.0
2023-09,439,4,441,1.0
2023-09,440,6,442,1.0
2023-09,442,3,444,1.0
2023-09,445,6,447,1.0
2023-09,464,18,466,0.857
2023-09,465,110,525,0.973
2023-09,466,66,467,0.985
2023-09,467,130,468,0.725
2023-09,469,4,470,1.0
2023-09,470,3,471,1.0
2023-09,471,6,472,1.0
2023-09,472,7,473,1.0
2023-09,474,4,475,1.0
2023-09,480,7,481,1.0
2023-09,481,3,482,1.0
2023-09,488,3,489,1.0
2023-09,499,7,500,1.0
2023-09,501,4,502,1.0
2023-09,506,4,507,1.0
2023-09,508,4,509,1.0
2023-09,509,4,510,1.0
2023-09,532,40,534,1.0
2023-09,533,4,535,1.0
2023-09,542,13,544,1.0
2023-09,546,3,549,1.0
2023-09,557,4,560,1.0
2023-09,560,3,563,1.0
2023-09,564,3,567,1.0
2023-09,566,8,569,1.0
2023-09,575,7,578,1.0
2023-09,599,7,602,1.0
2023-09,606,3,609,1.0
2023-09,624,5,627,1.0
2023-09,625,3,628,1.0
2023-09,626,4,629,1.0
2023-09,646,3,648,1.0
2023-09,649,13,651,1.0
2023-09,650,3,652,1.0
2023-09,655,9,657,1.0
2023-09,658,3,660,1.0
2023-09,659,3,661,1.0
2023-09,660,8,662,1.0
2023-09,665,4,667,1.0
2023-09,671,3,673,1.0
2023-09,672,4,674,1.0
2023-09,673,6,675,1.0
2023-09,676,3,678,1.0
2023-09,680,17,682,1.0
2023-09,698,3,700,1.0
2023-09,704,3,706,1.0
2023-09,713,22,715,1.0
2023-09,716,9,718,1.0
2023-09,720,5,722,1.0
2023-09,721,4,723,1.0
2023-09,722,3,724,1.0
2023-09,735,13,737,1.0
2023-09,736,4,738,1.0
2023-09,739,5,741,1.0
2023-09,743,3,745,1.0
2023-09,752,3,754,1.0
2023-09,767,3,769,1.0
2023-09,780,3,783,1.0
2023-09,800,3,803,1.0
2023-09,823,3,826,1.0
2023-09,827,17,830,1.0
2023-09,828,5,831,1.0
2023-09,839,4,842,1.0
2023-09,841,3,844,1.0
2023-09,854,50,547,0.6
2023-12,0,5,0,1.0
2023-12,1,3,1,1.0
2023-12,13,5,13,1.0
2023-12,14,13,14,1.0
2023-12,15,8,15,1.0
2023-12,16,11,16,1.0
2023-12,17,3,17,1.0
2023-12,18,3,18,1.0
2023-12,19,4,19,1.0
2023-12,23,5,23,1.0
2023-12,24,4,24,1.0
2023-12,27,6,27,1.0
2023-12,32,4,32,1.0
2023-12,33,4,33,1.0
2023-12,66,26,66,1.0
2023-12,77,12,77,1.0
2023-12,78,3,78,1.0
2023-12,93,3,93,1.0
2023-12,110,16,110,1.0
2023-12,111,51,111,1.0
2023-12,117,8,117,1.0
2023-12,118,46,118,1.0
2023-12,119,7,119,1.0
2023-12,121,4,121,1.0
2023-12,157,16,157,1.0
2023-12,160,4,160,1.0
2023-12,167,19,167,1.0
2023-12,178,11,178,1.0
2023-12,181,5,181,1.0
2023-12,189,3,189,1.0
2023-12,191,9,191,1.0
2023-12,194,6,194,1.0
2023-12,201,3,201,1.0
2023-12,202,3,202,1.0
2023-12,209,3,209,1.0
2023-12,252,3,252,1.0
2023-12,254,8,254,1.0
2023-12,263,6,263,1.0
2023-12,264,5,264,1.0
2023-12,266,4,266,1.0
2023-12,267,3,267,1.0
2023-12,268,3,268,1.0
2023-12,295,9,295,1.0
2023-12,296,3,296,1.0
2023-12,297,3,297,1.0
2023-12,299,5,299,1.0
2023-12,311,4,311,1.0
2023-12,312,3,312,1.0
2023-12,316,3,316,1.0
2023-12,317,5,317,1.0
2023-12,318,3,318,1.0
2023-12,328,6,328,1.0
2023-12,331,3,331,1.0
2023-12,342,4,342,1.0
2023-12,353,3,353,1.0
2023-12,355,4,355,1.0
2023-12,360,3,360,1.0
2023-12,369,4,369,1.0
2023-12,370,3,370,1.0
2023-12,388,7,388,1.0
2023-12,393,51,393,0.85
2023-12,394,6,394,1.0
2023-12,395,118,467,0.784
2023-12,396,6,395,1.0
2023-12,401,3,400,1.0
2023-12,426,4,425,1.0
2023-12,435,8,434,1.0
2023-12,440,4,439,1.0
2023-12,441,6,440,1.0
2023-12,443,3,442,1.0
2023-12,446,6,445,1.0
2023-12,465,21,464,0.857
2023-12,466,66,466,1.0
2023-12,468,4,469,1.0
2023-12,469,3,470,1.0
2023-12,470,6,471,1.0
2023-12,471,7,472,1.0
2023-12,473,4,474,1.0
2023-12,479,7,480,1.0
2023-12,480,3,481,1.0
2023-12,487,3,488,1.0
2023-12,498,7,499,1.0
2023-12,500,4,501,1.0
2023-12,505,4,506,1.0
2023-12,507,4,508,1.0
2023-12,508,4,509,1.0
2023-12,524,107,465,0.973
2023-12,533,39,532,0.975
2023-12,534,4,533,1.0
2023-12,544,13,542,1.0
2023-12,547,70,854,0.714
2023-12,549,3,546,1.0
2023-12,560,4,557,1.0
2023-12,563,3,560,1.0
2023-12,567,3,564,1.0
2023-12,569,8,566,1.0
2023-12,578,7,575,1.0
2023-12,602,7,599,1.0
2023-12,609,3,606,1.0
2023-12,627,5,624,1.0
2023-12,628,3,625,1.0
2023-12,629,4,626,1.0
2023-12,649,3,646,1.0
2023-12,652,13,649,1.0
2023-12,653,3,650,1.0
2023-12,658,9,655,1.0
2023-12,661,3,658,1.0
2023-12,662,3,659,1.0
2023-12,663,8,660,1.0
2023-12,668,4,665,1.0
2023-12,674,3,671,1.0
2023-12,675,4,672,1.0
2023-12,676,6,673,1.0
2023-12,679,3,676,1.0
2023-12,683,17,680,1.0
2023-12,701,3,698,1.0
2023-12,707,3,704,1.0
2023-12,716,22,713,1.0
2023-12,719,9,716,1.0
2023-12,723,5,720,1.0
2023-12,724,4,721,1.0
2023-12,725,3,722,1.0
2023-12,738,13,735,1.0
2023-12,739,4,736,1.0
2023-12,742,5,739,1.0
2023-12,746,3,743,1.0
2023-12,755,3,752,1.0
2023-12,770,3,767,1.0
2023-12,783,3,780,1.0
2023-12,803,3,800,1.0
2023-12,826,3,823,1.0
2023-12,830,17,827,1.0
2023-12,831,5,828,1.0
2023-12,842,4,839,1.0
2023-12,844,3,841,1.0
2024-03,0,5,0,1.0
2024-03,1,3,1,1.0
2024-03,13,5,13,1.0
2024-03,14,13,14,1.0
2024-03,15,7,15,0.875
2024-03,16,11,16,1.0
2024-03,17,3,17,1.0
2024-03,19,4,19,1.0
2024-03,23,5,23,1.0
2024-03,24,4,24,1.0
2024-03,27,6,27,1.0
2024-03,32,4,32,1.0
2024-03,33,4,33,1.0
2024-03,66,27,66,0.963
2024-03,76,12,77,1.0
2024-03,77,3,78,1.0
2024-03,92,3,93,1.0
2024-03,109,16,110,1.0
2024-03,110,13,111,0.255
2024-03,115,72,111,0.447
2024-03,116,8,117,1.0
2024-03,117,7,119,1.0
2024-03,119,4,121,1.0
2024-03,155,16,157,1.0
2024-03,158,4,160,1.0
2024-03,165,19,167,1.0
2024-03,176,12,178,0.917
2024-03,178,5,181,1.0
2024-03,186,3,189,1.0
2024-03,188,9,191,1.0
2024-03,191,6,194,1.0
2024-03,198,3,201,1.0
2024-03,199,3,202,1.0
2024-03,206,3,209,1.0
2024-03,249,3,252,1.0
2024-03,251,8,254,1.0
2024-03,260,6,263,1.0
2024-03,261,5,264,1.0
2024-03,263,4,266,1.0
2024-03,264,3,267,1.0
2024-03,265,3,268,1.0
2024-03,292,9,295,1.0
2024-03,293,3,296,1.0
2024-03,294,3,297,1.0
2024-03,296,5,299,1.0
2024-03,308,4,311,1.0
2024-03,309,3,312,1.0
2024-03,313,3,316,1.0
2024-03,314,5,317,1.0
2024-03,315,3,318,1.0
2024-03,325,6,328,1.0
2024-03,328,3,331,1.0
2024-03,339,4,342,1.0
2024-03,350,3,353,1.0
2024-03,352,4,355,1.0
2024-03,357,3,360,1.0
2024-03,366,4,369,1.0
2024-03,367,3,370,1.0
2024-03,385,7,388,1.0
2024-03,390,51,393,1.0
2024-03,391,6,394,1.0
2024-03,392,71,395,0.562
2024-03,393,13,118,0.283
2024-03,394,6,396,1.0
2024-03,399,3,401,1.0
2024-03,424,4,426,1.0
2024-03,433,8,435,1.0
2024-03,438,4,440,1.0
2024-03,439,6,441,1.0
2024-03,441,3,443,1.0
2024-03,444,6,446,1.0
2024-03,463,20,465,0.952
2024-03,464,108,524,0.991
2024-03,465,46,466,0.697
2024-03,467,4,468,1.0
2024-03,468,3,469,1.0
2024-03,469,6,470,1.0
2024-03,470,7,471,1.0
2024-03,472,4,473,1.0
2024-03,478,7,479,1.0
2024-03,479,3,480,1.0
2024-03,486,3,487,1.0
2024-03,497,7,498,1.0
2024-03,499,4,500,1.0
2024-03,504,4,505,1.0
2024-03,506,4,507,1.0
2024-03,507,4,508,1.0
2024-03,530,41,533,0.951
2024-03,531,4,534,1.0
2024-03,541,13,544,1.0
2024-03,544,70,547,0.918
2024-03,546,3,549,1.0
2024-03,557,4,560,1.0
2024-03,560,3,563,1.0
2024-03,564,3,567,1.0
2024-03,566,8,569,1.0
2024-03,575,7,578,1.0
2024-03,599,7,602,1.0
2024-03,606,3,609,1.0
2024-03,624,5,627,1.0
2024-03,625,3,628,1.0
2024-03,626,4,629,1.0
2024-03,646,3,649,1.0
2024-03,648,19,466,0.288
2024-03,651,13,652,1.0
2024-03,652,3,653,1.0
2024-03,657,9,658,1.0
2024-03,660,3,661,1.0
2024-03,661,3,662,1.0
2024-03,662,8,663,1.0
2024-03,667,4,668,1.0
2024-03,672,3,674,1.0
2024-03,673,4,675,1.0
2024-03,674,6,676,1.0
2024-03,677,3,679,1.0
2024-03,681,17,683,1.0
2024-03,699,3,701,1.0
2024-03,705,3,707,1.0
2024-03,714,22,716,1.0
2024-03,717,8,719,0.889
2024-03,721,5,723,1.0
2024-03,722,4,724,1.0
2024-03,723,3,725,1.0
2024-03,737,13,738,1.0
2024-03,738,4,739,1.0
2024-03,741,5,742,1.0
2024-03,745,3,746,1.0
2024-03,754,3,755,1.0
2024-03,769,3,770,1.0
2024-03,782,3,783,1.0
2024-03,802,3,803,1.0
2024-03,825,3,826,1.0
2024-03,829,17,830,1.0
2024-03,830,5,831,1.0
2024-03,842,4,842,1.0
2024-03,844,3,844,1.0
2024-03,857,49,395,0.403
2024-06,0,5,0,1.0
2024-06,1,3,1,1.0
2024-06,13,5,13,1.0
2024-06,14,13,14,1.0
2024-06,15,8,15,0.875
2024-06,16,11,16,1.0
2024-06,17,3,17,1.0
2024-06,19,4,19,1.0
2024-06,23,5,23,1.0
2024-06,24,4,24,1.0
2024-06,27,6,27,1.0
2024-06,32,4,32,1.0
2024-06,33,4,33,1.0
2024-06,70,25,66,0.926
2024-06,80,12,76,1.0
2024-06,81,3,77,1.0
2024-06,96,3,92,1.0
2024-06,113,16,109,1.0
2024-06,114,51,115,0.447
2024-06,119,47,115,0.4
2024-06,120,8,116,1.0
2024-06,121,7,117,1.0
2024-06,123,4,119,1.0
2024-06,159,16,155,1.0
2024-06,162,4,158,1.0
2024-06,169,19,165,1.0
2024-06,180,12,176,1.0
2024-06,182,5,178,1.0
2024-06,190,3,186,1.0
2024-06,192,9,188,1.0
2024-06,195,6,191,1.0
2024-06,202,3,198,1.0
2024-06,203,3,199,1.0
2024-06,210,3,206,1.0
2024-06,254,3,249,1.0
2024-06,256,8,251,1.0
2024-06,265,6,260,1.0
2024-06,266,5,261,1.0
2024-06,268,4,263,1.0
2024-06,269,3,264,1.0
2024-06,270,3,265,1.0
2024-06,297,9,292,1.0
2024-06,298,3,293,1.0
2024-06,299,3,294,1.0
2024-06,301,5,296,1.0
2024-06,313,4,308,1.0
2024-06,314,3,309,1.0
2024-06,318,3,313,1.0
2024-06,319,5,314,1.0
2024-06,320,3,315,1.0
2024-06,330,6,325,1.0
2024-06,333,3,328,1.0
2024-06,341,3,336,0.667
2024-06,344,4,339,1.0
2024-06,379,4,366,1.0
2024-06,380,3,367,1.0
2024-06,398,7,385,1.0
2024-06,403,60,390,0.85
2024-06,404,6,391,1.0
2024-06,405,6,394,1.0
2024-06,410,3,399,1.0
2024-06,435,4,424,1.0
2024-06,444,8,433,1.0
2024-06,449,4,438,1.0
2024-06,450,6,439,1.0
2024-06,452,3,441,1.0
2024-06,455,6,444,1.0
2024-06,474,21,463,0.952
2024-06,475,46,465,1.0
2024-06,476,113,392,0.484
2024-06,478,4,467,1.0
2024-06,479,3,468,1.0
2024-06,480,6,469,1.0
2024-06,481,7,470,1.0
2024-06,483,4,472,1.0
2024-06,489,7,478,1.0
2024-06,490,3,479,1.0
2024-06,497,3,486,1.0
2024-06,508,7,497,1.0
2024-06,510,4,499,1.0
2024-06,515,4,504,1.0
2024-06,517,4,506,1.0
2024-06,518,4,507,1.0
2024-06,533,107,464,0.991
2024-06,542,41,530,1.0
2024-06,543,4,531,1.0
2024-06,553,13,541,1.0
2024-06,557,3,546,1.0
2024-06,568,4,557,1.0
2024-06,571,3,560,1.0
2024-06,575,3,564,1.0
2024-06,577,8,566,1.0
2024-06,586,7,575,1.0
2024-06,610,7,599,1.0
2024-06,617,3,606,1.0
2024-06,634,3,623,0.667
2024-06,635,5,624,1.0
2024-06,636,3,625,1.0
2024-06,637,4,626,1.0
2024-06,656,3,646,1.0
2024-06,658,19,648,1.0
2024-06,661,13,651,1.0
2024-06,662,3,652,1.0
2024-06,667,9,657,1.0
2024-06,670,3,660,1.0
2024-06,671,3,661,1.0
2024-06,672,8,662,1.0
2024-06,677,4,667,1.0
2024-06,683,4,673,1.0
2024-06,684,6,674,1.0
2024-06,688,3,677,1.0
2024-06,692,16,681,0.941
2024-06,710,3,699,1.0
2024-06,716,3,705,1.0
2024-06,725,22,714,1.0
2024-06,728,9,717,0.889
2024-06,732,5,721,1.0
2024-06,733,4,722,1.0
2024-06,734,3,723,1.0
2024-06,747,13,737,1.0
2024-06,748,4,738,1.0
2024-06,751,5,741,1.0
2024-06,755,3,745,1.0
2024-06,764,3,754,1.0
2024-06,779,3,769,1.0
2024-06,792,3,782,1.0
2024-06,813,3,802,1.0
2024-06,836,3,825,1.0
2024-06,840,17,829,1.0
2024-06,841,5,830,1.0
2024-06,853,4,842,1.0
2024-06,855,3,844,1.0
2024-06,868,69,544,0.878
2024-09,0,5,0,1.0
2024-09,1,3,1,1.0
2024-09,13,5,13,1.0
2024-09,14,13,14,1.0
2024-09,15,8,15,1.0
2024-09,16,11,16,1.0
2024-09,17,3,17,1.0
2024-09,18,3,18,0.667
2024-09,19,4,19,1.0
2024-09,23,5,23,1.0
2024-09,24,4,24,1.0
2024-09,27,6,27,1.0
2024-09,32,4,32,1.0
2024-09,33,4,33,1.0
2024-09,70,25,70,1.0
2024-09,80,12,80,1.0
2024-09,81,3,81,1.0
2024-09,96,3,96,1.0
2024-09,113,16,113,1.0
2024-09,114,14,114,0.275
2024-09,119,71,114,0.435
2024-09,120,8,120,1.0
2024-09,121,7,121,1.0
2024-09,123,4,123,1.0
2024-09,159,16,159,1.0
2024-09,162,4,162,1.0
2024-09,169,19,169,1.0
2024-09,180,12,180,1.0
2024-09,182,5,182,1.0
2024-09,190,3,190,1.0
2024-09,192,9,192,1.0
2024-09,195,6,195,1.0
2024-09,202,3,202,1.0
2024-09,203,3,203,1.0
2024-09,210,3,210,1.0
2024-09,254,3,254,1.0
2024-09,256,8,256,1.0
2024-09,265,6,265,1.0
2024-09,266,5,266,1.0
2024-09,268,4,268,1.0
2024-09,269,3,269,1.0
2024-09,270,3,270,1.0
2024-09,297,9,297,1.0
2024-09,298,3,298,1.0
2024-09,299,3,299,1.0
2024-09,301,5,301,1.0
2024-09,313,4,313,1.0
2024-09,314,3,314,1.0
2024-09,318,3,318,1.0
2024-09,319,5,319,1.0
2024-09,320,3,320,1.0
2024-09,330,6,330,1.0
2024-09,333,3,333,1.0
2024-09,341,3,341,1.0
2024-09,344,4,344,1.0
2024-09,379,4,379,1.0
2024-09,380,3,380,1.0
2024-09,398,6,398,0.857
2024-09,404,60,403,1.0
2024-09,405,6,404,1.0
2024-09,406,13,119,0.277
2024-09,407,6,405,1.0
2024-09,412,3,410,1.0
2024-09,437,4,435,1.0
2024-09,446,8,444,1.0
2024-09,451,4,449,1.0
2024-09,452,6,450,1.0
2024-09,454,3,452,1.0
2024-09,457,6,455,1.0
2024-09,476,21,474,1.0
2024-09,477,68,475,0.676
2024-09,479,4,478,1.0
2024-09,480,3,479,1.0
2024-09,481,6,480,1.0
2024-09,482,7,481,1.0
2024-09,484,4,483,1.0
2024-09,490,7,489,1.0
2024-09,491,3,490,1.0
2024-09,498,3,497,1.0
2024-09,509,7,508,1.0
2024-09,511,4,510,1.0
2024-09,516,4,515,1.0
2024-09,518,4,517,1.0
2024-09,519,4,518,1.0
2024-09,534,107,533,1.0
2024-09,543,41,542,0.952
2024-09,544,4,543,1.0
2024-09,553,100,476,0.76
2024-09,554,13,553,1.0
2024-09,558,3,557,1.0
2024-09,569,4,568,1.0
2024-09,572,3,571,1.0
2024-09,576,3,575,1.0
2024-09,578,8,577,1.0
2024-09,587,7,586,1.0
2024-09,611,7,610,1.0
2024-09,618,3,617,1.0
2024-09,635,3,634,1.0
2024-09,636,5,635,1.0
2024-09,637,3,636,1.0
2024-09,638,4,637,1.0
2024-09,657,3,656,1.0
2024-09,659,19,658,1.0
2024-09,663,13,661,1.0
2024-09,664,3,662,1.0
2024-09,669,9,667,1.0
2024-09,672,3,670,1.0
2024-09,673,3,671,1.0
2024-09,674,8,672,1.0
2024-09,679,4,677,1.0
2024-09,685,4,683,1.0
2024-09,686,6,684,1.0
2024-09,690,3,688,1.0
2024-09,694,16,692,1.0
2024-09,712,3,710,1.0
2024-09,718,3,716,1.0
2024-09,727,22,725,1.0
2024-09,730,9,728,1.0
2024-09,734,5,732,1.0
2024-09,735,4,733,1.0
2024-09,736,3,734,1.0
2024-09,749,13,747,1.0
2024-09,750,4,748,1.0
2024-09,753,5,751,1.0
2024-09,757,3,755,1.0
2024-09,766,3,764,1.0
2024-09,781,3,779,1.0
2024-09,794,3,792,1.0
2024-09,814,3,813,1.0
2024-09,837,3,836,1.0
2024-09,841,17,840,1.0
2024-09,842,5,841,1.0
2024-09,853,4,853,1.0
2024-09,855,3,855,1.0
2024-09,868,61,868,0.884
2024-12,0,5,0,1.0
2024-12,1,3,1,1.0
2024-12,13,5,13,1.0
2024-12,14,13,14,1.0
2024-12,15,8,15,1.0
2024-12,16,11,16,1.0
2024-12,17,3,17,1.0
2024-12,18,3,18,1.0
2024-12,19,4,19,1.0
2024-12,23,5,23,1.0
2024-12,24,4,24,1.0
2024-12,27,6,27,1.0
2024-12,32,4,32,1.0
2024-12,33,4,33,1.0
2024-12,70,25,70,1.0
2024-12,80,12,80,1.0
2024-12,81,3,81,1.0
2024-12,96,3,96,1.0
2024-12,113,16,113,1.0
2024-12,114,51,119,0.435
2024-12,119,47,119,0.405
2024-12,120,8,120,1.0
2024-12,121,7,121,1.0
2024-12,123,4,123,1.0
2024-12,159,16,159,1.0
2024-12,162,4,162,1.0
2024-12,169,19,169,1.0
2024-12,180,12,180,1.0
2024-12,182,5,182,1.0
2024-12,190,3,190,1.0
2024-12,192,9,192,1.0
2024-12,195,6,195,1.0
2024-12,202,3,202,1.0
2024-12,203,3,203,1.0
2024-12,210,3,210,1.0
2024-12,254,3,254,1.0
2024-12,256,7,256,0.875
2024-12,265,6,265,1.0
2024-12,266,5,266,1.0
2024-12,268,4,268,1.0
2024-12,269,3,269,1.0
2024-12,270,3,270,1.0
2024-12,297,9,297,1.0
2024-12,298,3,298,1.0
2024-12,299,3,299,1.0
2024-12,301,5,301,1.0
2024-12,313,4,313,1.0
2024-12,314,3,314,1.0
2024-12,318,3,318,1.0
2024-12,319,5,319,1.0
2024-12,320,3,320,1.0
2024-12,330,6,330,1.0
2024-12,333,3,333,1.0
2024-12,341,3,341,1.0
2024-12,344,4,344,1.0
2024-12,379,4,379,1.0
2024-12,380,3,380,1.0
2024-12,398,7,398,0.857
2024-12,403,60,404,1.0
2024-12,404,6,405,1.0
2024-12,405,6,407,1.0
2024-12,410,3,412,1.0
2024-12,435,4,437,1.0
2024-12,444,8,446,1.0
2024-12,449,4,451,1.0
2024-12,450,6,452,1.0
2024-12,452,3,454,1.0
2024-12,455,6,457,1.0
2024-12,474,18,476,0.857
2024-12,475,110,534,0.973
2024-12,476,66,477,0.523
2024-12,477,119,553,0.795
2024-12,479,4,479,1.0
2024-12,480,3,480,1.0
2024-12,481,6,481,1.0
2024-12,482,7,482,1.0
2024-12,484,4,484,1.0
2024-12,490,7,490,1.0
2024-12,491,3,491,1.0
2024-12,498,3,498,1.0
2024-12,509,7,509,1.0
2024-12,511,4,511,1.0
2024-12,516,4,516,1.0
2024-12,518,4,518,1.0
2024-12,519,4,519,1.0
2024-12,542,42,543,0.976
2024-12,543,4,544,1.0
2024-12,552,13,554,1.0
2024-12,556,3,558,1.0
2024-12,567,4,569,1.0
2024-12,570,3,572,1.0
2024-12,574,3,576,1.0
2024-12,576,8,578,1.0
2024-12,585,7,587,1.0
2024-12,609,7,611,1.0
2024-12,616,3,618,1.0
2024-12,633,3,635,1.0
2024-12,634,5,636,1.0
2024-12,635,3,637,1.0
2024-12,636,4,638,1.0
2024-12,655,3,657,1.0
2024-12,658,13,663,1.0
2024-12,659,3,664,1.0
2024-12,664,9,669,1.0
2024-12,667,3,672,1.0
2024-12,668,3,673,1.0
2024-12,669,8,674,1.0
2024-12,674,4,679,1.0
2024-12,680,4,685,1.0
2024-12,681,6,686,1.0
2024-12,685,3,690,1.0
2024-12,689,16,694,1.0
2024-12,707,3,712,1.0
2024-12,713,3,718,1.0
2024-12,723,22,727,1.0
2024-12,726,9,730,1.0
2024-12,730,5,734,1.0
2024-12,731,4,735,1.0
2024-12,732,3,736,1.0
2024-12,745,13,749,1.0
2024-12,746,4,750,1.0
2024-12,749,5,753,1.0
2024-12,753,3,757,1.0
2024-12,762,3,766,1.0
2024-12,777,3,781,1.0
2024-12,790,3,794,1.0
2024-12,810,3,814,1.0
2024-12,833,3,837,1.0
2024-12,837,17,841,1.0
2024-12,838,5,842,1.0
2024-12,849,4,853,1.0
2024-12,851,3,855,1.0
2024-12,864,64,868,0.953
