partition,id,name,size,PP
production,0,Майкоп — Майкопский — Кошехабльский,5,0.1491
production,1,Тахтамукайский — Теучежский — Адыгейск,3,0.2037
production,2,Красногвардейский,1,0.1602
production,3,Горно-Алтайск — Майминский,2,0.3363
production,4,Кош-Агачский,1,0.2695
production,5,Онгудайский,1,0.3525
production,6,Турочакский,1,0.2712
production,7,Улаганский,1,0.2968
production,8,Усть-Канский,1,0.1894
production,9,Усть-Коксинский,1,0.37
production,10,Чемальский,1,0.3187
production,11,Чойский,1,0.3832
production,12,Шебалинский,1,0.319
production,13,Уфа — Уфимский — Иглинский,5,0.1956
production,14,Ижевск — Нефтекамск — Сарапул,13,0.0871
production,15,Стерлитамак — Салават — Ишимбайский,8,0.1073
production,16,Альметьевский — Туймазинский — Октябрьский,11,0.1448
production,17,Сибай — Баймакский — Кизильский,3,0.2203
production,18,Магнитогорский — Абзелиловский — Агаповский,3,0.2714
production,19,Чишминский — Давлекановский — Альшеевский,4,0.1695
production,20,Кармаскалинский — Архангельский,2,0.1565
production,21,Аскинский,1,0.1581
production,22,Бакалинский,1,0.3121
production,23,Чернушинский — Куединский — Татышлинский,5,0.1051
production,24,Белебеевский — Абдулинский — Ермекеевский,4,0.1665
production,25,Белокатайский — Кигинский,2,0.1793
production,26,Белорецкий,1,0.2973
production,27,Миякинский — Бижбулякский — Шарлыкский,6,0.1678
production,28,Бирский — Мишкинский,2,0.2629
production,29,Буздякский,1,0.1673
production,30,Бурзянский,1,0.2954
production,31,Гафурийский,1,0.2332
production,32,Дуванский — Катав-Ивановский — Усть-Катавский,4,0.1388
production,33,Дюртюлинский — Илишевский — Чекмагушевский,4,0.1673
production,34,Зианчуринский — Тюльганский,2,0.1174
production,35,Зилаирский,1,0.1873
production,36,Караидельский,1,0.3127
production,37,Кугарчинский,1,0.2281
production,38,Мечетлинский,1,0.216
production,39,Учалинский,1,0.2977
production,40,Хайбуллинский,1,0.2665
production,41,Янаульский,1,0.1548
production,42,Северобайкальск,1,0.5941
production,43,Баргузинский,1,0.414
production,44,Баунтовский эвенкийский,1,0.2959
production,45,Бичурский,1,0.3332
production,46,Джидинский,1,0.3295
production,47,Еравнинский,1,0.2715
production,48,Заиграевский,1,0.2564
production,49,Закаменский,1,0.3349
production,50,Иволгинский,1,0.1858
production,51,Кабанский,1,0.2932
production,52,Кижингинский,1,0.2492
production,53,Курумканский,1,0.3278
production,54,Кяхтинский,1,0.2631
production,55,Муйский,1,0.2234
production,56,Мухоршибирский,1,0.3856
production,57,Окинский,1,0.3059
production,58,Прибайкальский,1,0.2333
production,59,Северо-Байкальский,1,0.2597
production,60,Селенгинский,1,0.3135
production,61,Тарбагатайский,1,0.2908
production,62,Тункинский,1,0.243
production,63,Хоринский,1,0.3431
production,64,Махачкала — Буйнакск,2,0.0294
production,65,Избербаш,1,0.4167
production,66,Кизилюрт,1,0.258
production,67,Кизляр,1,0.0732
production,68,Магас,1,0.7598
production,69,Назрань,1,0.3791
production,70,Владикавказ — Пятигорск — Нальчик,25,0.0803
production,71,Эльбрусский,1,0.3458
production,72,Яшалтинский — овиковский,2,0.3182
production,73,Лаганский,1,0.5407
production,74,Сарпинский — Малодербетовский,2,0.2345
production,75,Октябрьский,1,0.4857
production,76,Целинный,1,0.3419
production,77,Черноземельский,1,0.3808
production,78,Енотаевский — Юстинский,2,0.3691
production,79,Яшкульский,1,0.4176
production,80,Невинномысск — Черкесский — Кочубеевский,12,0.0874
production,81,Петрозаводский — Прионежский — Пряжинский,3,0.279
production,82,Костомукшский,1,0.3568
production,83,Беломорский,1,0.4785
production,84,Калевальский,1,0.369
production,85,Кемский,1,0.493
production,86,Кондопожский,1,0.4138
production,87,Сортавальский — Лахденпохский,2,0.3891
production,88,Лоухский,1,0.5013
production,89,Медвежьегорский,1,0.2562
production,90,Муезерский,1,0.3856
production,91,Олонецкий,1,0.3585
production,92,Питкярантский,1,0.4074
production,93,Пудожский,1,0.5206
production,94,Сегежский,1,0.3395
production,95,Суоярвский,1,0.4068
production,96,Сыктывкар — Сыктывдинский — Корткеросский,3,0.3419
production,97,Воркута,1,0.2662
production,98,Вуктыл,1,0.3759
production,99,Инта,1,0.4957
production,100,Усинск,1,0.5723
production,101,Ухта — Сосногорск,2,0.3923
production,102,Ижемский,1,0.482
production,103,Княжпогостский,1,0.333
production,104,Койгородский,1,0.3978
production,105,Печора,1,0.4296
production,106,Прилузский,1,0.3826
production,107,Сысольский,1,0.4508
production,108,Троицко-Печорский,1,0.4513
production,109,Удорский,1,0.2943
production,110,Усть-Вымский,1,0.3522
production,111,Усть-Куломский,1,0.43
production,112,Усть-Цилемский,1,0.5705
production,113,Йошкар-Ола — Медведевский — Советский,16,0.1716
production,114,Казань — Ульяновск — Чебоксары,51,0.089
production,115,Козьмодемьянск — Горномарийский,2,0.1712
production,116,Килемарский — Санчурский,2,0.2113
production,117,Моркинский,1,0.2075
production,118,Юринский,1,0.2711
production,119,Нижний Новгород — Саранск — Дзержинск,47,0.1014
production,120,Зубово-Полянский — Краснослободский — Торбеевский,8,0.1184
production,121,Ковылкинский — Нижнеломовский — Башмаковский,7,0.1521
production,122,Старошайговский,1,0.2054
production,123,Вознесенский — Теньгушевский — Кадомский,4,0.2723
production,124,Якутск — Мегино-Кангаласский,2,0.3456
production,125,Абыйский,1,0.3396
production,126,Алданский,1,0.2776
production,127,Аллаиховский,1,0.207
production,128,Амгинский,1,0.3357
production,129,Анабарский национальный (долгано-эвенкийский),1,0.1075
production,130,Булунский,1,0.0569
production,131,Верхневилюйский,1,0.0813
production,132,Верхнеколымский,1,0.2719
production,133,Верхоянский,1,0.2931
production,134,Вилюйский,1,0.1199
production,135,Горный,1,0.3428
production,136,Жиганский,1,0.3152
production,137,Кобяйский,1,0.3607
production,138,Нюрбинский,1,0.1754
production,139,Ленский,1,0.2775
production,140,Мирнинский,1,0.2007
production,141,Момский,1,0.2391
production,142,Намский,1,0.4125
production,143,Нерюнгринский,1,0.1498
production,144,Нижнеколымский,1,0.2637
production,145,Оймяконский,1,0.316
production,146,Олекминский,1,0.2626
production,147,Оленекский эвенкийский национальный,1,0.1681
production,148,Среднеколымский,1,0.2841
production,149,Сунтарский,1,0.2055
production,150,Таттинский,1,0.4
production,151,Томпонский,1,0.385
production,152,Усть-Алданский,1,0.524
production,153,Усть-Майский,1,0.2404
production,154,Усть-Янский,1,0.1555
production,155,Хангаласский,1,0.3106
production,156,Чурапчинский,1,0.2951
production,157,Эвено-Бытантайский национальный,1,0.3388
production,158,Моздокский,1,0.259
production,159,Набережные Челны — Нижнекамский — Елабужский,16,0.0887
production,160,Аксубаевский,1,0.1814
production,161,Актанышский,1,0.2085
production,162,Лаишевский — Чистопольский — Алексеевский,4,0.1862
production,163,Алькеевский,1,0.2288
production,164,Верхнеуслонский,1,0.2472
production,165,Мамадышский,1,0.289
production,166,Мензелинский,1,0.216
production,167,Муслюмовский,1,0.2684
production,168,Новошешминский,1,0.288
production,169,Самара — Волжский — Новокуйбышевск,19,0.072
production,170,Спасский,1,0.1958
production,171,Барун-Хемчикский — Бай-Тайгинский,2,0.3942
production,172,Дзун-Хемчикский — Сут-Хольский,2,0.343
production,173,Каа-Хемский,1,0.2421
production,174,Кызылский,1,0.1126
production,175,Пий-Хемский,1,0.2632
production,176,Тандинский,1,0.2711
production,177,Тоджинский,1,0.3124
production,178,Улуг-Хемский,1,0.1906
production,179,Чеди-Хольский,1,0.3032
production,180,Воткинск — Чайковский — Глазов,12,0.0983
production,181,Каракулинский район,1,0.2511
production,182,Абакан — Минусинск — Черногорск,5,0.2251
production,183,Таштыпский — Абаза,2,0.2655
production,184,Саяногорск — Бейский,2,0.4394
production,185,Сорск,1,0.2643
production,186,Боградский,1,0.2838
production,187,Ужурский — Орджоникидзевский,2,0.1715
production,188,Ширинский,1,0.2757
production,189,Грозный,1,0.3018
production,190,Барнаул — Новоалтайск — Первомайский,3,0.1681
production,191,Алейск — Алейский,2,0.4511
production,192,Бийск — Бийский — Алтайский,9,0.1881
production,193,Заринск — Залесовский,2,0.2922
production,194,Рубцовск — Егорьевский,2,0.2768
production,195,Славгород — Кулундинский — Яровое,6,0.3109
production,196,Баевский,1,0.3618
production,197,Благовещенский — Родинский,2,0.3537
production,198,Бурлинский,1,0.2253
production,199,Быстроистокский,1,0.36
production,200,Волчихинский,1,0.4191
production,201,Ельцовский,1,0.2118
production,202,Мамонтовский — Завьяловский — Романовский,3,0.3892
production,203,Локтевский — Змеиногорский — Третьяковский,3,0.2778
production,204,Калманский,1,0.319
production,205,Каменский — Крутихинский,2,0.2598
production,206,Красногорский,1,0.378
production,207,Краснощёковский — Курьинский,2,0.3282
production,208,Кытмановский — Тогульский,2,0.318
production,209,Михайловский,1,0.5521
production,210,Шипуновский — Поспелихинский — Новичихинский,3,0.3738
production,211,Павловский — Шелаболихинский,2,0.2107
production,212,Панкрушихинский,1,0.4699
production,213,Петропавловский,1,0.4752
production,214,Ребрихинский,1,0.5094
production,215,Суетский район,1,0.3398
production,216,Солонешенский,1,0.3928
production,217,Солтонский,1,0.334
production,218,Тальменский,1,0.2845
production,219,Топчихинский,1,0.2273
production,220,Тюменцевский,1,0.2536
production,221,Угловский,1,0.3789
production,222,Усть-Калманский — Усть-Пристанский,2,0.2794
production,223,Хабарский,1,0.3215
production,224,Целинный,1,0.3314
production,225,Чарышский район,1,0.2576
production,226,Чита,1,0.3462
production,227,Петровск-Забайкальский — Петровск-Забайкальский,2,0.2719
production,228,Акшинский,1,0.4503
production,229,Александрово-Заводский,1,0.3544
production,230,Балейский,1,0.2727
production,231,Борзинский,1,0.319
production,232,Газимуро-Заводский,1,0.2043
production,233,Забайкальский,1,0.4577
production,234,Каларский,1,0.2152
production,235,Калганский,1,0.2684
production,236,Карымский,1,0.2641
production,237,Краснокаменск и Краснокаменский район,1,0.2698
production,238,Красночикойский,1,0.395
production,239,Кыринский,1,0.2613
production,240,Могочинский,1,0.2784
production,241,Нерчинский,1,0.2326
production,242,Нерчинско-Заводский,1,0.2112
production,243,Оловяннинский,1,0.4161
production,244,Ононский,1,0.3206
production,245,Приаргунский,1,0.2284
production,246,Сретенский,1,0.2812
production,247,Тунгокоченский,1,0.1808
production,248,Улётовский,1,0.2618
production,249,Хилокский,1,0.2601
production,250,Чернышевский,1,0.3061
production,251,Читинский,1,0.2704
production,252,Шелопугинский,1,0.3473
production,253,Шилкинский,1,0.3006
production,254,Могойтуйский — Агинское — Агинский,3,0.1817
production,255,Дульдургинский,1,0.2909
production,256,Владивостокский — Петропавловск-Камчатский — Артемовский,7,0.1336
production,257,Быстринский,1,0.2999
production,258,Мильковский,1,0.3933
production,259,Соболевский,1,0.4923
production,260,Усть-Большерецкий,1,0.4695
production,261,Усть-Камчатский,1,0.5055
production,262,Карагинский,1,0.3628
production,263,Олюторский,1,0.3278
production,264,Тигильский,1,0.31
production,265,Красноярск — Емельяновский — Сосновоборск,6,0.1749
production,266,Ачинск — Назарово — Назаровский,5,0.1103
production,267,Боготол — Тюхтетский,2,0.2171
production,268,Рыбинский — Уярский — Бородино,4,0.1568
production,269,Лесосибирск — Енисейский — Енисейск,3,0.2526
production,270,Канск — Нижнеингашский — Иланский,3,0.2652
production,271,Норильск,1,0.3643
production,272,Шарыпово — Шарыповский,2,0.2041
production,273,Абанский,1,0.4005
production,274,Балахтинский,1,0.2805
production,275,Богучанский,1,0.2039
production,276,Большемуртинский,1,0.3628
production,277,Дзержинский,1,0.3978
production,278,Шушенский — Ермаковский,2,0.4187
production,279,Краснотуранский — Идринский,2,0.3283
production,280,Ирбейский,1,0.2919
production,281,Казачинский,1,0.3699
production,282,Каратузский,1,0.3235
production,283,Кежемский,1,0.1708
production,284,Козульский,1,0.1842
production,285,Курагинский,1,0.24
production,286,Манский,1,0.266
production,287,Мотыгинский,1,0.2953
production,288,Новоселовский,1,0.2588
production,289,Пировский,1,0.2876
production,290,Саянский,1,0.2802
production,291,Северо-Енисейский,1,0.3513
production,292,Сухобузимский,1,0.3928
production,293,Таймырский Долгано-Ненецкий,1,0.1751
production,294,Тасеевский,1,0.4207
production,295,Туруханский,1,0.1438
production,296,Эвенкийский,1,0.2293
production,297,Пермский — Пермский — Краснокамский,9,0.1507
production,298,Чусовской — Лысьвенский — Горнозаводский,3,0.2282
production,299,Губахинский — Александровский — Кизел,3,0.3558
production,300,Осинский — Бардымский,2,0.2913
production,301,Кунгурский — Суксунский — Ординский,5,0.2007
production,302,Добрянский,1,0.3233
production,303,Еловский,1,0.247
production,304,Ильинский,1,0.4199
production,305,Красновишерский,1,0.2927
production,306,Октябрьский,1,0.2116
production,307,Оханский,1,0.2827
production,308,Уинский,1,0.1953
production,309,Частинский,1,0.2793
production,310,Чердынский,1,0.3577
production,311,Гайнский,1,0.3761
production,312,Косинский,1,0.2716
production,313,Кудымкарский — Юсьвинский — Кочевский,4,0.2816
production,314,Арсеньевский — Яковлевский — Анучинский,3,0.2034
production,315,Дальнегорский,1,0.2722
production,316,Дальнереченский — Дальнереченский,2,0.2135
production,317,Лесозаводский — Кировский,2,0.2034
production,318,Находкинский — Партизанский — Партизанский,3,0.1732
production,319,Спасск-Дальний — Черниговский — Хорольский,5,0.1345
production,320,Уссурийский — Михайловский — Октябрьский,3,0.2332
production,321,Кавалеровский,1,0.288
production,322,Красноармейский,1,0.3095
production,323,Лазовский,1,0.2828
production,324,Ольгинский,1,0.3059
production,325,Пограничный,1,0.4066
production,326,Пожарский,1,0.184
production,327,Тернейский,1,0.1282
production,328,Хасанский,1,0.0752
production,329,Чугуевский,1,0.2879
production,330,Ставрополь — Шпаковский — Изобильненский,6,0.2937
production,331,Благодарненский,1,0.3499
production,332,Ипатовский — Апанасенковский,2,0.2818
production,333,Будённовский — Нефтекумский — Левокумский,3,0.3151
production,334,Новоалександровский — Красногвардейский,2,0.2383
production,335,Александровский — Новоселицкий,2,0.3451
production,336,Андроповский,1,0.2851
production,337,Арзгирский,1,0.4389
production,338,Курский — Степновский,2,0.2494
production,339,Туркменский,1,0.2561
production,340,Хабаровск — Хабаровский,2,0.1408
production,341,Комсомольск-на-Амуре — Комсомольский — Солнечный,3,0.2331
production,342,Амурский,1,0.2048
production,343,Бикинский,1,0.3942
production,344,Советско-Гаванский — Ванинский — Холмский,4,0.1436
production,345,Верхнебуреинский,1,0.251
production,346,Вяземский,1,0.3576
production,347,имени Лазо,1,0.1944
production,348,Нанайский,1,0.1714
production,349,Николаевский,1,0.2581
production,350,Охотский,1,0.2896
production,351,имени Полины Осипенко,1,0.2677
production,352,Тугуро-Чумиканский,1,0.3317
production,353,Ульчский,1,0.2324
production,354,Белогорск,1,0.2186
production,355,Зея,1,0.2535
production,356,Райчихинск,1,0.4411
production,357,Свободный,1,0.3068
production,358,Тында,1,0.3691
production,359,Шимановск,1,0.4216
production,360,(поселок городского типа) Прогресс,1,0.2068
production,361,Архаринский,1,0.3815
production,362,Серышевский — Белогорский,2,0.3301
production,363,Благовещенский — Ивановский,2,0.1874
production,364,Бурейский,1,0.126
production,365,Завитинский,1,0.2626
production,366,Зейский,1,0.2467
production,367,Константиновский,1,0.412
production,368,Магдагачинский,1,0.2405
production,369,Мазановский,1,0.2519
production,370,Михайловский,1,0.2839
production,371,Октябрьский,1,0.3034
production,372,Ромненский,1,0.2294
production,373,Свободненский,1,0.2791
production,374,Селемджинский,1,0.2301
production,375,Сковородинский,1,0.2383
production,376,Тамбовский,1,0.3674
production,377,Тындинский,1,0.1803
production,378,Шимановский,1,0.3356
production,379,Архангельск — Северодвинск — Приморский,4,0.1908
production,380,Котлас — Коряжма — Котласский,3,0.2169
production,381,Вельский — Верховажский,2,0.2654
production,382,Верхнетоемский,1,0.4132
production,383,Вилегодский,1,0.395
production,384,Виноградовский,1,0.3511
production,385,Каргопольский,1,0.2874
production,386,Коношский,1,0.3218
production,387,Красноборский,1,0.2545
production,388,Ленский,1,0.4094
production,389,Мезенский,1,0.2522
production,390,Няндомский,1,0.3424
production,391,Онежский,1,0.4062
production,392,Пинежский,1,0.3696
production,393,Плесецкий,1,0.1497
production,394,Устьянский,1,0.3498
production,395,Холмогорский,1,0.3327
production,396,Шенкурский,1,0.509
production,397,Нарьян-Мар — Заполярный район,2,0.2212
production,398,Астрахань — Приволжский — Наримановский,7,0.2724
production,399,Ахтубинский,1,0.2973
production,400,Лиманский,1,0.2019
production,401,Харабалинский,1,0.4388
production,402,Черноярский,1,0.3035
production,403,Ярославль — Владимир — Иваново,60,0.0831
production,404,округ Муром — Выкса — Кулебаки,6,0.1609
production,405,Волгоград — Волжский — Среднеахтубинский,6,0.1528
production,406,Камышин,1,0.3033
production,407,Михайловка,1,0.2647
production,408,Урюпинск — Новониколаевский,2,0.2265
production,409,Фролово — Фроловский,2,0.3329
production,410,Новоаннинский — Алексеевский — Киквидзенский,3,0.1805
production,411,Николаевский — Быковский,2,0.4065
production,412,Даниловский,1,0.3017
production,413,Еланский — Самойловский,2,0.309
production,414,Жирновский — Руднянский,2,0.404
production,415,Иловлинский,1,0.3502
production,416,Калачевский,1,0.2988
production,417,Клетский,1,0.3287
production,418,Котельниковский,1,0.4746
production,419,Котовский,1,0.2858
production,420,Кумылженский,1,0.3759
production,421,Нехаевский,1,0.3155
production,422,Октябрьский,1,0.2869
production,423,Ольховский,1,0.3318
production,424,Палласовский,1,0.3285
production,425,Светлоярский,1,0.1884
production,426,Серафимовичский,1,0.2747
production,427,Старополтавский,1,0.2057
production,428,Суровикинский,1,0.2783
production,429,Чернышковский,1,0.3166
production,430,Бабаевский,1,0.2494
production,431,Тотемский — Бабушкинский,2,0.2814
production,432,Белозерский,1,0.3778
production,433,Великоустюгский,1,0.4678
production,434,Вожегодский,1,0.2199
production,435,Вологодский — Сокольский — Грязовецкий,4,0.1314
production,436,Вытегорский,1,0.485
production,437,Кадуйский,1,0.3478
production,438,Кирилловский,1,0.2204
production,439,Кичменгско-Городецкий,1,0.3698
production,440,Междуреченский,1,0.1898
production,441,Никольский,1,0.4034
production,442,Тарногский — Нюксенский,2,0.3999
production,443,Сямженский,1,0.3636
production,444,Бежецкий — Пестовский — Устюженский,8,0.1385
production,445,Харовский,1,0.1929
production,446,Чагодощенский,1,0.2926
production,447,Череповецкий,1,0.2293
production,448,Шекснинский,1,0.2416
production,449,Чкаловск — Юрьевецкий — Пучежский,4,0.1788
production,450,Иркутск — Ангарский — Иркутский,6,0.266
production,451,Братск — Братский,2,0.3196
production,452,Саянск — Зима — Зиминский,3,0.2342
production,453,Тулун,1,0.2352
production,454,Усть-Илимск — Усть-Илимский,2,0.2031
production,455,Черемхово — Черемховский — Заларинский,6,0.3751
production,456,Балаганский,1,0.2475
production,457,Жигаловский,1,0.3418
production,458,Казачинско-Ленский,1,0.2446
production,459,Катангский,1,0.1643
production,460,Качугский,1,0.3295
production,461,Киренский,1,0.1721
production,462,Куйтунский,1,0.2681
production,463,Нижнеилимский,1,0.2717
production,464,Нижнеудинский,1,0.199
production,465,Ольхонский,1,0.2696
production,466,Слюдянский,1,0.2958
production,467,Тайшетский,1,0.1839
production,468,Усть-Кутский,1,0.3611
production,469,Усть-Удинский,1,0.263
production,470,Чунский,1,0.3382
production,471,Баяндаевский,1,0.2505
production,472,Боханский — Осинский,2,0.3557
production,473,Эхирит-Булагатский,1,0.2582
production,474,Калининград — Гурьевский — Зеленоградский,18,0.2153
production,475,Всеволожский — Гатчинский — Тосненский,110,0.1355
production,476,Тула — Калуга — Орёл,66,0.1071
production,477,Балашиха — Одинцовский — Красногорск,119,0.1181
production,478,Спас-Деменский,1,0.3439
production,479,Кемеровский — Кемеровский — Березовский,4,0.3351
production,480,Анжеро-Судженский — Яйский — Ижморский,3,0.2946
production,481,Беловский — Ленинск-Кузнецкий — Гурьевский,6,0.274
production,482,Новокузнецкий — Прокопьевский — Киселевский,7,0.1317
production,483,Междуреченский — Мысковский,2,0.1692
production,484,Юргинский — Яшкинский — Болотнинский,4,0.1748
production,485,Крапивинский,1,0.3493
production,486,Мариинский — Чебулинский,2,0.2326
production,487,Промышленновский,1,0.2728
production,488,Таштагольский,1,0.249
production,489,Тисульский — Тяжинский,2,0.2028
production,490,Киров — Кирово-Чепецк — Слободской,7,0.1364
production,491,Котельнич — Котельничский — Орловский,3,0.1839
production,492,Афанасьевский,1,0.315
production,493,Богородский,1,0.3147
production,494,Верхнекамский,1,0.4653
production,495,Верхошижемский,1,0.3741
production,496,Даровской,1,0.2544
production,497,Зуевский — Фаленский,2,0.2383
production,498,Нолинский — Куменский — Сунский,3,0.2026
production,499,Лузский,1,0.4217
production,500,Мурашинский,1,0.3367
production,501,Нагорский,1,0.3967
production,502,Омутнинский,1,0.3666
production,503,Опаринский,1,0.4835
production,504,Подосиновский,1,0.2983
production,505,Шабалинский — Свечинский,2,0.4002
production,506,Унинский,1,0.3071
production,507,Уржумский,1,0.2938
production,508,Юрьянский,1,0.3243
production,509,Галич — Нейский — Чухломский,7,0.1947
production,510,Шарья — Шарьинский,2,0.2626
production,511,Вохомский — Октябрьский — Пыщугский,4,0.2784
production,512,Макарьевский — Кадыйский,2,0.2812
production,513,Кологривский,1,0.3469
production,514,Межевской,1,0.3015
production,515,Поназыревский,1,0.2385
production,516,Курган — Кетовский — Варгашинский,4,0.3386
production,517,Шадринск — Шадринский,2,0.3144
production,518,Шумихинский — Щучанский — Сафакулевский,4,0.291
production,519,Каменск-Уральский — Каменский — Далматовский,4,0.2308
production,520,Звериноголовский,1,0.2867
production,521,Каргапольский,1,0.3534
production,522,Куртамышский,1,0.2689
production,523,Лебяжьевский,1,0.4112
production,524,Макушинский,1,0.3943
production,525,Юргамышский — Мишкинский,2,0.3166
production,526,Мокроусовский,1,0.4531
production,527,Петуховский,1,0.267
production,528,Половинский,1,0.3559
production,529,Притобольный,1,0.3639
production,530,Целинный,1,0.3524
production,531,Бердюжский — Частоозерский,2,0.3676
production,532,Шатровский,1,0.3064
production,533,Тихвинский — Бокситогорский,2,0.3038
production,534,Волховский,1,0.325
production,535,Выборгский,1,0.3624
production,536,Кингисеппский,1,0.4383
production,537,Киришский,1,0.2111
production,538,Лодейнопольский — Подпорожский,2,0.2204
production,539,Лужский,1,0.1876
production,540,Приозерский,1,0.4629
production,541,Сланцевский — Гдовский,2,0.2996
production,542,Липецк — Елец — Мичуринск,42,0.0923
production,543,Добринский — Жердевский — Токарёвский,4,0.202
production,544,Усманский,1,0.4049
production,545,Магадан — Ольский,2,0.2147
production,546,Омсукчанский,1,0.2262
production,547,Среднеканский,1,0.2173
production,548,Сусуманский,1,0.162
production,549,Тенькинский,1,0.2543
production,550,Хасынский,1,0.2146
production,551,Ягоднинский,1,0.3728
production,552,Рязань — Коломна — Воскресенск,13,0.1343
production,553,Ступино — Кашира,2,0.2033
production,555,Можайский — Рузский,2,0.1694
production,556,Волоколамский — Шаховская — Лотошино,3,0.2281
production,558,Мурманск — Кольский,2,0.2215
production,559,Апатиты — Кировск,2,0.2848
production,560,Мончегорск — Оленегорск,2,0.704
production,561,Кандалакшский — Полярные Зори,2,0.347
production,562,Ковдорский,1,0.6827
production,563,Ловозерский,1,0.4415
production,564,Печенгский,1,0.3399
production,565,Терский,1,0.3277
production,566,Семеновский,1,0.2343
production,567,Шахунья — Тоншаевский — Шарангский,4,0.1987
production,568,Сокольский,1,0.3048
production,569,Ардатовский — Дивеевский,2,0.1949
production,570,Краснобаковский — Воскресенский — Варнавинский,3,0.2528
production,571,Уренский — Ветлужский,2,0.252
production,572,Ковернинский,1,0.2504
production,573,Великий Новгород — Новгородский,2,0.316
production,574,Боровичский — Окуловский — Мошенской,3,0.2095
production,575,Валдайский,1,0.296
production,576,Старорусский — Порховский — Дедовичский,8,0.2234
production,577,Демянский,1,0.2217
production,578,Крестецкий,1,0.3117
production,579,Любытинский,1,0.2993
production,580,Маловишерский,1,0.3752
production,581,Марёвский,1,0.3336
production,582,Холмский — Поддорский,2,0.3126
production,583,Хвойнинский,1,0.2302
production,584,Чудовский,1,0.221
production,585,Новосибирск — Новосибирский — Бердск,7,0.2652
production,586,Купинский — Баганский,2,0.3982
production,587,Куйбышевский — Барабинский,2,0.2089
production,588,Чановский — Венгеровский,2,0.2313
production,589,Доволенский,1,0.2997
production,590,Здвинский,1,0.4017
production,591,Карасукский,1,0.2116
production,592,Каргатский,1,0.2476
production,593,Колыванский,1,0.3282
production,594,Коченевский,1,0.3977
production,595,Кочковский,1,0.3508
production,596,Краснозерский,1,0.4212
production,597,Кыштовский,1,0.3501
production,598,Маслянинский,1,0.3609
production,599,Мошковский,1,0.2734
production,600,Ордынский,1,0.4137
production,601,Северный,1,0.3291
production,602,Сузунский,1,0.3957
production,603,Татарский — Усть-Таркский,2,0.2978
production,604,Тогучинский,1,0.3002
production,605,Убинский,1,0.3667
production,606,Черепановский,1,0.3183
production,607,Чистоозерный,1,0.475
production,608,Чулымский,1,0.3203
production,609,Омск — Омский — Калачинский,7,0.202
production,610,Большереченский,1,0.2523
production,611,Большеуковский,1,0.4889
production,612,Знаменский,1,0.1964
production,613,Исилькульский,1,0.378
production,614,Колосовский,1,0.4506
production,615,Крутинский,1,0.2606
production,616,Любинский — Марьяновский — Шербакульский,3,0.2714
production,617,Москаленский,1,0.3959
production,618,Муромцевский,1,0.2661
production,619,Называевский,1,0.3535
production,620,Нижнеомский,1,0.273
production,621,Нововаршавский,1,0.2926
production,622,Павлоградский — Одесский,2,0.1672
production,623,Полтавский,1,0.276
production,624,Русско-Полянский,1,0.3303
production,625,Саргатский,1,0.3977
production,626,Седельниковский,1,0.5257
production,627,Таврический,1,0.2157
production,628,Тарский,1,0.217
production,629,Тевризский,1,0.3918
production,630,Тюкалинский,1,0.3229
production,631,Усть-Ишимский,1,0.253
production,632,Черлакский,1,0.3328
production,633,Оренбург — Оренбургский — Сакмарский,3,0.2179
production,634,Бугуруслан — Похвистнево — Похвистневский,5,0.2438
production,635,Бузулук — Курманаевский — Грачёвский,3,0.1442
production,636,Орск — Новотроицк — Гайский,4,0.3014
production,637,Кувандыкский — Медногорск,2,0.278
production,638,Соль-Илецкий,1,0.1676
production,639,Сорочинский — Тоцкий,2,0.2578
production,640,Ясненский,1,0.3568
production,641,Адамовский,1,0.2587
production,642,Акбулакский,1,0.3471
production,643,Беляевский,1,0.2437
production,644,Домбаровский,1,0.2503
production,645,Илекский,1,0.17
production,646,Кваркенский,1,0.2399
production,647,Красногвардейский,1,0.3056
production,648,Новосергиевский,1,0.1942
production,649,Октябрьский,1,0.22
production,650,Первомайский,1,0.3532
production,651,Переволоцкий,1,0.2622
production,652,Пономарёвский,1,0.4517
production,653,Саракташский,1,0.2592
production,654,Светлинский,1,0.4552
production,655,Клявлинский — Камышлинский — Северный,3,0.1574
production,656,Ташлинский,1,0.2702
production,657,Дмитровский,1,0.2786
production,658,Пензенский — Ртищевский — Сердобский,13,0.1347
production,659,Бессоновский — Мокшанский — Лунинский,3,0.166
production,660,Земетчинский — Вадинский,2,0.1984
production,661,ищенский,1,0.1841
production,662,Каменский,1,0.3373
production,663,Лопатинский — Камешкирский,2,0.1986
production,664,Базарно-Карабулакский — Новоспасский — Николаевский,9,0.1261
production,665,Никольский,1,0.1819
production,666,Сосновоборский,1,0.2845
production,667,Псков — Псковский — Печорский,3,0.1793
production,668,Великие Луки — Великолукский — Новосокольнический,3,0.1456
production,669,Островский — Опочецкий — Бежаницкий,8,0.2179
production,670,Невельский,1,0.2179
production,671,Струго-Красненский — Плюсский,2,0.2546
production,672,Пустошкинский,1,0.2297
production,673,Себежский,1,0.3191
production,674,Руднянский — Демидовский — Велижский,4,0.136
production,675,Касимов — Касимовский,2,0.2003
production,677,Клепиковский,1,0.2636
production,678,Спасский,1,0.2446
production,679,Ставропольский — Жигулевск,2,0.2172
production,680,Сызрань — Сызранский — Октябрьск,4,0.2424
production,681,Отрадный — Кинель-Черкасский — Нефтегорский,6,0.1803
production,682,Тольятти,1,0.1173
production,683,Приволжский — Хворостянский,2,0.2364
production,684,Сергиевский,1,0.2248
production,685,Балаковский — Вольский — Шиханы,3,0.1635
production,686,Александрово-Гайский,1,0.4691
production,687,Аркадакский — Турковский,2,0.2295
production,688,Аткарский,1,0.237
production,689,Тамбов — Балашовский — Рассказово,16,0.0713
production,690,Воскресенский,1,0.3546
production,691,Ершовский — Дергачевский,2,0.2309
production,692,Духовницкий,1,0.337
production,693,Екатериновский,1,0.3241
production,694,Пугачевский — Ивантеевский,2,0.1842
production,695,Калининский — Лысогорский,2,0.2773
production,696,Красноармейский,1,0.4003
production,697,Краснокутский,1,0.3431
production,698,Краснопартизанский,1,0.189
production,699,Марксовский,1,0.2317
production,700,Новоузенский,1,0.2533
production,701,Озинский,1,0.2965
production,702,Перелюбский,1,0.2461
production,703,Петровский,1,0.1757
production,704,Питерский,1,0.3259
production,705,Ровенский,1,0.3065
production,706,Советский,1,0.3526
production,707,Саратов — Энгельсский — Татищевский,3,0.2393
production,708,Федоровский,1,0.2951
production,709,Хвалынский,1,0.2197
production,710,Александровск-Сахалинский район,1,0.3376
production,711,Анивский,1,0.3181
production,712,Долинский,1,0.4388
production,713,Корсаковский — Южно-Курильский — Курильский,3,0.1207
production,714,Макаровский,1,0.4347
production,715,Ногликский,1,0.3325
production,716,Охинский,1,0.358
production,717,Поронайский,1,0.3656
production,718,Северо-Курильский,1,0.1775
production,719,Смирныховский,1,0.3854
production,720,Томаринский,1,0.3511
production,721,Тымовский,1,0.4359
production,722,Углегорский,1,0.4723
production,723,Екатеринбург — Первоуральск — Верхняя Пышма,22,0.1576
production,724,Алапаевск — Алапаевское,2,0.3042
production,725,Артемовский — Режевской,2,0.2855
production,726,Нижний Тагил — Верхнесалдинский — Качканарский,9,0.2405
production,727,Ивдельский,1,0.2637
production,728,Пелым,1,0.2602
production,729,Ирбит — Ирбитское,2,0.224
production,730,Серовский — Краснотурьинск — Североуральский,5,0.2856
production,731,Невьянский — Кировградский — Верхний Тагил,4,0.2799
production,732,Красноуфимск — Красноуфимский округ — Ачитский,3,0.2726
production,733,Тавдинский,1,0.4512
production,734,Махнёвское,1,0.2082
production,735,Артинский,1,0.3215
production,736,Новолялинский — Верхотурский,2,0.1955
production,737,Сосьвинский — Гаринский,2,0.321
production,738,Бисертский,1,0.1769
production,739,Тугулымский,1,0.2844
production,740,Туринский,1,0.3758
production,741,Шалинский,1,0.2705
production,742,Байкаловский — Слободо-Туринский,2,0.2447
production,743,Нижнесергинский,1,0.1332
production,744,Таборинский,1,0.4827
production,745,Смоленск — Смоленский — Сафоновский,13,0.2049
production,746,Рославльский — Десногорск — Шумячский,4,0.1612
production,747,Вяземский,1,0.2427
production,748,Гагаринский,1,0.275
production,749,Ржевский — Старицкий — Зубцовский,5,0.1668
production,750,Угранский — Темкинский,2,0.1593
production,751,Холм-Жирковский,1,0.237
production,752,Тверь — Калининский,2,0.201
production,753,Осташковский — Селижаровский — Пеновский,3,0.2929
production,754,Торжок,1,0.46
production,755,Удомельский,1,0.271
production,756,Андреапольский,1,0.1703
production,757,Бельский,1,0.1825
production,758,Бологовский,1,0.2077
production,759,Весьегонский,1,0.2931
production,760,Жарковский,1,0.2166
production,761,Западнодвинский,1,0.2734
production,762,Кашинский — Калязинский — Кесовогорский,3,0.1982
production,763,Конаковский,1,0.2175
production,764,Кувшиновский,1,0.2273
production,765,Лихославльский,1,0.2175
production,766,Максатихинский,1,0.2318
production,767,Нелидовский,1,0.232
production,768,Оленинский,1,0.2806
production,769,Рамешковский,1,0.267
production,770,Вышневолоцкий — Спировский,2,0.1906
production,771,Торопецкий,1,0.1914
production,772,Фировский,1,0.1854
production,773,Томск — Томский,2,0.3031
production,774,Кедровый,1,0.3537
production,775,Стрежевой,1,0.1245
production,776,Александровский,1,0.2936
production,777,Асиновский — Первомайский — Зырянский,3,0.279
production,778,Бакчарский,1,0.4844
production,779,Верхнекетский,1,0.5869
production,780,Каргасокский,1,0.2952
production,781,Кожевниковский — Шегарский,2,0.2939
production,782,Колпашевский,1,0.4252
production,783,Молчановский — Кривошеинский,2,0.4036
production,784,Парабельский,1,0.2049
production,785,Тегульдетский,1,0.3225
production,786,Чаинский,1,0.4671
production,787,Ефремов — Каменский,2,0.2698
production,788,Куркинский,1,0.3142
production,789,Тюмень — Тюменский,2,0.2789
production,790,Заводоуковский — Ялуторовск — Упоровский,3,0.2668
production,791,Ишим — Ишимский,2,0.4318
production,792,Тобольск — Тобольский,2,0.3771
production,793,Абатский,1,0.3279
production,794,Армизонский,1,0.2995
production,795,Аромашевский,1,0.4048
production,796,Вагайский,1,0.2367
production,797,Викуловский,1,0.3426
production,798,Голышмановский,1,0.3521
production,799,Исетский,1,0.45
production,800,Казанский,1,0.3631
production,801,Нижнетавдинский,1,0.3114
production,802,Омутинский — Юргинский,2,0.2978
production,803,Сладковский,1,0.438
production,804,Сорокинский,1,0.2747
production,805,Уватский,1,0.2659
production,806,Ярковский,1,0.2219
production,807,Ханты-Мансийск — Ханты-Мансийский,2,0.2806
production,808,Когалым,1,0.157
production,809,Лангепас,1,0.2989
production,810,Нижневартовск — Мегион — Нижневартовский,3,0.2733
production,811,Нефтеюганск — Нефтеюганский,2,0.4597
production,812,Нягань,1,0.5381
production,813,Покачи,1,0.1411
production,814,Пыть-Ях,1,0.2814
production,815,Радужный,1,0.0903
production,816,Сургут — Сургутский,2,0.2531
production,817,Урай,1,0.5905
production,818,Советский — Югорск,2,0.4415
production,819,Белоярский,1,0.3596
production,820,Березовский,1,0.3311
production,821,Кондинский,1,0.4361
production,822,Октябрьский,1,0.3923
production,823,Салехард — Лабытнанги,2,0.165
production,824,Муравленко,1,0.4384
production,825,Новый Уренгой,1,0.0353
production,826,Ноябрьск,1,0.0278
production,827,Красноселькупский район,1,0.2563
production,828,Надымский район,1,0.2963
production,829,Тазовский район,1,0.2007
production,830,Шурышкарский район,1,0.3641
production,831,Ямальский район,1,0.5138
production,832,Димитровград,1,0.2917
production,833,Барышский — Инзенский — Базарносызганский,3,0.136
production,834,Кузоватовский,1,0.1778
production,835,Сенгилеевский,1,0.3759
production,836,Тереньгульский,1,0.1837
production,837,Челябинский — Копейский — Сосновский,17,0.0735
production,838,Миасский — Златоустовский — Чебаркульский,5,0.2306
production,839,Ашинский,1,0.4222
production,840,Брединский,1,0.325
production,841,Карталинский — Варненский,2,0.2405
production,842,Верхнеуральский,1,0.2168
production,843,Кунашакский,1,0.2916
production,844,Нагайбакский,1,0.3322
production,845,Октябрьский,1,0.2721
production,846,Саткинский,1,0.277
production,847,Уйский,1,0.3784
production,848,Чесменский,1,0.3361
production,849,Угличский — Некоузский — Мышкинский,4,0.1679
production,850,Брейтовский,1,0.329
production,851,Даниловский — Любимский — Первомайский,3,0.2674
production,852,Пошехонский,1,0.2323
production,853,Биробиджан — Биробиджанский,2,0.3978
production,854,Ленинский,1,0.3981
production,855,Облученский,1,0.2767
production,856,Октябрьский,1,0.407
production,857,Смидовичский,1,0.2215
production,858,Анадырь,1,0.4176
production,859,Эгвекинот,1,0.1293
production,860,Провиденский,1,0.2915
production,861,Певек,1,0.5238
production,862,Анадырский,1,0.3041
production,863,Билибинский,1,0.3153
production,864,Хорошево-Мневники — Раменки — Пресненский,64,0.0392
production,865,Мантуровский,1,0.4511
production,866,Переславль-Залесский,1,0.2153
production,867,Березники — Соликамский,2,0.2985
production,868,Приуральский район,1,0.1897
production,869,Губкинский,1,0.3076
production,870,Пуровский район,1,0.1998
production,871,Тамбовский,1,0.1555
typology,0,type_0,81,0.0101
typology,1,type_1,175,0.0046
typology,2,type_2,198,0.0036
typology,3,type_3,147,0.0047
typology,4,type_4,158,0.0186
typology,5,type_5,114,0.0079
typology,6,type_6,249,0.0228
typology,7,type_7,79,0.0215
typology,8,type_8,142,0.0086
typology,9,type_9,194,0.0049
typology,10,type_10,86,0.0086
typology,11,type_11,221,0.0067
typology,12,type_12,47,0.0587
typology,13,type_13,102,0.0324
typology,14,type_14,151,0.0675
