cluster,n_mo,share_food,share_health,share_cafe,share_transport,share_marketplace,log_total,log_salary,work_share,mig_per_1000,log_market_acc,cons_growth,season_amp,log_basket,growth_basket,top3,cores
8,249,1.03,-0.49,0.05,-0.0,-1.58,0.45,0.78,0.39,-0.27,-1.73,-0.51,0.12,0.87,-0.09,log_market_acc > share_marketplace > share_food,Красноярск — Владивостокский — Хабаровск
3,220,0.09,0.15,-0.76,-0.49,0.71,-0.81,-0.8,0.17,-0.07,0.3,-0.34,-0.41,-0.77,-0.54,log_total > log_salary > log_basket,Рузаевский — Ахтубинский — Марксовский
10,189,0.74,-0.16,-0.68,-0.53,-0.32,-0.85,-0.66,-1.08,-0.33,-0.21,-0.47,-0.53,-0.67,-0.74,work_share > log_total > share_food,Кирово-Чепецк — Ашинский — Заводоуковский
2,186,-0.36,0.38,0.46,0.38,-0.11,0.23,0.04,0.23,0.12,0.22,1.08,0.82,-0.64,-0.53,cons_growth > season_amp > log_basket,Новосибирск — Казань — Нижний Новгород
1,178,-0.03,-0.49,-0.68,-0.82,1.22,-0.22,-0.49,0.19,0.13,0.44,0.07,-0.09,-0.49,-0.55,share_marketplace > share_transport > share_cafe,Грязинский — Кинешма — Киреевский
5,159,0.37,-0.55,-0.55,0.11,-0.02,-0.57,-0.49,-1.13,-0.36,-1.0,0.09,0.51,-0.14,0.84,work_share > log_market_acc > growth_basket,Минусинск — Тайшетский — Саяногорск
14,151,-1.66,1.36,1.87,1.24,0.06,1.85,1.82,0.36,1.15,1.83,0.56,0.57,2.61,2.0,log_basket > growth_basket > share_cafe,Марьино — Выхино-Жулебино — Хорошево-Мневники
4,145,-0.69,0.2,0.69,0.72,0.12,0.85,0.44,0.61,1.04,0.68,0.81,0.9,0.1,0.45,mig_per_1000 > season_amp > log_total,Екатеринбург — Пермский — Всеволожский
7,116,0.68,-0.74,-0.6,-0.87,0.08,-0.46,-0.51,-0.07,-0.27,0.13,-0.54,-0.55,-0.25,1.08,growth_basket > share_transport > share_health,Рославльский — Сухой Лог — Верхнесалдинский
6,111,0.48,0.07,-0.33,0.25,-0.67,-1.26,-0.62,0.16,-0.54,0.22,-0.74,-1.26,-0.75,-0.1,log_total > season_amp > log_basket,Омский — Азнакаевский — Нурлатский
9,106,0.67,-1.12,-0.44,-0.86,0.07,0.1,0.05,-0.32,-0.55,-0.28,-1.0,-1.01,0.15,-0.44,share_health > season_amp > cons_growth,Апатиты — Мончегорск — Кандалакшский
11,104,0.56,-0.59,-0.76,-0.62,0.24,-0.49,-0.74,-0.78,-0.32,0.07,0.21,0.19,-0.56,-1.2,growth_basket > work_share > share_cafe,Таштагольский — Ростовский — Куйбышевский
13,102,-1.66,1.59,2.1,1.35,-0.27,1.51,1.31,0.07,-0.06,0.71,0.56,0.21,0.71,0.09,share_cafe > share_food > share_health,Калининград — Сосновоборский — Кольцово
0,79,-1.59,1.44,0.13,0.87,1.59,-0.67,-0.93,0.73,-0.05,0.08,0.49,0.23,-0.53,-0.45,share_food > share_marketplace > share_health,Махачкала — Саранск — Владикавказ
12,49,-0.38,-0.55,0.63,-0.06,0.3,0.95,1.32,1.55,0.55,-0.59,-0.14,-0.47,0.44,1.21,work_share > log_salary > growth_basket,Сургут — Нижневартовск — Норильск
