"period";"value";"obs_status";"source";"type";"ref_area";"freq";"decimals";"unit_measure";"unit_mult"
"2018-12-01";100;"A";"Данные СберИндекса";"Общественное питание";"Россия";"Месяц";"2";"индекс";"0"
"2019-01-01";99.17;"A";"Данные СберИндекса";"Общественное питание";"Россия";"Месяц";"2";"индекс";"0"
"2019-02-01";99.1;"A";"Данные СберИндекса";"Общественное питание";"Россия";"Месяц";"2";"индекс";"0"
"2019-03-01";100.44;"A";"Данные СберИндекса";"Общественное питание";"Россия";"Месяц";"2";"индекс";"0"
"2019-04-01";100.22;"A";"Данные СберИндекса";"Общественное питание";"Россия";"Месяц";"2";"индекс";"0"
"2019-05-01";100.56;"A";"Данные СберИндекса";"Общественное питание";"Россия";"Месяц";"2";"индекс";"0"
"2019-06-01";101.59;"A";"Данные СберИндекса";"Общественное питание";"Россия";"Месяц";"2";"индекс";"0"
"2019-07-01";101.75;"A";"Данные СберИндекса";"Общественное питание";"Россия";"Месяц";"2";"индекс";"0"
"2019-08-01";101.86;"A";"Данные СберИндекса";"Общественное питание";"Россия";"Месяц";"2";"индекс";"0"
"2019-09-01";102.29;"A";"Данные СберИндекса";"Общественное питание";"Россия";"Месяц";"2";"индекс";"0"
"2019-10-01";103.78;"A";"Данные СберИндекса";"Общественное питание";"Россия";"Месяц";"2";"индекс";"0"
"2019-11-01";105.32;"A";"Данные СберИндекса";"Общественное питание";"Россия";"Месяц";"2";"индекс";"0"
"2019-12-01";106.96;"A";"Данные СберИндекса";"Общественное питание";"Россия";"Месяц";"2";"индекс";"0"
"2020-01-01";100.39;"A";"Данные СберИндекса";"Общественное питание";"Россия";"Месяц";"2";"индекс";"0"
"2020-02-01";100.87;"A";"Данные СберИндекса";"Общественное питание";"Россия";"Месяц";"2";"индекс";"0"
"2020-03-01";93.4;"A";"Данные СберИндекса";"Общественное питание";"Россия";"Месяц";"2";"индекс";"0"
"2020-04-01";45.4;"A";"Данные СберИндекса";"Общественное питание";"Россия";"Месяц";"2";"индекс";"0"
"2020-05-01";45.21;"A";"Данные СберИндекса";"Общественное питание";"Россия";"Месяц";"2";"индекс";"0"
"2020-06-01";54.97;"A";"Данные СберИндекса";"Общественное питание";"Россия";"Месяц";"2";"индекс";"0"
"2020-07-01";74.22;"A";"Данные СберИндекса";"Общественное питание";"Россия";"Месяц";"2";"индекс";"0"
"2020-08-01";83.79;"A";"Данные СберИндекса";"Общественное питание";"Россия";"Месяц";"2";"индекс";"0"
"2020-09-01";88.05;"A";"Данные СберИндекса";"Общественное питание";"Россия";"Месяц";"2";"индекс";"0"
"2020-10-01";89.67;"A";"Данные СберИндекса";"Общественное питание";"Россия";"Месяц";"2";"индекс";"0"
"2020-11-01";88.04;"A";"Данные СберИндекса";"Общественное питание";"Россия";"Месяц";"2";"индекс";"0"
"2020-12-01";85.29;"A";"Данные СберИндекса";"Общественное питание";"Россия";"Месяц";"2";"индекс";"0"
"2021-01-01";92.82;"A";"Данные СберИндекса";"Общественное питание";"Россия";"Месяц";"2";"индекс";"0"
"2021-02-01";94.85;"A";"Данные СберИндекса";"Общественное питание";"Россия";"Месяц";"2";"индекс";"0"
"2021-03-01";99.19;"A";"Данные СберИндекса";"Общественное питание";"Россия";"Месяц";"2";"индекс";"0"
"2021-04-01";101.49;"A";"Данные СберИндекса";"Общественное питание";"Россия";"Месяц";"2";"индекс";"0"
"2021-05-01";101.23;"A";"Данные СберИндекса";"Общественное питание";"Россия";"Месяц";"2";"индекс";"0"
"2021-06-01";99.79;"A";"Данные СберИндекса";"Общественное питание";"Россия";"Месяц";"2";"индекс";"0"
"2021-07-01";100.9;"A";"Данные СберИндекса";"Общественное питание";"Россия";"Месяц";"2";"индекс";"0"
"2021-08-01";102.59;"A";"Данные СберИндекса";"Общественное питание";"Россия";"Месяц";"2";"индекс";"0"
"2021-09-01";103.57;"A";"Данные СберИндекса";"Общественное питание";"Россия";"Месяц";"2";"индекс";"0"
"2021-10-01";103.46;"A";"Данные СберИндекса";"Общественное питание";"Россия";"Месяц";"2";"индекс";"0"
"2021-11-01";100.48;"A";"Данные СберИндекса";"Общественное питание";"Россия";"Месяц";"2";"индекс";"0"
"2021-12-01";103.58;"A";"Данные СберИндекса";"Общественное питание";"Россия";"Месяц";"2";"индекс";"0"
"2022-01-01";107.19;"A";"Данные СберИндекса";"Общественное питание";"Россия";"Месяц";"2";"индекс";"0"
"2022-02-01";107.93;"A";"Данные СберИндекса";"Общественное питание";"Россия";"Месяц";"2";"индекс";"0"
"2022-03-01";104.57;"A";"Данные СберИндекса";"Общественное питание";"Россия";"Месяц";"2";"индекс";"0"
"2022-04-01";102.79;"A";"Данные СберИндекса";"Общественное питание";"Россия";"Месяц";"2";"индекс";"0"
"2022-05-01";101.43;"A";"Данные СберИндекса";"Общественное питание";"Россия";"Месяц";"2";"индекс";"0"
"2022-06-01";103.61;"A";"Данные СберИндекса";"Общественное питание";"Россия";"Месяц";"2";"индекс";"0"
"2022-07-01";105.81;"A";"Данные СберИндекса";"Общественное питание";"Россия";"Месяц";"2";"индекс";"0"
"2022-08-01";107.67;"A";"Данные СберИндекса";"Общественное питание";"Россия";"Месяц";"2";"индекс";"0"
"2022-09-01";111.49;"A";"Данные СберИндекса";"Общественное питание";"Россия";"Месяц";"2";"индекс";"0"
"2022-10-01";113.57;"A";"Данные СберИндекса";"Общественное питание";"Россия";"Месяц";"2";"индекс";"0"
"2022-11-01";116.23;"A";"Данные СберИндекса";"Общественное питание";"Россия";"Месяц";"2";"индекс";"0"
"2022-12-01";113.58;"A";"Данные СберИндекса";"Общественное питание";"Россия";"Месяц";"2";"индекс";"0"
"2023-01-01";120.57;"A";"Данные СберИндекса";"Общественное питание";"Россия";"Месяц";"2";"индекс";"0"
"2023-02-01";118.02;"A";"Данные СберИндекса";"Общественное питание";"Россия";"Месяц";"2";"индекс";"0"
"2023-03-01";122.17;"A";"Данные СберИндекса";"Общественное питание";"Россия";"Месяц";"2";"индекс";"0"
"2023-04-01";121.58;"A";"Данные СберИндекса";"Общественное питание";"Россия";"Месяц";"2";"индекс";"0"
"2023-05-01";122.21;"A";"Данные СберИндекса";"Общественное питание";"Россия";"Месяц";"2";"индекс";"0"
"2023-06-01";122.47;"A";"Данные СберИндекса";"Общественное питание";"Россия";"Месяц";"2";"индекс";"0"
"2023-07-01";122.52;"A";"Данные СберИндекса";"Общественное питание";"Россия";"Месяц";"2";"индекс";"0"
"2023-08-01";120.54;"A";"Данные СберИндекса";"Общественное питание";"Россия";"Месяц";"2";"индекс";"0"
"2023-09-01";124.22;"A";"Данные СберИндекса";"Общественное питание";"Россия";"Месяц";"2";"индекс";"0"
"2023-10-01";126.43;"A";"Данные СберИндекса";"Общественное питание";"Россия";"Месяц";"2";"индекс";"0"
"2023-11-01";127.78;"A";"Данные СберИндекса";"Общественное питание";"Россия";"Месяц";"2";"индекс";"0"
"2023-12-01";128.35;"A";"Данные СберИндекса";"Общественное питание";"Россия";"Месяц";"2";"индекс";"0"
"2024-01-01";129.78;"A";"Данные СберИндекса";"Общественное питание";"Россия";"Месяц";"2";"индекс";"0"
"2024-02-01";134.59;"A";"Данные СберИндекса";"Общественное питание";"Россия";"Месяц";"2";"индекс";"0"
"2024-03-01";132.78;"A";"Данные СберИндекса";"Общественное питание";"Россия";"Месяц";"2";"индекс";"0"
"2024-04-01";133.43;"A";"Данные СберИндекса";"Общественное питание";"Россия";"Месяц";"2";"индекс";"0"
"2024-05-01";132.43;"A";"Данные СберИндекса";"Общественное питание";"Россия";"Месяц";"2";"индекс";"0"
"2024-06-01";137.51;"A";"Данные СберИндекса";"Общественное питание";"Россия";"Месяц";"2";"индекс";"0"
"2024-07-01";139.34;"A";"Данные СберИндекса";"Общественное питание";"Россия";"Месяц";"2";"индекс";"0"
"2024-08-01";140;"A";"Данные СберИндекса";"Общественное питание";"Россия";"Месяц";"2";"индекс";"0"
"2024-09-01";138.78;"A";"Данные СберИндекса";"Общественное питание";"Россия";"Месяц";"2";"индекс";"0"
"2024-10-01";141.18;"A";"Данные СберИндекса";"Общественное питание";"Россия";"Месяц";"2";"индекс";"0"
"2024-11-01";144.72;"A";"Данные СберИндекса";"Общественное питание";"Россия";"Месяц";"2";"индекс";"0"
"2024-12-01";146.38;"A";"Данные СберИндекса";"Общественное питание";"Россия";"Месяц";"2";"индекс";"0"
"2025-01-01";179.6;"A";"Данные СберИндекса";"Общественное питание";"Россия";"Месяц";"2";"индекс";"0"
"2025-02-01";179.43;"A";"Данные СберИндекса";"Общественное питание";"Россия";"Месяц";"2";"индекс";"0"
"2025-03-01";181.8;"A";"Данные СберИндекса";"Общественное питание";"Россия";"Месяц";"2";"индекс";"0"
"2025-04-01";184.94;"A";"Данные СберИндекса";"Общественное питание";"Россия";"Месяц";"2";"индекс";"0"
"2025-05-01";186.08;"A";"Данные СберИндекса";"Общественное питание";"Россия";"Месяц";"2";"индекс";"0"
"2025-06-01";183.62;"A";"Данные СберИндекса";"Общественное питание";"Россия";"Месяц";"2";"индекс";"0"
"2025-07-01";184.26;"A";"Данные СберИндекса";"Общественное питание";"Россия";"Месяц";"2";"индекс";"0"
"2025-08-01";185.8;"A";"Данные СберИндекса";"Общественное питание";"Россия";"Месяц";"2";"индекс";"0"
"2025-09-01";185.27;"A";"Данные СберИндекса";"Общественное питание";"Россия";"Месяц";"2";"индекс";"0"
"2025-10-01";186.79;"A";"Данные СберИндекса";"Общественное питание";"Россия";"Месяц";"2";"индекс";"0"
"2025-11-01";184.64;"A";"Данные СберИндекса";"Общественное питание";"Россия";"Месяц";"2";"индекс";"0"
"2025-12-01";187.05;"A";"Данные СберИндекса";"Общественное питание";"Россия";"Месяц";"2";"индекс";"0"
"2026-01-01";189.82;"A";"Данные СберИндекса";"Общественное питание";"Россия";"Месяц";"2";"индекс";"0"
"2026-02-01";191.96;"A";"Данные СберИндекса";"Общественное питание";"Россия";"Месяц";"2";"индекс";"0"
"2026-03-01";193.98;"A";"Данные СберИндекса";"Общественное питание";"Россия";"Месяц";"2";"индекс";"0"
"2026-04-01";194.96;"A";"Данные СберИндекса";"Общественное питание";"Россия";"Месяц";"2";"индекс";"0"
"2026-05-01";195.55;"A";"Данные СберИндекса";"Общественное питание";"Россия";"Месяц";"2";"индекс";"0"
"2026-06-01";194.89;"A";"Данные СберИндекса";"Общественное питание";"Россия";"Месяц";"2";"индекс";"0"
"2026-07-01";193.63;"A";"Данные СберИндекса";"Общественное питание";"Россия";"Месяц";"2";"индекс";"0"
"2026-08-01";192.48;"A";"Данные СберИндекса";"Общественное питание";"Россия";"Месяц";"2";"индекс";"0"
"2026-09-01";194.21;"A";"Данные СберИндекса";"Общественное питание";"Россия";"Месяц";"2";"индекс";"0"
"2018-12-01";100;"A";"Данные СберИндекса";"Услуги";"Россия";"Месяц";"2";"индекс";"0"
"2019-01-01";99.78;"A";"Данные СберИндекса";"Услуги";"Россия";"Месяц";"2";"индекс";"0"
"2019-02-01";100.65;"A";"Данные СберИндекса";"Услуги";"Россия";"Месяц";"2";"индекс";"0"
"2019-03-01";101.6;"A";"Данные СберИндекса";"Услуги";"Россия";"Месяц";"2";"индекс";"0"
"2019-04-01";101.41;"A";"Данные СберИндекса";"Услуги";"Россия";"Месяц";"2";"индекс";"0"
"2019-05-01";101.82;"A";"Данные СберИндекса";"Услуги";"Россия";"Месяц";"2";"индекс";"0"
"2019-06-01";102.4;"A";"Данные СберИндекса";"Услуги";"Россия";"Месяц";"2";"индекс";"0"
"2019-07-01";102.19;"A";"Данные СберИндекса";"Услуги";"Россия";"Месяц";"2";"индекс";"0"
"2019-08-01";102.47;"A";"Данные СберИндекса";"Услуги";"Россия";"Месяц";"2";"индекс";"0"
"2019-09-01";102.17;"A";"Данные СберИндекса";"Услуги";"Россия";"Месяц";"2";"индекс";"0"
"2019-10-01";102.64;"A";"Данные СберИндекса";"Услуги";"Россия";"Месяц";"2";"индекс";"0"
"2019-11-01";103.06;"A";"Данные СберИндекса";"Услуги";"Россия";"Месяц";"2";"индекс";"0"
"2019-12-01";102.68;"A";"Данные СберИндекса";"Услуги";"Россия";"Месяц";"2";"индекс";"0"
"2020-01-01";102.97;"A";"Данные СберИндекса";"Услуги";"Россия";"Месяц";"2";"индекс";"0"
"2020-02-01";101.91;"A";"Данные СберИндекса";"Услуги";"Россия";"Месяц";"2";"индекс";"0"
"2020-03-01";97.16;"A";"Данные СберИндекса";"Услуги";"Россия";"Месяц";"2";"индекс";"0"
"2020-04-01";64.14;"A";"Данные СберИндекса";"Услуги";"Россия";"Месяц";"2";"индекс";"0"
"2020-05-01";64.22;"A";"Данные СберИндекса";"Услуги";"Россия";"Месяц";"2";"индекс";"0"
"2020-06-01";72.23;"A";"Данные СберИндекса";"Услуги";"Россия";"Месяц";"2";"индекс";"0"
"2020-07-01";82.34;"A";"Данные СберИндекса";"Услуги";"Россия";"Месяц";"2";"индекс";"0"
"2020-08-01";89.92;"A";"Данные СберИндекса";"Услуги";"Россия";"Месяц";"2";"индекс";"0"
"2020-09-01";93.2;"A";"Данные СберИндекса";"Услуги";"Россия";"Месяц";"2";"индекс";"0"
"2020-10-01";93.19;"A";"Данные СберИндекса";"Услуги";"Россия";"Месяц";"2";"индекс";"0"
"2020-11-01";92.38;"A";"Данные СберИндекса";"Услуги";"Россия";"Месяц";"2";"индекс";"0"
"2020-12-01";94.16;"A";"Данные СберИндекса";"Услуги";"Россия";"Месяц";"2";"индекс";"0"
"2021-01-01";94.75;"A";"Данные СберИндекса";"Услуги";"Россия";"Месяц";"2";"индекс";"0"
"2021-02-01";98.14;"A";"Данные СберИндекса";"Услуги";"Россия";"Месяц";"2";"индекс";"0"
"2021-03-01";101.71;"A";"Данные СберИндекса";"Услуги";"Россия";"Месяц";"2";"индекс";"0"
"2021-04-01";103.2;"A";"Данные СберИндекса";"Услуги";"Россия";"Месяц";"2";"индекс";"0"
"2021-05-01";103.72;"A";"Данные СберИндекса";"Услуги";"Россия";"Месяц";"2";"индекс";"0"
"2021-06-01";103.6;"A";"Данные СберИндекса";"Услуги";"Россия";"Месяц";"2";"индекс";"0"
"2021-07-01";102.11;"A";"Данные СберИндекса";"Услуги";"Россия";"Месяц";"2";"индекс";"0"
"2021-08-01";104.09;"A";"Данные СберИндекса";"Услуги";"Россия";"Месяц";"2";"индекс";"0"
"2021-09-01";105.86;"A";"Данные СберИндекса";"Услуги";"Россия";"Месяц";"2";"индекс";"0"
"2021-10-01";107.13;"A";"Данные СберИндекса";"Услуги";"Россия";"Месяц";"2";"индекс";"0"
"2021-11-01";105.99;"A";"Данные СберИндекса";"Услуги";"Россия";"Месяц";"2";"индекс";"0"
"2021-12-01";106.2;"A";"Данные СберИндекса";"Услуги";"Россия";"Месяц";"2";"индекс";"0"
"2022-01-01";108.53;"A";"Данные СберИндекса";"Услуги";"Россия";"Месяц";"2";"индекс";"0"
"2022-02-01";108.61;"A";"Данные СберИндекса";"Услуги";"Россия";"Месяц";"2";"индекс";"0"
"2022-03-01";105.57;"A";"Данные СберИндекса";"Услуги";"Россия";"Месяц";"2";"индекс";"0"
"2022-04-01";103.98;"A";"Данные СберИндекса";"Услуги";"Россия";"Месяц";"2";"индекс";"0"
"2022-05-01";104.6;"A";"Данные СберИндекса";"Услуги";"Россия";"Месяц";"2";"индекс";"0"
"2022-06-01";105.09;"A";"Данные СберИндекса";"Услуги";"Россия";"Месяц";"2";"индекс";"0"
"2022-07-01";105.54;"A";"Данные СберИндекса";"Услуги";"Россия";"Месяц";"2";"индекс";"0"
"2022-08-01";106.35;"A";"Данные СберИндекса";"Услуги";"Россия";"Месяц";"2";"индекс";"0"
"2022-09-01";106.15;"A";"Данные СберИндекса";"Услуги";"Россия";"Месяц";"2";"индекс";"0"
"2022-10-01";106.84;"A";"Данные СберИндекса";"Услуги";"Россия";"Месяц";"2";"индекс";"0"
"2022-11-01";107.34;"A";"Данные СберИндекса";"Услуги";"Россия";"Месяц";"2";"индекс";"0"
"2022-12-01";107.33;"A";"Данные СберИндекса";"Услуги";"Россия";"Месяц";"2";"индекс";"0"
"2023-01-01";109.53;"A";"Данные СберИндекса";"Услуги";"Россия";"Месяц";"2";"индекс";"0"
"2023-02-01";111.58;"A";"Данные СберИндекса";"Услуги";"Россия";"Месяц";"2";"индекс";"0"
"2023-03-01";111.78;"A";"Данные СберИндекса";"Услуги";"Россия";"Месяц";"2";"индекс";"0"
"2023-04-01";111.45;"A";"Данные СберИндекса";"Услуги";"Россия";"Месяц";"2";"индекс";"0"
"2023-05-01";111.56;"A";"Данные СберИндекса";"Услуги";"Россия";"Месяц";"2";"индекс";"0"
"2023-06-01";111.88;"A";"Данные СберИндекса";"Услуги";"Россия";"Месяц";"2";"индекс";"0"
"2023-07-01";113.01;"A";"Данные СберИндекса";"Услуги";"Россия";"Месяц";"2";"индекс";"0"
"2023-08-01";113.39;"A";"Данные СберИндекса";"Услуги";"Россия";"Месяц";"2";"индекс";"0"
"2023-09-01";114;"A";"Данные СберИндекса";"Услуги";"Россия";"Месяц";"2";"индекс";"0"
"2023-10-01";114.31;"A";"Данные СберИндекса";"Услуги";"Россия";"Месяц";"2";"индекс";"0"
"2023-11-01";114.21;"A";"Данные СберИндекса";"Услуги";"Россия";"Месяц";"2";"индекс";"0"
"2023-12-01";115.02;"A";"Данные СберИндекса";"Услуги";"Россия";"Месяц";"2";"индекс";"0"
"2024-01-01";115.59;"A";"Данные СберИндекса";"Услуги";"Россия";"Месяц";"2";"индекс";"0"
"2024-02-01";115.37;"A";"Данные СберИндекса";"Услуги";"Россия";"Месяц";"2";"индекс";"0"
"2024-03-01";116.54;"A";"Данные СберИндекса";"Услуги";"Россия";"Месяц";"2";"индекс";"0"
"2024-04-01";116.37;"A";"Данные СберИндекса";"Услуги";"Россия";"Месяц";"2";"индекс";"0"
"2024-05-01";117.71;"A";"Данные СберИндекса";"Услуги";"Россия";"Месяц";"2";"индекс";"0"
"2024-06-01";118.73;"A";"Данные СберИндекса";"Услуги";"Россия";"Месяц";"2";"индекс";"0"
"2024-07-01";118.03;"A";"Данные СберИндекса";"Услуги";"Россия";"Месяц";"2";"индекс";"0"
"2024-08-01";118.32;"A";"Данные СберИндекса";"Услуги";"Россия";"Месяц";"2";"индекс";"0"
"2024-09-01";118.33;"A";"Данные СберИндекса";"Услуги";"Россия";"Месяц";"2";"индекс";"0"
"2024-10-01";118.26;"A";"Данные СберИндекса";"Услуги";"Россия";"Месяц";"2";"индекс";"0"
"2024-11-01";118.56;"A";"Данные СберИндекса";"Услуги";"Россия";"Месяц";"2";"индекс";"0"
"2024-12-01";118.88;"A";"Данные СберИндекса";"Услуги";"Россия";"Месяц";"2";"индекс";"0"
"2025-01-01";118.52;"A";"Данные СберИндекса";"Услуги";"Россия";"Месяц";"2";"индекс";"0"
"2025-02-01";119.64;"A";"Данные СберИндекса";"Услуги";"Россия";"Месяц";"2";"индекс";"0"
"2025-03-01";119.4;"A";"Данные СберИндекса";"Услуги";"Россия";"Месяц";"2";"индекс";"0"
"2025-04-01";120.27;"A";"Данные СберИндекса";"Услуги";"Россия";"Месяц";"2";"индекс";"0"
"2025-05-01";120.73;"A";"Данные СберИндекса";"Услуги";"Россия";"Месяц";"2";"индекс";"0"
"2025-06-01";121.93;"A";"Данные СберИндекса";"Услуги";"Россия";"Месяц";"2";"индекс";"0"
"2025-07-01";120.17;"A";"Данные СберИндекса";"Услуги";"Россия";"Месяц";"2";"индекс";"0"
"2025-08-01";121.68;"A";"Данные СберИндекса";"Услуги";"Россия";"Месяц";"2";"индекс";"0"
"2025-09-01";121.94;"A";"Данные СберИндекса";"Услуги";"Россия";"Месяц";"2";"индекс";"0"
"2025-10-01";122.81;"A";"Данные СберИндекса";"Услуги";"Россия";"Месяц";"2";"индекс";"0"
"2025-11-01";123.65;"A";"Данные СберИндекса";"Услуги";"Россия";"Месяц";"2";"индекс";"0"
"2025-12-01";123.53;"A";"Данные СберИндекса";"Услуги";"Россия";"Месяц";"2";"индекс";"0"
"2026-01-01";123.75;"A";"Данные СберИндекса";"Услуги";"Россия";"Месяц";"2";"индекс";"0"
"2026-02-01";124.03;"A";"Данные СберИндекса";"Услуги";"Россия";"Месяц";"2";"индекс";"0"
"2026-03-01";124.22;"A";"Данные СберИндекса";"Услуги";"Россия";"Месяц";"2";"индекс";"0"
"2026-04-01";124.5;"A";"Данные СберИндекса";"Услуги";"Россия";"Месяц";"2";"индекс";"0"
"2026-05-01";124.09;"A";"Данные СберИндекса";"Услуги";"Россия";"Месяц";"2";"индекс";"0"
"2026-06-01";123.35;"A";"Данные СберИндекса";"Услуги";"Россия";"Месяц";"2";"индекс";"0"
"2026-07-01";124.1;"A";"Данные СберИндекса";"Услуги";"Россия";"Месяц";"2";"индекс";"0"
"2026-08-01";124.45;"A";"Данные СберИндекса";"Услуги";"Россия";"Месяц";"2";"индекс";"0"
"2026-09-01";125.23;"A";"Данные СберИндекса";"Услуги";"Россия";"Месяц";"2";"индекс";"0"
"2018-12-01";100;"A";"Данные СберИндекса";"Продовольственные товары";"Россия";"Месяц";"2";"индекс";"0"
"2019-01-01";99.99;"A";"Данные СберИндекса";"Продовольственные товары";"Россия";"Месяц";"2";"индекс";"0"
"2019-02-01";99.83;"A";"Данные СберИндекса";"Продовольственные товары";"Россия";"Месяц";"2";"индекс";"0"
"2019-03-01";100.49;"A";"Данные СберИндекса";"Продовольственные товары";"Россия";"Месяц";"2";"индекс";"0"
"2019-04-01";100.26;"A";"Данные СберИндекса";"Продовольственные товары";"Россия";"Месяц";"2";"индекс";"0"
"2019-05-01";100.81;"A";"Данные СберИндекса";"Продовольственные товары";"Россия";"Месяц";"2";"индекс";"0"
"2019-06-01";100.82;"A";"Данные СберИндекса";"Продовольственные товары";"Россия";"Месяц";"2";"индекс";"0"
"2019-07-01";100.6;"A";"Данные СберИндекса";"Продовольственные товары";"Россия";"Месяц";"2";"индекс";"0"
"2019-08-01";100.74;"A";"Данные СберИндекса";"Продовольственные товары";"Россия";"Месяц";"2";"индекс";"0"
"2019-09-01";101.1;"A";"Данные СберИндекса";"Продовольственные товары";"Россия";"Месяц";"2";"индекс";"0"
"2019-10-01";101.57;"A";"Данные СберИндекса";"Продовольственные товары";"Россия";"Месяц";"2";"индекс";"0"
"2019-11-01";102.95;"A";"Данные СберИндекса";"Продовольственные товары";"Россия";"Месяц";"2";"индекс";"0"
"2019-12-01";102.76;"A";"Данные СберИндекса";"Продовольственные товары";"Россия";"Месяц";"2";"индекс";"0"
"2020-01-01";102.78;"A";"Данные СберИндекса";"Продовольственные товары";"Россия";"Месяц";"2";"индекс";"0"
"2020-02-01";102.36;"A";"Данные СберИндекса";"Продовольственные товары";"Россия";"Месяц";"2";"индекс";"0"
"2020-03-01";107.25;"A";"Данные СберИндекса";"Продовольственные товары";"Россия";"Месяц";"2";"индекс";"0"
"2020-04-01";92.02;"A";"Данные СберИндекса";"Продовольственные товары";"Россия";"Месяц";"2";"индекс";"0"
"2020-05-01";93.35;"A";"Данные СберИндекса";"Продовольственные товары";"Россия";"Месяц";"2";"индекс";"0"
"2020-06-01";98.04;"A";"Данные СберИндекса";"Продовольственные товары";"Россия";"Месяц";"2";"индекс";"0"
"2020-07-01";100.19;"A";"Данные СберИндекса";"Продовольственные товары";"Россия";"Месяц";"2";"индекс";"0"
"2020-08-01";99.1;"A";"Данные СберИндекса";"Продовольственные товары";"Россия";"Месяц";"2";"индекс";"0"
"2020-09-01";99.85;"A";"Данные СберИндекса";"Продовольственные товары";"Россия";"Месяц";"2";"индекс";"0"
"2020-10-01";101.22;"A";"Данные СберИндекса";"Продовольственные товары";"Россия";"Месяц";"2";"индекс";"0"
"2020-11-01";100.83;"A";"Данные СберИндекса";"Продовольственные товары";"Россия";"Месяц";"2";"индекс";"0"
"2020-12-01";101.16;"A";"Данные СберИндекса";"Продовольственные товары";"Россия";"Месяц";"2";"индекс";"0"
"2021-01-01";102.84;"A";"Данные СберИндекса";"Продовольственные товары";"Россия";"Месяц";"2";"индекс";"0"
"2021-02-01";102.2;"A";"Данные СберИндекса";"Продовольственные товары";"Россия";"Месяц";"2";"индекс";"0"
"2021-03-01";101.94;"A";"Данные СберИндекса";"Продовольственные товары";"Россия";"Месяц";"2";"индекс";"0"
"2021-04-01";102.53;"A";"Данные СберИндекса";"Продовольственные товары";"Россия";"Месяц";"2";"индекс";"0"
"2021-05-01";102.11;"A";"Данные СберИндекса";"Продовольственные товары";"Россия";"Месяц";"2";"индекс";"0"
"2021-06-01";102.41;"A";"Данные СберИндекса";"Продовольственные товары";"Россия";"Месяц";"2";"индекс";"0"
"2021-07-01";102.74;"A";"Данные СберИндекса";"Продовольственные товары";"Россия";"Месяц";"2";"индекс";"0"
"2021-08-01";102.96;"A";"Данные СберИндекса";"Продовольственные товары";"Россия";"Месяц";"2";"индекс";"0"
"2021-09-01";103.9;"A";"Данные СберИндекса";"Продовольственные товары";"Россия";"Месяц";"2";"индекс";"0"
"2021-10-01";104.45;"A";"Данные СберИндекса";"Продовольственные товары";"Россия";"Месяц";"2";"индекс";"0"
"2021-11-01";103.98;"A";"Данные СберИндекса";"Продовольственные товары";"Россия";"Месяц";"2";"индекс";"0"
"2021-12-01";104.63;"A";"Данные СберИндекса";"Продовольственные товары";"Россия";"Месяц";"2";"индекс";"0"
"2022-01-01";104.55;"A";"Данные СберИндекса";"Продовольственные товары";"Россия";"Месяц";"2";"индекс";"0"
"2022-02-01";105.21;"A";"Данные СберИндекса";"Продовольственные товары";"Россия";"Месяц";"2";"индекс";"0"
"2022-03-01";105.74;"A";"Данные СберИндекса";"Продовольственные товары";"Россия";"Месяц";"2";"индекс";"0"
"2022-04-01";99.74;"A";"Данные СберИндекса";"Продовольственные товары";"Россия";"Месяц";"2";"индекс";"0"
"2022-05-01";99.37;"A";"Данные СберИндекса";"Продовольственные товары";"Россия";"Месяц";"2";"индекс";"0"
"2022-06-01";99.84;"A";"Данные СберИндекса";"Продовольственные товары";"Россия";"Месяц";"2";"индекс";"0"
"2022-07-01";100.32;"A";"Данные СберИндекса";"Продовольственные товары";"Россия";"Месяц";"2";"индекс";"0"
"2022-08-01";100.21;"A";"Данные СберИндекса";"Продовольственные товары";"Россия";"Месяц";"2";"индекс";"0"
"2022-09-01";100.76;"A";"Данные СберИндекса";"Продовольственные товары";"Россия";"Месяц";"2";"индекс";"0"
"2022-10-01";101.47;"A";"Данные СберИндекса";"Продовольственные товары";"Россия";"Месяц";"2";"индекс";"0"
"2022-11-01";102.45;"A";"Данные СберИндекса";"Продовольственные товары";"Россия";"Месяц";"2";"индекс";"0"
"2022-12-01";102.78;"A";"Данные СберИндекса";"Продовольственные товары";"Россия";"Месяц";"2";"индекс";"0"
"2023-01-01";103.94;"A";"Данные СберИндекса";"Продовольственные товары";"Россия";"Месяц";"2";"индекс";"0"
"2023-02-01";104.42;"A";"Данные СберИндекса";"Продовольственные товары";"Россия";"Месяц";"2";"индекс";"0"
"2023-03-01";104.74;"A";"Данные СберИндекса";"Продовольственные товары";"Россия";"Месяц";"2";"индекс";"0"
"2023-04-01";105.36;"A";"Данные СберИндекса";"Продовольственные товары";"Россия";"Месяц";"2";"индекс";"0"
"2023-05-01";106.18;"A";"Данные СберИндекса";"Продовольственные товары";"Россия";"Месяц";"2";"индекс";"0"
"2023-06-01";107.68;"A";"Данные СберИндекса";"Продовольственные товары";"Россия";"Месяц";"2";"индекс";"0"
"2023-07-01";106.8;"A";"Данные СберИндекса";"Продовольственные товары";"Россия";"Месяц";"2";"индекс";"0"
"2023-08-01";107.72;"A";"Данные СберИндекса";"Продовольственные товары";"Россия";"Месяц";"2";"индекс";"0"
"2023-09-01";107.73;"A";"Данные СберИндекса";"Продовольственные товары";"Россия";"Месяц";"2";"индекс";"0"
"2023-10-01";107.77;"A";"Данные СберИндекса";"Продовольственные товары";"Россия";"Месяц";"2";"индекс";"0"
"2023-11-01";108.34;"A";"Данные СберИндекса";"Продовольственные товары";"Россия";"Месяц";"2";"индекс";"0"
"2023-12-01";109.14;"A";"Данные СберИндекса";"Продовольственные товары";"Россия";"Месяц";"2";"индекс";"0"
"2024-01-01";110.49;"A";"Данные СберИндекса";"Продовольственные товары";"Россия";"Месяц";"2";"индекс";"0"
"2024-02-01";111.55;"A";"Данные СберИндекса";"Продовольственные товары";"Россия";"Месяц";"2";"индекс";"0"
"2024-03-01";111.72;"A";"Данные СберИндекса";"Продовольственные товары";"Россия";"Месяц";"2";"индекс";"0"
"2024-04-01";111.59;"A";"Данные СберИндекса";"Продовольственные товары";"Россия";"Месяц";"2";"индекс";"0"
"2024-05-01";111.95;"A";"Данные СберИндекса";"Продовольственные товары";"Россия";"Месяц";"2";"индекс";"0"
"2024-06-01";112.2;"A";"Данные СберИндекса";"Продовольственные товары";"Россия";"Месяц";"2";"индекс";"0"
"2024-07-01";112.28;"A";"Данные СберИндекса";"Продовольственные товары";"Россия";"Месяц";"2";"индекс";"0"
"2024-08-01";112.23;"A";"Данные СберИндекса";"Продовольственные товары";"Россия";"Месяц";"2";"индекс";"0"
"2024-09-01";111.96;"A";"Данные СберИндекса";"Продовольственные товары";"Россия";"Месяц";"2";"индекс";"0"
"2024-10-01";112.47;"A";"Данные СберИндекса";"Продовольственные товары";"Россия";"Месяц";"2";"индекс";"0"
"2024-11-01";112.5;"A";"Данные СберИндекса";"Продовольственные товары";"Россия";"Месяц";"2";"индекс";"0"
"2024-12-01";111.81;"A";"Данные СберИндекса";"Продовольственные товары";"Россия";"Месяц";"2";"индекс";"0"
"2025-01-01";113.01;"A";"Данные СберИндекса";"Продовольственные товары";"Россия";"Месяц";"2";"индекс";"0"
"2025-02-01";112.72;"A";"Данные СберИндекса";"Продовольственные товары";"Россия";"Месяц";"2";"индекс";"0"
"2025-03-01";113.51;"A";"Данные СберИндекса";"Продовольственные товары";"Россия";"Месяц";"2";"индекс";"0"
"2025-04-01";113.67;"A";"Данные СберИндекса";"Продовольственные товары";"Россия";"Месяц";"2";"индекс";"0"
"2025-05-01";113.89;"A";"Данные СберИндекса";"Продовольственные товары";"Россия";"Месяц";"2";"индекс";"0"
"2025-06-01";113.7;"A";"Данные СберИндекса";"Продовольственные товары";"Россия";"Месяц";"2";"индекс";"0"
"2025-07-01";116.58;"A";"Данные СберИндекса";"Продовольственные товары";"Россия";"Месяц";"2";"индекс";"0"
"2025-08-01";115.21;"A";"Данные СберИндекса";"Продовольственные товары";"Россия";"Месяц";"2";"индекс";"0"
"2025-09-01";113.12;"A";"Данные СберИндекса";"Продовольственные товары";"Россия";"Месяц";"2";"индекс";"0"
"2025-10-01";115.11;"A";"Данные СберИндекса";"Продовольственные товары";"Россия";"Месяц";"2";"индекс";"0"
"2025-11-01";112.51;"A";"Данные СберИндекса";"Продовольственные товары";"Россия";"Месяц";"2";"индекс";"0"
"2025-12-01";116.01;"A";"Данные СберИндекса";"Продовольственные товары";"Россия";"Месяц";"2";"индекс";"0"
"2026-01-01";116.33;"A";"Данные СберИндекса";"Продовольственные товары";"Россия";"Месяц";"2";"индекс";"0"
"2026-02-01";114.4;"A";"Данные СберИндекса";"Продовольственные товары";"Россия";"Месяц";"2";"индекс";"0"
"2026-03-01";117.82;"A";"Данные СберИндекса";"Продовольственные товары";"Россия";"Месяц";"2";"индекс";"0"
"2026-04-01";118.59;"A";"Данные СберИндекса";"Продовольственные товары";"Россия";"Месяц";"2";"индекс";"0"
"2026-05-01";119.47;"A";"Данные СберИндекса";"Продовольственные товары";"Россия";"Месяц";"2";"индекс";"0"
"2026-06-01";119.82;"A";"Данные СберИндекса";"Продовольственные товары";"Россия";"Месяц";"2";"индекс";"0"
"2026-07-01";121.7;"A";"Данные СберИндекса";"Продовольственные товары";"Россия";"Месяц";"2";"индекс";"0"
"2026-08-01";118.87;"A";"Данные СберИндекса";"Продовольственные товары";"Россия";"Месяц";"2";"индекс";"0"
"2026-09-01";117.98;"A";"Данные СберИндекса";"Продовольственные товары";"Россия";"Месяц";"2";"индекс";"0"
"2018-12-01";100;"A";"Данные СберИндекса";"Всего";"Россия";"Месяц";"2";"индекс";"0"
"2019-01-01";99.59;"A";"Данные СберИндекса";"Всего";"Россия";"Месяц";"2";"индекс";"0"
"2019-02-01";99.67;"A";"Данные СберИндекса";"Всего";"Россия";"Месяц";"2";"индекс";"0"
"2019-03-01";100.05;"A";"Данные СберИндекса";"Всего";"Россия";"Месяц";"2";"индекс";"0"
"2019-04-01";99.98;"A";"Данные СберИндекса";"Всего";"Россия";"Месяц";"2";"индекс";"0"
"2019-05-01";100.23;"A";"Данные СберИндекса";"Всего";"Россия";"Месяц";"2";"индекс";"0"
"2019-06-01";100.67;"A";"Данные СберИндекса";"Всего";"Россия";"Месяц";"2";"индекс";"0"
"2019-07-01";100.68;"A";"Данные СберИндекса";"Всего";"Россия";"Месяц";"2";"индекс";"0"
"2019-08-01";100.9;"A";"Данные СберИндекса";"Всего";"Россия";"Месяц";"2";"индекс";"0"
"2019-09-01";101.26;"A";"Данные СберИндекса";"Всего";"Россия";"Месяц";"2";"индекс";"0"
"2019-10-01";101.98;"A";"Данные СберИндекса";"Всего";"Россия";"Месяц";"2";"индекс";"0"
"2019-11-01";103.31;"A";"Данные СберИндекса";"Всего";"Россия";"Месяц";"2";"индекс";"0"
"2019-12-01";102.89;"A";"Данные СберИндекса";"Всего";"Россия";"Месяц";"2";"индекс";"0"
"2020-01-01";102.72;"A";"Данные СберИндекса";"Всего";"Россия";"Месяц";"2";"индекс";"0"
"2020-02-01";102.13;"A";"Данные СберИндекса";"Всего";"Россия";"Месяц";"2";"индекс";"0"
"2020-03-01";103.69;"A";"Данные СберИндекса";"Всего";"Россия";"Месяц";"2";"индекс";"0"
"2020-04-01";73.09;"A";"Данные СберИндекса";"Всего";"Россия";"Месяц";"2";"индекс";"0"
"2020-05-01";76.57;"A";"Данные СберИндекса";"Всего";"Россия";"Месяц";"2";"индекс";"0"
"2020-06-01";87.58;"A";"Данные СберИндекса";"Всего";"Россия";"Месяц";"2";"индекс";"0"
"2020-07-01";94.66;"A";"Данные СберИндекса";"Всего";"Россия";"Месяц";"2";"индекс";"0"
"2020-08-01";96.84;"A";"Данные СберИндекса";"Всего";"Россия";"Месяц";"2";"индекс";"0"
"2020-09-01";98.19;"A";"Данные СберИндекса";"Всего";"Россия";"Месяц";"2";"индекс";"0"
"2020-10-01";99.34;"A";"Данные СберИндекса";"Всего";"Россия";"Месяц";"2";"индекс";"0"
"2020-11-01";98.81;"A";"Данные СберИндекса";"Всего";"Россия";"Месяц";"2";"индекс";"0"
"2020-12-01";99.09;"A";"Данные СберИндекса";"Всего";"Россия";"Месяц";"2";"индекс";"0"
"2021-01-01";101.36;"A";"Данные СберИндекса";"Всего";"Россия";"Месяц";"2";"индекс";"0"
"2021-02-01";101.89;"A";"Данные СберИндекса";"Всего";"Россия";"Месяц";"2";"индекс";"0"
"2021-03-01";103.1;"A";"Данные СберИндекса";"Всего";"Россия";"Месяц";"2";"индекс";"0"
"2021-04-01";104.76;"A";"Данные СберИндекса";"Всего";"Россия";"Месяц";"2";"индекс";"0"
"2021-05-01";104.64;"A";"Данные СберИндекса";"Всего";"Россия";"Месяц";"2";"индекс";"0"
"2021-06-01";104.37;"A";"Данные СберИндекса";"Всего";"Россия";"Месяц";"2";"индекс";"0"
"2021-07-01";104.24;"A";"Данные СберИндекса";"Всего";"Россия";"Месяц";"2";"индекс";"0"
"2021-08-01";105.14;"A";"Данные СберИндекса";"Всего";"Россия";"Месяц";"2";"индекс";"0"
"2021-09-01";106.6;"A";"Данные СберИндекса";"Всего";"Россия";"Месяц";"2";"индекс";"0"
"2021-10-01";106.77;"A";"Данные СберИндекса";"Всего";"Россия";"Месяц";"2";"индекс";"0"
"2021-11-01";105.77;"A";"Данные СберИндекса";"Всего";"Россия";"Месяц";"2";"индекс";"0"
"2021-12-01";107.7;"A";"Данные СберИндекса";"Всего";"Россия";"Месяц";"2";"индекс";"0"
"2022-01-01";108.59;"A";"Данные СберИндекса";"Всего";"Россия";"Месяц";"2";"индекс";"0"
"2022-02-01";109.94;"A";"Данные СберИндекса";"Всего";"Россия";"Месяц";"2";"индекс";"0"
"2022-03-01";105.91;"A";"Данные СберИндекса";"Всего";"Россия";"Месяц";"2";"индекс";"0"
"2022-04-01";97.12;"A";"Данные СберИндекса";"Всего";"Россия";"Месяц";"2";"индекс";"0"
"2022-05-01";97;"A";"Данные СберИндекса";"Всего";"Россия";"Месяц";"2";"индекс";"0"
"2022-06-01";97.49;"A";"Данные СберИндекса";"Всего";"Россия";"Месяц";"2";"индекс";"0"
"2022-07-01";97.89;"A";"Данные СберИндекса";"Всего";"Россия";"Месяц";"2";"индекс";"0"
"2022-08-01";98.47;"A";"Данные СберИндекса";"Всего";"Россия";"Месяц";"2";"индекс";"0"
"2022-09-01";98.79;"A";"Данные СберИндекса";"Всего";"Россия";"Месяц";"2";"индекс";"0"
"2022-10-01";99.55;"A";"Данные СберИндекса";"Всего";"Россия";"Месяц";"2";"индекс";"0"
"2022-11-01";101.38;"A";"Данные СберИндекса";"Всего";"Россия";"Месяц";"2";"индекс";"0"
"2022-12-01";101.04;"A";"Данные СберИндекса";"Всего";"Россия";"Месяц";"2";"индекс";"0"
"2023-01-01";104.98;"A";"Данные СберИндекса";"Всего";"Россия";"Месяц";"2";"индекс";"0"
"2023-02-01";105.5;"A";"Данные СберИндекса";"Всего";"Россия";"Месяц";"2";"индекс";"0"
"2023-03-01";105.63;"A";"Данные СберИндекса";"Всего";"Россия";"Месяц";"2";"индекс";"0"
"2023-04-01";106.79;"A";"Данные СберИндекса";"Всего";"Россия";"Месяц";"2";"индекс";"0"
"2023-05-01";107.84;"A";"Данные СберИндекса";"Всего";"Россия";"Месяц";"2";"индекс";"0"
"2023-06-01";109.18;"A";"Данные СберИндекса";"Всего";"Россия";"Месяц";"2";"индекс";"0"
"2023-07-01";109.83;"A";"Данные СберИндекса";"Всего";"Россия";"Месяц";"2";"индекс";"0"
"2023-08-01";110.71;"A";"Данные СберИндекса";"Всего";"Россия";"Месяц";"2";"индекс";"0"
"2023-09-01";111.19;"A";"Данные СберИндекса";"Всего";"Россия";"Месяц";"2";"индекс";"0"
"2023-10-01";111.91;"A";"Данные СберИндекса";"Всего";"Россия";"Месяц";"2";"индекс";"0"
"2023-11-01";111.63;"A";"Данные СберИндекса";"Всего";"Россия";"Месяц";"2";"индекс";"0"
"2023-12-01";111.7;"A";"Данные СберИндекса";"Всего";"Россия";"Месяц";"2";"индекс";"0"
"2024-01-01";113.82;"A";"Данные СберИндекса";"Всего";"Россия";"Месяц";"2";"индекс";"0"
"2024-02-01";115.12;"A";"Данные СберИндекса";"Всего";"Россия";"Месяц";"2";"индекс";"0"
"2024-03-01";115.82;"A";"Данные СберИндекса";"Всего";"Россия";"Месяц";"2";"индекс";"0"
"2024-04-01";115.72;"A";"Данные СберИндекса";"Всего";"Россия";"Месяц";"2";"индекс";"0"
"2024-05-01";116.1;"A";"Данные СберИндекса";"Всего";"Россия";"Месяц";"2";"индекс";"0"
"2024-06-01";116.73;"A";"Данные СберИндекса";"Всего";"Россия";"Месяц";"2";"индекс";"0"
"2024-07-01";116.92;"A";"Данные СберИндекса";"Всего";"Россия";"Месяц";"2";"индекс";"0"
"2024-08-01";116.96;"A";"Данные СберИндекса";"Всего";"Россия";"Месяц";"2";"индекс";"0"
"2024-09-01";118.02;"A";"Данные СберИндекса";"Всего";"Россия";"Месяц";"2";"индекс";"0"
"2024-10-01";117.32;"A";"Данные СберИндекса";"Всего";"Россия";"Месяц";"2";"индекс";"0"
"2024-11-01";118.23;"A";"Данные СберИндекса";"Всего";"Россия";"Месяц";"2";"индекс";"0"
"2024-12-01";117.8;"A";"Данные СберИндекса";"Всего";"Россия";"Месяц";"2";"индекс";"0"
"2025-01-01";120.04;"A";"Данные СберИндекса";"Всего";"Россия";"Месяц";"2";"индекс";"0"
"2025-02-01";120.37;"A";"Данные СберИндекса";"Всего";"Россия";"Месяц";"2";"индекс";"0"
"2025-03-01";120.36;"A";"Данные СберИндекса";"Всего";"Россия";"Месяц";"2";"индекс";"0"
"2025-04-01";121.01;"A";"Данные СберИндекса";"Всего";"Россия";"Месяц";"2";"индекс";"0"
"2025-05-01";121.43;"A";"Данные СберИндекса";"Всего";"Россия";"Месяц";"2";"индекс";"0"
"2025-06-01";122.03;"A";"Данные СберИндекса";"Всего";"Россия";"Месяц";"2";"индекс";"0"
"2025-07-01";123.5;"A";"Данные СберИндекса";"Всего";"Россия";"Месяц";"2";"индекс";"0"
"2025-08-01";124.11;"A";"Данные СберИндекса";"Всего";"Россия";"Месяц";"2";"индекс";"0"
"2025-09-01";123.7;"A";"Данные СберИндекса";"Всего";"Россия";"Месяц";"2";"индекс";"0"
"2025-10-01";126.11;"A";"Данные СберИндекса";"Всего";"Россия";"Месяц";"2";"индекс";"0"
"2025-11-01";124.43;"A";"Данные СберИндекса";"Всего";"Россия";"Месяц";"2";"индекс";"0"
"2025-12-01";126.49;"A";"Данные СберИндекса";"Всего";"Россия";"Месяц";"2";"индекс";"0"
"2026-01-01";124.1;"A";"Данные СберИндекса";"Всего";"Россия";"Месяц";"2";"индекс";"0"
"2026-02-01";124.38;"A";"Данные СберИндекса";"Всего";"Россия";"Месяц";"2";"индекс";"0"
"2026-03-01";127.57;"A";"Данные СберИндекса";"Всего";"Россия";"Месяц";"2";"индекс";"0"
"2026-04-01";128.53;"A";"Данные СберИндекса";"Всего";"Россия";"Месяц";"2";"индекс";"0"
"2026-05-01";129.67;"A";"Данные СберИндекса";"Всего";"Россия";"Месяц";"2";"индекс";"0"
"2026-06-01";129.7;"A";"Данные СберИндекса";"Всего";"Россия";"Месяц";"2";"индекс";"0"
"2026-07-01";130.26;"A";"Данные СберИндекса";"Всего";"Россия";"Месяц";"2";"индекс";"0"
"2026-08-01";128.78;"A";"Данные СберИндекса";"Всего";"Россия";"Месяц";"2";"индекс";"0"
"2026-09-01";128.99;"A";"Данные СберИндекса";"Всего";"Россия";"Месяц";"2";"индекс";"0"
"2018-12-01";100;"A";"Данные СберИндекса";"Непродовольственные товары";"Россия";"Месяц";"2";"индекс";"0"
"2019-01-01";99.16;"A";"Данные СберИндекса";"Непродовольственные товары";"Россия";"Месяц";"2";"индекс";"0"
"2019-02-01";98.99;"A";"Данные СберИндекса";"Непродовольственные товары";"Россия";"Месяц";"2";"индекс";"0"
"2019-03-01";98.64;"A";"Данные СберИндекса";"Непродовольственные товары";"Россия";"Месяц";"2";"индекс";"0"
"2019-04-01";98.79;"A";"Данные СберИндекса";"Непродовольственные товары";"Россия";"Месяц";"2";"индекс";"0"
"2019-05-01";98.65;"A";"Данные СберИндекса";"Непродовольственные товары";"Россия";"Месяц";"2";"индекс";"0"
"2019-06-01";99.35;"A";"Данные СберИндекса";"Непродовольственные товары";"Россия";"Месяц";"2";"индекс";"0"
"2019-07-01";99.68;"A";"Данные СберИндекса";"Непродовольственные товары";"Россия";"Месяц";"2";"индекс";"0"
"2019-08-01";99.96;"A";"Данные СберИндекса";"Непродовольственные товары";"Россия";"Месяц";"2";"индекс";"0"
"2019-09-01";100.67;"A";"Данные СберИндекса";"Непродовольственные товары";"Россия";"Месяц";"2";"индекс";"0"
"2019-10-01";101.68;"A";"Данные СберИндекса";"Непродовольственные товары";"Россия";"Месяц";"2";"индекс";"0"
"2019-11-01";103.48;"A";"Данные СберИндекса";"Непродовольственные товары";"Россия";"Месяц";"2";"индекс";"0"
"2019-12-01";102.6;"A";"Данные СберИндекса";"Непродовольственные товары";"Россия";"Месяц";"2";"индекс";"0"
"2020-01-01";102.64;"A";"Данные СберИндекса";"Непродовольственные товары";"Россия";"Месяц";"2";"индекс";"0"
"2020-02-01";102.1;"A";"Данные СберИндекса";"Непродовольственные товары";"Россия";"Месяц";"2";"индекс";"0"
"2020-03-01";105.57;"A";"Данные СберИндекса";"Непродовольственные товары";"Россия";"Месяц";"2";"индекс";"0"
"2020-04-01";63.88;"A";"Данные СберИндекса";"Непродовольственные товары";"Россия";"Месяц";"2";"индекс";"0"
"2020-05-01";71.85;"A";"Данные СберИндекса";"Непродовольственные товары";"Россия";"Месяц";"2";"индекс";"0"
"2020-06-01";90.72;"A";"Данные СберИндекса";"Непродовольственные товары";"Россия";"Месяц";"2";"индекс";"0"
"2020-07-01";99.34;"A";"Данные СберИндекса";"Непродовольственные товары";"Россия";"Месяц";"2";"индекс";"0"
"2020-08-01";100.62;"A";"Данные СберИндекса";"Непродовольственные товары";"Россия";"Месяц";"2";"индекс";"0"
"2020-09-01";101.13;"A";"Данные СберИндекса";"Непродовольственные товары";"Россия";"Месяц";"2";"индекс";"0"
"2020-10-01";102.71;"A";"Данные СберИндекса";"Непродовольственные товары";"Россия";"Месяц";"2";"индекс";"0"
"2020-11-01";102.31;"A";"Данные СберИндекса";"Непродовольственные товары";"Россия";"Месяц";"2";"индекс";"0"
"2020-12-01";101.98;"A";"Данные СберИндекса";"Непродовольственные товары";"Россия";"Месяц";"2";"индекс";"0"
"2021-01-01";105.23;"A";"Данные СберИндекса";"Непродовольственные товары";"Россия";"Месяц";"2";"индекс";"0"
"2021-02-01";104.92;"A";"Данные СберИндекса";"Непродовольственные товары";"Россия";"Месяц";"2";"индекс";"0"
"2021-03-01";105.71;"A";"Данные СберИндекса";"Непродовольственные товары";"Россия";"Месяц";"2";"индекс";"0"
"2021-04-01";108.41;"A";"Данные СберИндекса";"Непродовольственные товары";"Россия";"Месяц";"2";"индекс";"0"
"2021-05-01";108.19;"A";"Данные СберИндекса";"Непродовольственные товары";"Россия";"Месяц";"2";"индекс";"0"
"2021-06-01";107.44;"A";"Данные СберИндекса";"Непродовольственные товары";"Россия";"Месяц";"2";"индекс";"0"
"2021-07-01";107.52;"A";"Данные СберИндекса";"Непродовольственные товары";"Россия";"Месяц";"2";"индекс";"0"
"2021-08-01";108.37;"A";"Данные СберИндекса";"Непродовольственные товары";"Россия";"Месяц";"2";"индекс";"0"
"2021-09-01";110.16;"A";"Данные СберИндекса";"Непродовольственные товары";"Россия";"Месяц";"2";"индекс";"0"
"2021-10-01";109.42;"A";"Данные СберИндекса";"Непродовольственные товары";"Россия";"Месяц";"2";"индекс";"0"
"2021-11-01";108.2;"A";"Данные СберИндекса";"Непродовольственные товары";"Россия";"Месяц";"2";"индекс";"0"
"2021-12-01";112.19;"A";"Данные СберИндекса";"Непродовольственные товары";"Россия";"Месяц";"2";"индекс";"0"
"2022-01-01";113.04;"A";"Данные СберИндекса";"Непродовольственные товары";"Россия";"Месяц";"2";"индекс";"0"
"2022-02-01";115.9;"A";"Данные СберИндекса";"Непродовольственные товары";"Россия";"Месяц";"2";"индекс";"0"
"2022-03-01";106.71;"A";"Данные СберИндекса";"Непродовольственные товары";"Россия";"Месяц";"2";"индекс";"0"
"2022-04-01";90.81;"A";"Данные СберИндекса";"Непродовольственные товары";"Россия";"Месяц";"2";"индекс";"0"
"2022-05-01";90.62;"A";"Данные СберИндекса";"Непродовольственные товары";"Россия";"Месяц";"2";"индекс";"0"
"2022-06-01";90.98;"A";"Данные СберИндекса";"Непродовольственные товары";"Россия";"Месяц";"2";"индекс";"0"
"2022-07-01";91.1;"A";"Данные СберИндекса";"Непродовольственные товары";"Россия";"Месяц";"2";"индекс";"0"
"2022-08-01";92.09;"A";"Данные СберИндекса";"Непродовольственные товары";"Россия";"Месяц";"2";"индекс";"0"
"2022-09-01";92.15;"A";"Данные СберИндекса";"Непродовольственные товары";"Россия";"Месяц";"2";"индекс";"0"
"2022-10-01";92.85;"A";"Данные СберИндекса";"Непродовольственные товары";"Россия";"Месяц";"2";"индекс";"0"
"2022-11-01";96.06;"A";"Данные СберИндекса";"Непродовольственные товары";"Россия";"Месяц";"2";"индекс";"0"
"2022-12-01";95.18;"A";"Данные СберИндекса";"Непродовольственные товары";"Россия";"Месяц";"2";"индекс";"0"
"2023-01-01";102.37;"A";"Данные СберИндекса";"Непродовольственные товары";"Россия";"Месяц";"2";"индекс";"0"
"2023-02-01";102.33;"A";"Данные СберИндекса";"Непродовольственные товары";"Россия";"Месяц";"2";"индекс";"0"
"2023-03-01";101.82;"A";"Данные СберИндекса";"Непродовольственные товары";"Россия";"Месяц";"2";"индекс";"0"
"2023-04-01";104.54;"A";"Данные СберИндекса";"Непродовольственные товары";"Россия";"Месяц";"2";"индекс";"0"
"2023-05-01";106.42;"A";"Данные СберИндекса";"Непродовольственные товары";"Россия";"Месяц";"2";"индекс";"0"
"2023-06-01";108.34;"A";"Данные СберИндекса";"Непродовольственные товары";"Россия";"Месяц";"2";"индекс";"0"
"2023-07-01";110.18;"A";"Данные СберИндекса";"Непродовольственные товары";"Россия";"Месяц";"2";"индекс";"0"
"2023-08-01";111.59;"A";"Данные СберИндекса";"Непродовольственные товары";"Россия";"Месяц";"2";"индекс";"0"
"2023-09-01";112.11;"A";"Данные СберИндекса";"Непродовольственные товары";"Россия";"Месяц";"2";"индекс";"0"
"2023-10-01";113.51;"A";"Данные СберИндекса";"Непродовольственные товары";"Россия";"Месяц";"2";"индекс";"0"
"2023-11-01";112.21;"A";"Данные СберИндекса";"Непродовольственные товары";"Россия";"Месяц";"2";"индекс";"0"
"2023-12-01";111.11;"A";"Данные СберИндекса";"Непродовольственные товары";"Россия";"Месяц";"2";"индекс";"0"
"2024-01-01";114.86;"A";"Данные СберИндекса";"Непродовольственные товары";"Россия";"Месяц";"2";"индекс";"0"
"2024-02-01";116.99;"A";"Данные СберИндекса";"Непродовольственные товары";"Россия";"Месяц";"2";"индекс";"0"
"2024-03-01";118.15;"A";"Данные СберИндекса";"Непродовольственные товары";"Россия";"Месяц";"2";"индекс";"0"
"2024-04-01";118.05;"A";"Данные СберИндекса";"Непродовольственные товары";"Россия";"Месяц";"2";"индекс";"0"
"2024-05-01";118;"A";"Данные СберИндекса";"Непродовольственные товары";"Россия";"Месяц";"2";"индекс";"0"
"2024-06-01";118.3;"A";"Данные СберИндекса";"Непродовольственные товары";"Россия";"Месяц";"2";"индекс";"0"
"2024-07-01";118.96;"A";"Данные СберИндекса";"Непродовольственные товары";"Россия";"Месяц";"2";"индекс";"0"
"2024-08-01";118.86;"A";"Данные СберИндекса";"Непродовольственные товары";"Россия";"Месяц";"2";"индекс";"0"
"2024-09-01";121.99;"A";"Данные СберИндекса";"Непродовольственные товары";"Россия";"Месяц";"2";"индекс";"0"
"2024-10-01";119.44;"A";"Данные СберИндекса";"Непродовольственные товары";"Россия";"Месяц";"2";"индекс";"0"
"2024-11-01";121.26;"A";"Данные СберИндекса";"Непродовольственные товары";"Россия";"Месяц";"2";"индекс";"0"
"2024-12-01";120.41;"A";"Данные СберИндекса";"Непродовольственные товары";"Россия";"Месяц";"2";"индекс";"0"
"2025-01-01";122.14;"A";"Данные СберИндекса";"Непродовольственные товары";"Россия";"Месяц";"2";"индекс";"0"
"2025-02-01";122.63;"A";"Данные СберИндекса";"Непродовольственные товары";"Россия";"Месяц";"2";"индекс";"0"
"2025-03-01";121.71;"A";"Данные СберИндекса";"Непродовольственные товары";"Россия";"Месяц";"2";"индекс";"0"
"2025-04-01";122.44;"A";"Данные СберИндекса";"Непродовольственные товары";"Россия";"Месяц";"2";"индекс";"0"
"2025-05-01";122.95;"A";"Данные СберИндекса";"Непродовольственные товары";"Россия";"Месяц";"2";"индекс";"0"
"2025-06-01";124.34;"A";"Данные СберИндекса";"Непродовольственные товары";"Россия";"Месяц";"2";"индекс";"0"
"2025-07-01";126.52;"A";"Данные СберИндекса";"Непродовольственные товары";"Россия";"Месяц";"2";"индекс";"0"
"2025-08-01";128.46;"A";"Данные СберИндекса";"Непродовольственные товары";"Россия";"Месяц";"2";"индекс";"0"
"2025-09-01";129.27;"A";"Данные СберИндекса";"Непродовольственные товары";"Россия";"Месяц";"2";"индекс";"0"
"2025-10-01";133.21;"A";"Данные СберИндекса";"Непродовольственные товары";"Россия";"Месяц";"2";"индекс";"0"
"2025-11-01";130.88;"A";"Данные СберИндекса";"Непродовольственные товары";"Россия";"Месяц";"2";"индекс";"0"
"2025-12-01";132.86;"A";"Данные СберИндекса";"Непродовольственные товары";"Россия";"Месяц";"2";"индекс";"0"
"2026-01-01";125.52;"A";"Данные СберИндекса";"Непродовольственные товары";"Россия";"Месяц";"2";"индекс";"0"
"2026-02-01";127.77;"A";"Данные СберИндекса";"Непродовольственные товары";"Россия";"Месяц";"2";"индекс";"0"
"2026-03-01";133.09;"A";"Данные СберИндекса";"Непродовольственные товары";"Россия";"Месяц";"2";"индекс";"0"
"2026-04-01";134.7;"A";"Данные СберИндекса";"Непродовольственные товары";"Россия";"Месяц";"2";"индекс";"0"
"2026-05-01";137.29;"A";"Данные СберИндекса";"Непродовольственные товары";"Россия";"Месяц";"2";"индекс";"0"
"2026-06-01";137.6;"A";"Данные СберИндекса";"Непродовольственные товары";"Россия";"Месяц";"2";"индекс";"0"
"2026-07-01";136.9;"A";"Данные СберИндекса";"Непродовольственные товары";"Россия";"Месяц";"2";"индекс";"0"
"2026-08-01";135.55;"A";"Данные СберИндекса";"Непродовольственные товары";"Россия";"Месяц";"2";"индекс";"0"
"2026-09-01";136.29;"A";"Данные СберИндекса";"Непродовольственные товары";"Россия";"Месяц";"2";"индекс";"0"