"period";"value";"obs_status";"source";"ref_area";"freq";"decimals";"unit_measure";"unit_mult"
"2024-12-31";3.377;"A";"Данные СберИндекса";"городской округ Котлас";"Год";"3";"км";"0"
"2025-11-01";3.412;"A";"Данные СберИндекса";"городской округ Котлас";"Год";"3";"км";"0"
"2024-12-31";4.739;"A";"Данные СберИндекса";"Выборгский муниципальный район";"Год";"3";"км";"0"
"2025-11-01";5.624;"A";"Данные СберИндекса";"Выборгский муниципальный район";"Год";"3";"км";"0"
"2024-12-31";0.332;"A";"Данные СберИндекса";"Верхнетоемский муниципальный округ";"Год";"3";"км";"0"
"2025-11-01";0.336;"A";"Данные СберИндекса";"Верхнетоемский муниципальный округ";"Год";"3";"км";"0"
"2024-12-31";4.27;"A";"Данные СберИндекса";"внутригородская территория города федерального значения муниципальный округ Купчино";"Год";"3";"км";"0"
"2025-11-01";4.428;"A";"Данные СберИндекса";"внутригородская территория города федерального значения муниципальный округ Купчино";"Год";"3";"км";"0"
"2024-12-31";0.58;"A";"Данные СберИндекса";"городской округ город Коряжма";"Год";"3";"км";"0"
"2025-11-01";0.696;"A";"Данные СберИндекса";"городской округ город Коряжма";"Год";"3";"км";"0"
"2024-12-31";8.727;"A";"Данные СберИндекса";"внутригородская территория города федерального значения город Красное Село";"Год";"3";"км";"0"
"2025-11-01";7.926;"A";"Данные СберИндекса";"внутригородская территория города федерального значения город Красное Село";"Год";"3";"км";"0"
"2024-12-31";2.386;"A";"Данные СберИндекса";"Вологодский муниципальный округ";"Год";"3";"км";"0"
"2025-11-01";2.565;"A";"Данные СберИндекса";"Вологодский муниципальный округ";"Год";"3";"км";"0"
"2024-12-31";0.25;"A";"Данные СберИндекса";"Куньинский муниципальный район";"Год";"3";"км";"0"
"2025-11-01";0.265;"A";"Данные СберИндекса";"Куньинский муниципальный район";"Год";"3";"км";"0"
"2024-12-31";0.584;"A";"Данные СберИндекса";"Белозерский муниципальный округ";"Год";"3";"км";"0"
"2025-11-01";0.604;"A";"Данные СберИндекса";"Белозерский муниципальный округ";"Год";"3";"км";"0"
"2024-12-31";6.212;"A";"Данные СберИндекса";"Кировский муниципальный район";"Год";"3";"км";"0"
"2025-11-01";6.189;"A";"Данные СберИндекса";"Кировский муниципальный район";"Год";"3";"км";"0"
"2024-12-31";5.575;"A";"Данные СберИндекса";"внутригородская территория города федерального значения муниципальный округ Балканский";"Год";"3";"км";"0"
"2025-11-01";5.604;"A";"Данные СберИндекса";"внутригородская территория города федерального значения муниципальный округ Балканский";"Год";"3";"км";"0"
"2024-12-31";4.512;"A";"Данные СберИндекса";"внутригородская территория города федерального значения муниципальный округ № 65";"Год";"3";"км";"0"
"2025-11-01";5.136;"A";"Данные СберИндекса";"внутригородская территория города федерального значения муниципальный округ № 65";"Год";"3";"км";"0"
"2024-12-31";0.896;"A";"Данные СберИндекса";"Онежский муниципальный район";"Год";"3";"км";"0"
"2025-11-01";0.895;"A";"Данные СберИндекса";"Онежский муниципальный район";"Год";"3";"км";"0"
"2024-12-31";1.014;"A";"Данные СберИндекса";"Сланцевский муниципальный район";"Год";"3";"км";"0"
"2025-11-01";0.984;"A";"Данные СберИндекса";"Сланцевский муниципальный район";"Год";"3";"км";"0"
"2024-12-31";0.586;"A";"Данные СберИндекса";"городской округ Гусевский";"Год";"3";"км";"0"
"2025-11-01";0.573;"A";"Данные СберИндекса";"городской округ Гусевский";"Год";"3";"км";"0"
"2024-12-31";4.259;"A";"Данные СберИндекса";"внутригородская территория города федерального значения муниципальный округ Озеро Долгое";"Год";"3";"км";"0"
"2025-11-01";4.708;"A";"Данные СберИндекса";"внутригородская территория города федерального значения муниципальный округ Озеро Долгое";"Год";"3";"км";"0"
"2024-12-31";3.264;"A";"Данные СберИндекса";"внутригородская территория города федерального значения муниципальный округ Смольнинское";"Год";"3";"км";"0"
"2025-11-01";3.939;"A";"Данные СберИндекса";"внутригородская территория города федерального значения муниципальный округ Смольнинское";"Год";"3";"км";"0"
"2024-12-31";1.345;"A";"Данные СберИндекса";"Вельский муниципальный район";"Год";"3";"км";"0"
"2025-11-01";1.495;"A";"Данные СберИндекса";"Вельский муниципальный район";"Год";"3";"км";"0"
"2024-12-31";5.007;"A";"Данные СберИндекса";"внутригородская территория города федерального значения муниципальный округ Гагаринское";"Год";"3";"км";"0"
"2025-11-01";5.301;"A";"Данные СберИндекса";"внутригородская территория города федерального значения муниципальный округ Гагаринское";"Год";"3";"км";"0"
"2024-12-31";3.489;"A";"Данные СберИндекса";"внутригородская территория города федерального значения муниципальный округ Большая Охта";"Год";"3";"км";"0"
"2025-11-01";4.216;"A";"Данные СберИндекса";"внутригородская территория города федерального значения муниципальный округ Большая Охта";"Год";"3";"км";"0"
"2024-12-31";0.823;"A";"Данные СберИндекса";"Няндомский муниципальный округ";"Год";"3";"км";"0"
"2025-11-01";0.853;"A";"Данные СберИндекса";"Няндомский муниципальный округ";"Год";"3";"км";"0"
"2024-12-31";0.755;"A";"Данные СберИндекса";"муниципальный округ Багратионовский";"Год";"3";"км";"0"
"2025-11-01";0.828;"A";"Данные СберИндекса";"муниципальный округ Багратионовский";"Год";"3";"км";"0"
"2024-12-31";0.683;"A";"Данные СберИндекса";"муниципальный округ Крестецкий";"Год";"3";"км";"0"
"2025-11-01";0.689;"A";"Данные СберИндекса";"муниципальный округ Крестецкий";"Год";"3";"км";"0"
"2024-12-31";3.039;"A";"Данные СберИндекса";"внутригородская территория города федерального значения муниципальный округ округ Петровский";"Год";"3";"км";"0"
"2025-11-01";3.482;"A";"Данные СберИндекса";"внутригородская территория города федерального значения муниципальный округ округ Петровский";"Год";"3";"км";"0"
"2024-12-31";11.501;"A";"Данные СберИндекса";"внутригородская территория города федерального значения город Ломоносов";"Год";"3";"км";"0"
"2025-11-01";9.494;"A";"Данные СберИндекса";"внутригородская территория города федерального значения город Ломоносов";"Год";"3";"км";"0"
"2024-12-31";9.997;"A";"Данные СберИндекса";"внутригородская территория города федерального значения поселок Песочный";"Год";"3";"км";"0"
"2025-11-01";10.136;"A";"Данные СберИндекса";"внутригородская территория города федерального значения поселок Песочный";"Год";"3";"км";"0"
"2024-12-31";9.315;"A";"Данные СберИндекса";"Тосненский муниципальный район";"Год";"3";"км";"0"
"2025-11-01";9.602;"A";"Данные СберИндекса";"Тосненский муниципальный район";"Год";"3";"км";"0"
"2024-12-31";4.373;"A";"Данные СберИндекса";"внутригородская территория города федерального значения муниципальный округ Светлановское";"Год";"3";"км";"0"
"2025-11-01";4.888;"A";"Данные СберИндекса";"внутригородская территория города федерального значения муниципальный округ Светлановское";"Год";"3";"км";"0"
"2024-12-31";8.601;"A";"Данные СберИндекса";"внутригородская территория города федерального значения поселок Стрельна";"Год";"3";"км";"0"
"2025-11-01";7.377;"A";"Данные СберИндекса";"внутригородская территория города федерального значения поселок Стрельна";"Год";"3";"км";"0"
"2024-12-31";0.773;"A";"Данные СберИндекса";"Лодейнопольский муниципальный район";"Год";"3";"км";"0"
"2025-11-01";0.762;"A";"Данные СберИндекса";"Лодейнопольский муниципальный район";"Год";"3";"км";"0"
"2024-12-31";0.663;"A";"Данные СберИндекса";"Чудовский муниципальный район";"Год";"3";"км";"0"
"2025-11-01";0.67;"A";"Данные СберИндекса";"Чудовский муниципальный район";"Год";"3";"км";"0"
"2024-12-31";2.479;"A";"Данные СберИндекса";"Волосовский муниципальный район";"Год";"3";"км";"0"
"2025-11-01";2.941;"A";"Данные СберИндекса";"Волосовский муниципальный район";"Год";"3";"км";"0"
"2024-12-31";4.668;"A";"Данные СберИндекса";"Приозерский муниципальный район";"Год";"3";"км";"0"
"2025-11-01";5.421;"A";"Данные СберИндекса";"Приозерский муниципальный район";"Год";"3";"км";"0"
"2024-12-31";0.39;"A";"Данные СберИндекса";"Усвятский муниципальный район";"Год";"3";"км";"0"
"2025-11-01";0.323;"A";"Данные СберИндекса";"Усвятский муниципальный район";"Год";"3";"км";"0"
"2024-12-31";3.19;"A";"Данные СберИндекса";"внутригородская территория города федерального значения муниципальный округ Посадский";"Год";"3";"км";"0"
"2025-11-01";3.768;"A";"Данные СберИндекса";"внутригородская территория города федерального значения муниципальный округ Посадский";"Год";"3";"км";"0"
"2024-12-31";3.315;"A";"Данные СберИндекса";"внутригородская территория города федерального значения муниципальный округ Чкаловское";"Год";"3";"км";"0"
"2025-11-01";4.224;"A";"Данные СберИндекса";"внутригородская территория города федерального значения муниципальный округ Чкаловское";"Год";"3";"км";"0"
"2024-12-31";1.624;"A";"Данные СберИндекса";"Окуловский муниципальный район";"Год";"3";"км";"0"
"2025-11-01";1.637;"A";"Данные СберИндекса";"Окуловский муниципальный район";"Год";"3";"км";"0"
"2024-12-31";6.893;"A";"Данные СберИндекса";"внутригородская территория города федерального значения муниципальный округ Дворцовый округ";"Год";"3";"км";"0"
"2025-11-01";9.066;"A";"Данные СберИндекса";"внутригородская территория города федерального значения муниципальный округ Дворцовый округ";"Год";"3";"км";"0"
"2024-12-31";9.583;"A";"Данные СберИндекса";"внутригородская территория города федерального значения город Пушкин";"Год";"3";"км";"0"
"2025-11-01";8.741;"A";"Данные СберИндекса";"внутригородская территория города федерального значения город Пушкин";"Год";"3";"км";"0"
"2024-12-31";2.356;"A";"Данные СберИндекса";"Волховский муниципальный район";"Год";"3";"км";"0"
"2025-11-01";1.969;"A";"Данные СберИндекса";"Волховский муниципальный район";"Год";"3";"км";"0"
"2024-12-31";4.947;"A";"Данные СберИндекса";"внутригородская территория города федерального значения муниципальный округ Прометей";"Год";"3";"км";"0"
"2025-11-01";5.067;"A";"Данные СберИндекса";"внутригородская территория города федерального значения муниципальный округ Прометей";"Год";"3";"км";"0"
"2024-12-31";1.195;"A";"Данные СберИндекса";"Дедовичский муниципальный район";"Год";"3";"км";"0"
"2025-11-01";1.384;"A";"Данные СберИндекса";"Дедовичский муниципальный район";"Год";"3";"км";"0"
"2024-12-31";4.337;"A";"Данные СберИндекса";"внутригородская территория города федерального значения муниципальный округ Правобережный";"Год";"3";"км";"0"
"2025-11-01";4.776;"A";"Данные СберИндекса";"внутригородская территория города федерального значения муниципальный округ Правобережный";"Год";"3";"км";"0"
"2024-12-31";0.398;"A";"Данные СберИндекса";"городской округ Мамоновский";"Год";"3";"км";"0"
"2025-11-01";0.385;"A";"Данные СберИндекса";"городской округ Мамоновский";"Год";"3";"км";"0"
"2024-12-31";3.946;"A";"Данные СберИндекса";"внутригородская территория города федерального значения муниципальный округ Екатерингофский";"Год";"3";"км";"0"
"2025-11-01";4.15;"A";"Данные СберИндекса";"внутригородская территория города федерального значения муниципальный округ Екатерингофский";"Год";"3";"км";"0"
"2024-12-31";1.246;"A";"Данные СберИндекса";"Устьянский муниципальный округ";"Год";"3";"км";"0"
"2025-11-01";0.934;"A";"Данные СберИндекса";"Устьянский муниципальный округ";"Год";"3";"км";"0"
"2024-12-31";0.533;"A";"Данные СберИндекса";"Пудожский муниципальный район";"Год";"3";"км";"0"
"2025-11-01";0.515;"A";"Данные СберИндекса";"Пудожский муниципальный район";"Год";"3";"км";"0"
"2024-12-31";3.098;"A";"Данные СберИндекса";"внутригородская территория города федерального значения муниципальный округ Сенной округ";"Год";"3";"км";"0"
"2025-11-01";4.057;"A";"Данные СберИндекса";"внутригородская территория города федерального значения муниципальный округ Сенной округ";"Год";"3";"км";"0"
"2024-12-31";1.871;"A";"Данные СберИндекса";"городской округ Ухта";"Год";"3";"км";"0"
"2025-11-01";1.848;"A";"Данные СберИндекса";"городской округ Ухта";"Год";"3";"км";"0"
"2024-12-31";5.72;"A";"Данные СберИндекса";"внутригородская территория города федерального значения муниципальный округ Южно-Приморский";"Год";"3";"км";"0"
"2025-11-01";5.654;"A";"Данные СберИндекса";"внутригородская территория города федерального значения муниципальный округ Южно-Приморский";"Год";"3";"км";"0"
"2024-12-31";3.602;"A";"Данные СберИндекса";"городской округ город Мурманск";"Год";"3";"км";"0"
"2025-11-01";3.323;"A";"Данные СберИндекса";"городской округ город Мурманск";"Год";"3";"км";"0"
"2024-12-31";7.092;"A";"Данные СберИндекса";"Ломоносовский муниципальный район";"Год";"3";"км";"0"
"2025-11-01";7.328;"A";"Данные СберИндекса";"Ломоносовский муниципальный район";"Год";"3";"км";"0"
"2024-12-31";0.702;"A";"Данные СберИндекса";"городской округ Советский";"Год";"3";"км";"0"
"2025-11-01";0.645;"A";"Данные СберИндекса";"городской округ Советский";"Год";"3";"км";"0"
"2024-12-31";15.227;"A";"Данные СберИндекса";"внутригородская территория города федерального значения поселок Солнечное";"Год";"3";"км";"0"
"2025-11-01";15.001;"A";"Данные СберИндекса";"внутригородская территория города федерального значения поселок Солнечное";"Год";"3";"км";"0"
"2024-12-31";2.866;"A";"Данные СберИндекса";"городской округ Петрозаводский";"Год";"3";"км";"0"
"2025-11-01";2.995;"A";"Данные СберИндекса";"городской округ Петрозаводский";"Год";"3";"км";"0"
"2024-12-31";2.607;"A";"Данные СберИндекса";"Псковский муниципальный район";"Год";"3";"км";"0"
"2025-11-01";2.869;"A";"Данные СберИндекса";"Псковский муниципальный район";"Год";"3";"км";"0"
"2024-12-31";5.087;"A";"Данные СберИндекса";"внутригородская территория города федерального значения муниципальный округ Сосновское";"Год";"3";"км";"0"
"2025-11-01";5.451;"A";"Данные СберИндекса";"внутригородская территория города федерального значения муниципальный округ Сосновское";"Год";"3";"км";"0"
"2024-12-31";0.534;"A";"Данные СберИндекса";"городской округ Костомукшский";"Год";"3";"км";"0"
"2025-11-01";0.475;"A";"Данные СберИндекса";"городской округ Костомукшский";"Год";"3";"км";"0"
"2024-12-31";5.061;"A";"Данные СберИндекса";"Лужский муниципальный район";"Год";"3";"км";"0"
"2025-11-01";6.071;"A";"Данные СберИндекса";"Лужский муниципальный район";"Год";"3";"км";"0"
"2024-12-31";0.492;"A";"Данные СберИндекса";"муниципальный округ Марёвский";"Год";"3";"км";"0"
"2025-11-01";0.444;"A";"Данные СберИндекса";"муниципальный округ Марёвский";"Год";"3";"км";"0"
"2024-12-31";5.07;"A";"Данные СберИндекса";"внутригородская территория города федерального значения муниципальный округ Княжево";"Год";"3";"км";"0"
"2025-11-01";4.898;"A";"Данные СберИндекса";"внутригородская территория города федерального значения муниципальный округ Княжево";"Год";"3";"км";"0"
"2024-12-31";0.714;"A";"Данные СберИндекса";"муниципальный округ Опочецкий";"Год";"3";"км";"0"
"2025-11-01";0.705;"A";"Данные СберИндекса";"муниципальный округ Опочецкий";"Год";"3";"км";"0"
"2024-12-31";0.593;"A";"Данные СберИндекса";"Княжпогостский муниципальный район";"Год";"3";"км";"0"
"2025-11-01";0.516;"A";"Данные СберИндекса";"Княжпогостский муниципальный район";"Год";"3";"км";"0"
"2024-12-31";4.767;"A";"Данные СберИндекса";"внутригородская территория города федерального значения муниципальный округ Ржевка";"Год";"3";"км";"0"
"2025-11-01";4.976;"A";"Данные СберИндекса";"внутригородская территория города федерального значения муниципальный округ Ржевка";"Год";"3";"км";"0"
"2024-12-31";0.259;"A";"Данные СберИндекса";"муниципальный округ Волотовский";"Год";"3";"км";"0"
"2025-11-01";0.21;"A";"Данные СберИндекса";"муниципальный округ Волотовский";"Год";"3";"км";"0"
"2024-12-31";1.761;"A";"Данные СберИндекса";"городской округ Великий Новгород";"Год";"3";"км";"0"
"2025-11-01";1.83;"A";"Данные СберИндекса";"городской округ Великий Новгород";"Год";"3";"км";"0"
"2024-12-31";0.863;"A";"Данные СберИндекса";"муниципальный округ Черняховский";"Год";"3";"км";"0"
"2025-11-01";0.798;"A";"Данные СберИндекса";"муниципальный округ Черняховский";"Год";"3";"км";"0"
"2024-12-31";9.639;"A";"Данные СберИндекса";"внутригородская территория города федерального значения город Колпино";"Год";"3";"км";"0"
"2025-11-01";8.111;"A";"Данные СберИндекса";"внутригородская территория города федерального значения город Колпино";"Год";"3";"км";"0"
"2024-12-31";0.408;"A";"Данные СберИндекса";"Харовский муниципальный округ";"Год";"3";"км";"0"
"2025-11-01";0.441;"A";"Данные СберИндекса";"Харовский муниципальный округ";"Год";"3";"км";"0"
"2024-12-31";0.693;"A";"Данные СберИндекса";"муниципальный округ Невельский";"Год";"3";"км";"0"
"2025-11-01";0.822;"A";"Данные СберИндекса";"муниципальный округ Невельский";"Год";"3";"км";"0"
"2024-12-31";4.838;"A";"Данные СберИндекса";"внутригородская территория города федерального значения муниципальный округ Георгиевский";"Год";"3";"км";"0"
"2025-11-01";4.914;"A";"Данные СберИндекса";"внутригородская территория города федерального значения муниципальный округ Георгиевский";"Год";"3";"км";"0"
"2024-12-31";6.843;"A";"Данные СберИндекса";"внутригородская территория города федерального значения поселок Парголово";"Год";"3";"км";"0"
"2025-11-01";7.277;"A";"Данные СберИндекса";"внутригородская территория города федерального значения поселок Парголово";"Год";"3";"км";"0"
"2024-12-31";0.88;"A";"Данные СберИндекса";"Чагодощенский муниципальный округ";"Год";"3";"км";"0"
"2025-11-01";1.043;"A";"Данные СберИндекса";"Чагодощенский муниципальный округ";"Год";"3";"км";"0"
"2024-12-31";4.997;"A";"Данные СберИндекса";"внутригородская территория города федерального значения муниципальный округ Новоизмайловское";"Год";"3";"км";"0"
"2025-11-01";5.262;"A";"Данные СберИндекса";"внутригородская территория города федерального значения муниципальный округ Новоизмайловское";"Год";"3";"км";"0"
"2024-12-31";0.488;"A";"Данные СберИндекса";"Любытинский муниципальный район";"Год";"3";"км";"0"
"2025-11-01";0.476;"A";"Данные СберИндекса";"Любытинский муниципальный район";"Год";"3";"км";"0"
"2024-12-31";4.139;"A";"Данные СберИндекса";"внутригородская территория города федерального значения муниципальный округ Пискаревка";"Год";"3";"км";"0"
"2025-11-01";4.605;"A";"Данные СберИндекса";"внутригородская территория города федерального значения муниципальный округ Пискаревка";"Год";"3";"км";"0"
"2024-12-31";0.394;"A";"Данные СберИндекса";"муниципальный округ Пыталовский";"Год";"3";"км";"0"
"2025-11-01";0.389;"A";"Данные СберИндекса";"муниципальный округ Пыталовский";"Год";"3";"км";"0"
"2024-12-31";0.432;"A";"Данные СберИндекса";"Тарногский муниципальный округ";"Год";"3";"км";"0"
"2025-11-01";0.436;"A";"Данные СберИндекса";"Тарногский муниципальный округ";"Год";"3";"км";"0"
"2024-12-31";4.099;"A";"Данные СберИндекса";"внутригородская территория города федерального значения муниципальный округ Невский округ";"Год";"3";"км";"0"
"2025-11-01";4.591;"A";"Данные СберИндекса";"внутригородская территория города федерального значения муниципальный округ Невский округ";"Год";"3";"км";"0"
"2024-12-31";7.195;"A";"Данные СберИндекса";"городской округ Светлогорский";"Год";"3";"км";"0"
"2025-11-01";6.802;"A";"Данные СберИндекса";"городской округ Светлогорский";"Год";"3";"км";"0"
"2024-12-31";4.525;"A";"Данные СберИндекса";"внутригородская территория города федерального значения муниципальный округ Нарвский округ";"Год";"3";"км";"0"
"2025-11-01";4.27;"A";"Данные СберИндекса";"внутригородская территория города федерального значения муниципальный округ Нарвский округ";"Год";"3";"км";"0"
"2024-12-31";6.2;"A";"Данные СберИндекса";"внутригородская территория города федерального значения поселок Левашово";"Год";"3";"км";"0"
"2025-11-01";6.819;"A";"Данные СберИндекса";"внутригородская территория города федерального значения поселок Левашово";"Год";"3";"км";"0"
"2024-12-31";0.564;"A";"Данные СберИндекса";"Корткеросский муниципальный район";"Год";"3";"км";"0"
"2025-11-01";0.559;"A";"Данные СберИндекса";"Корткеросский муниципальный район";"Год";"3";"км";"0"
"2024-12-31";0.35;"A";"Данные СберИндекса";"Новосокольнический муниципальный район";"Год";"3";"км";"0"
"2025-11-01";0.373;"A";"Данные СберИндекса";"Новосокольнический муниципальный район";"Год";"3";"км";"0"
"2024-12-31";4.96;"A";"Данные СберИндекса";"внутригородская территория города федерального значения муниципальный округ Ивановский";"Год";"3";"км";"0"
"2025-11-01";5.36;"A";"Данные СберИндекса";"внутригородская территория города федерального значения муниципальный округ Ивановский";"Год";"3";"км";"0"
"2024-12-31";0.497;"A";"Данные СберИндекса";"Пушкиногорский муниципальный район";"Год";"3";"км";"0"
"2025-11-01";0.473;"A";"Данные СберИндекса";"Пушкиногорский муниципальный район";"Год";"3";"км";"0"
"2024-12-31";1.654;"A";"Данные СберИндекса";"городской округ Пионерский";"Год";"3";"км";"0"
"2025-11-01";0.948;"A";"Данные СберИндекса";"городской округ Пионерский";"Год";"3";"км";"0"
"2024-12-31";0.25;"A";"Данные СберИндекса";"Ловозерский муниципальный район";"Год";"3";"км";"0"
"2025-11-01";0.249;"A";"Данные СберИндекса";"Ловозерский муниципальный район";"Год";"3";"км";"0"
"2024-12-31";0.393;"A";"Данные СберИндекса";"Плюсский муниципальный район";"Год";"3";"км";"0"
"2025-11-01";0.407;"A";"Данные СберИндекса";"Плюсский муниципальный район";"Год";"3";"км";"0"
"2024-12-31";0.738;"A";"Данные СберИндекса";"Троицко-Печорский муниципальный район";"Год";"3";"км";"0"
"2025-11-01";0.783;"A";"Данные СберИндекса";"Троицко-Печорский муниципальный район";"Год";"3";"км";"0"
"2024-12-31";0.843;"A";"Данные СберИндекса";"Беломорский муниципальный округ";"Год";"3";"км";"0"
"2025-11-01";0.831;"A";"Данные СберИндекса";"Беломорский муниципальный округ";"Год";"3";"км";"0"
"2024-12-31";0.481;"A";"Данные СберИндекса";"городской округ Ладушкинский";"Год";"3";"км";"0"
"2025-11-01";1.311;"A";"Данные СберИндекса";"городской округ Ладушкинский";"Год";"3";"км";"0"
"2024-12-31";0.361;"A";"Данные СберИндекса";"Сямженский муниципальный округ";"Год";"3";"км";"0"
"2025-11-01";0.367;"A";"Данные СберИндекса";"Сямженский муниципальный округ";"Год";"3";"км";"0"
"2024-12-31";5.307;"A";"Данные СберИндекса";"внутригородская территория города федерального значения муниципальный округ Автово";"Год";"3";"км";"0"
"2025-11-01";5.776;"A";"Данные СберИндекса";"внутригородская территория города федерального значения муниципальный округ Автово";"Год";"3";"км";"0"
"2024-12-31";6.382;"A";"Данные СберИндекса";"внутригородская территория города федерального значения муниципальный округ Константиновское";"Год";"3";"км";"0"
"2025-11-01";5.96;"A";"Данные СберИндекса";"внутригородская территория города федерального значения муниципальный округ Константиновское";"Год";"3";"км";"0"
"2024-12-31";0.288;"A";"Данные СберИндекса";"Койгородский муниципальный район";"Год";"3";"км";"0"
"2025-11-01";0.302;"A";"Данные СберИндекса";"Койгородский муниципальный район";"Год";"3";"км";"0"
"2024-12-31";3.805;"A";"Данные СберИндекса";"муниципальный округ Гурьевский";"Год";"3";"км";"0"
"2025-11-01";3.856;"A";"Данные СберИндекса";"муниципальный округ Гурьевский";"Год";"3";"км";"0"
"2024-12-31";0.786;"A";"Данные СберИндекса";"муниципальный округ Хвойнинский";"Год";"3";"км";"0"
"2025-11-01";0.857;"A";"Данные СберИндекса";"муниципальный округ Хвойнинский";"Год";"3";"км";"0"
"2024-12-31";0.7;"A";"Данные СберИндекса";"Медвежьегорский муниципальный район";"Год";"3";"км";"0"
"2025-11-01";0.66;"A";"Данные СберИндекса";"Медвежьегорский муниципальный район";"Год";"3";"км";"0"
"2024-12-31";4.878;"A";"Данные СберИндекса";"внутригородская территория города федерального значения муниципальный округ Лиговка-Ямская";"Год";"3";"км";"0"
"2025-11-01";9.086;"A";"Данные СберИндекса";"внутригородская территория города федерального значения муниципальный округ Лиговка-Ямская";"Год";"3";"км";"0"
"2024-12-31";8.068;"A";"Данные СберИндекса";"внутригородская территория города федерального значения поселок Лисий Нос";"Год";"3";"км";"0"
"2025-11-01";8.45;"A";"Данные СберИндекса";"внутригородская территория города федерального значения поселок Лисий Нос";"Год";"3";"км";"0"
"2024-12-31";0.444;"A";"Данные СберИндекса";"муниципальный округ город Оленегорск";"Год";"3";"км";"0"
"2025-11-01";0.462;"A";"Данные СберИндекса";"муниципальный округ город Оленегорск";"Год";"3";"км";"0"
"2024-12-31";2.699;"A";"Данные СберИндекса";"внутригородская территория города федерального значения муниципальный округ Васильевский";"Год";"3";"км";"0"
"2025-11-01";3.333;"A";"Данные СберИндекса";"внутригородская территория города федерального значения муниципальный округ Васильевский";"Год";"3";"км";"0"
"2024-12-31";0.519;"A";"Данные СберИндекса";"Грязовецкий муниципальный округ";"Год";"3";"км";"0"
"2025-11-01";0.564;"A";"Данные СберИндекса";"Грязовецкий муниципальный округ";"Год";"3";"км";"0"
"2024-12-31";0.503;"A";"Данные СберИндекса";"муниципальный округ Демянский";"Год";"3";"км";"0"
"2025-11-01";0.542;"A";"Данные СберИндекса";"муниципальный округ Демянский";"Год";"3";"км";"0"
"2024-12-31";1.073;"A";"Данные СберИндекса";"Кандалакшский муниципальный район";"Год";"3";"км";"0"
"2025-11-01";1.014;"A";"Данные СберИндекса";"Кандалакшский муниципальный район";"Год";"3";"км";"0"
"2024-12-31";7.972;"A";"Данные СберИндекса";"внутригородская территория города федерального значения поселок Александровская";"Год";"3";"км";"0"
"2025-11-01";7.178;"A";"Данные СберИндекса";"внутригородская территория города федерального значения поселок Александровская";"Год";"3";"км";"0"
"2024-12-31";6.329;"A";"Данные СберИндекса";"внутригородская территория города федерального значения муниципальный округ Лахта-Ольгино";"Год";"3";"км";"0"
"2025-11-01";6.707;"A";"Данные СберИндекса";"внутригородская территория города федерального значения муниципальный округ Лахта-Ольгино";"Год";"3";"км";"0"
"2024-12-31";3.159;"A";"Данные СберИндекса";"внутригородская территория города федерального значения муниципальный округ Кронверкское";"Год";"3";"км";"0"
"2025-11-01";3.543;"A";"Данные СберИндекса";"внутригородская территория города федерального значения муниципальный округ Кронверкское";"Год";"3";"км";"0"
"2024-12-31";0.371;"A";"Данные СберИндекса";"Мезенский муниципальный округ";"Год";"3";"км";"0"
"2025-11-01";0.389;"A";"Данные СберИндекса";"Мезенский муниципальный округ";"Год";"3";"км";"0"
"2024-12-31";0.83;"A";"Данные СберИндекса";"Старорусский муниципальный район";"Год";"3";"км";"0"
"2025-11-01";0.938;"A";"Данные СберИндекса";"Старорусский муниципальный район";"Год";"3";"км";"0"
"2024-12-31";0.318;"A";"Данные СберИндекса";"Пустошкинский муниципальный район";"Год";"3";"км";"0"
"2025-11-01";0.356;"A";"Данные СберИндекса";"Пустошкинский муниципальный район";"Год";"3";"км";"0"
"2024-12-31";8.674;"A";"Данные СберИндекса";"внутригородская территория города федерального значения поселок Шушары";"Год";"3";"км";"0"
"2025-11-01";8.153;"A";"Данные СберИндекса";"внутригородская территория города федерального значения поселок Шушары";"Год";"3";"км";"0"
"2024-12-31";3.912;"A";"Данные СберИндекса";"внутригородская территория города федерального значения муниципальный округ Волковское";"Год";"3";"км";"0"
"2025-11-01";4.475;"A";"Данные СберИндекса";"внутригородская территория города федерального значения муниципальный округ Волковское";"Год";"3";"км";"0"
"2024-12-31";1.337;"A";"Данные СберИндекса";"Сортавальский муниципальный район";"Год";"3";"км";"0"
"2025-11-01";1.317;"A";"Данные СберИндекса";"Сортавальский муниципальный район";"Год";"3";"км";"0"
"2024-12-31";0.407;"A";"Данные СберИндекса";"Прилузский муниципальный район";"Год";"3";"км";"0"
"2025-11-01";0.487;"A";"Данные СберИндекса";"Прилузский муниципальный район";"Год";"3";"км";"0"
"2024-12-31";0.901;"A";"Данные СберИндекса";"городской округ Балтийский";"Год";"3";"км";"0"
"2025-11-01";0.866;"A";"Данные СберИндекса";"городской округ Балтийский";"Год";"3";"км";"0"
"2024-12-31";0.318;"A";"Данные СберИндекса";"Гдовский муниципальный район";"Год";"3";"км";"0"
"2025-11-01";0.345;"A";"Данные СберИндекса";"Гдовский муниципальный район";"Год";"3";"км";"0"
"2024-12-31";0.584;"A";"Данные СберИндекса";"муниципальный округ Правдинский";"Год";"3";"км";"0"
"2025-11-01";0.629;"A";"Данные СберИндекса";"муниципальный округ Правдинский";"Год";"3";"км";"0"
"2024-12-31";0.636;"A";"Данные СберИндекса";"Сысольский муниципальный район";"Год";"3";"км";"0"
"2025-11-01";0.687;"A";"Данные СберИндекса";"Сысольский муниципальный район";"Год";"3";"км";"0"
"2024-12-31";1.078;"A";"Данные СберИндекса";"Вытегорский муниципальный район";"Год";"3";"км";"0"
"2025-11-01";1.378;"A";"Данные СберИндекса";"Вытегорский муниципальный район";"Год";"3";"км";"0"
"2024-12-31";0.144;"A";"Данные СберИндекса";"Междуреченский муниципальный округ";"Год";"3";"км";"0"
"2025-11-01";0.233;"A";"Данные СберИндекса";"Междуреченский муниципальный округ";"Год";"3";"км";"0"
"2024-12-31";0.32;"A";"Данные СберИндекса";"Пинежский муниципальный округ";"Год";"3";"км";"0"
"2025-11-01";0.289;"A";"Данные СберИндекса";"Пинежский муниципальный округ";"Год";"3";"км";"0"
"2024-12-31";4.653;"A";"Данные СберИндекса";"внутригородская территория города федерального значения муниципальный округ Полюстрово";"Год";"3";"км";"0"
"2025-11-01";4.709;"A";"Данные СберИндекса";"внутригородская территория города федерального значения муниципальный округ Полюстрово";"Год";"3";"км";"0"
"2024-12-31";4.519;"A";"Данные СберИндекса";"городской округ город Вологда";"Год";"3";"км";"0"
"2025-11-01";5.191;"A";"Данные СберИндекса";"городской округ город Вологда";"Год";"3";"км";"0"
"2024-12-31";4;"A";"Данные СберИндекса";"внутригородская территория города федерального значения муниципальный округ Малая Охта";"Год";"3";"км";"0"
"2025-11-01";4.635;"A";"Данные СберИндекса";"внутригородская территория города федерального значения муниципальный округ Малая Охта";"Год";"3";"км";"0"
"2024-12-31";3.431;"A";"Данные СберИндекса";"Тихвинский муниципальный район";"Год";"3";"км";"0"
"2025-11-01";1.634;"A";"Данные СберИндекса";"Тихвинский муниципальный район";"Год";"3";"км";"0"
"2024-12-31";0.567;"A";"Данные СберИндекса";"Устюженский муниципальный округ";"Год";"3";"км";"0"
"2025-11-01";0.569;"A";"Данные СберИндекса";"Устюженский муниципальный округ";"Год";"3";"км";"0"
"2024-12-31";3.713;"A";"Данные СберИндекса";"муниципальный округ Славский";"Год";"3";"км";"0"
"2025-11-01";4.257;"A";"Данные СберИндекса";"муниципальный округ Славский";"Год";"3";"км";"0"
"2024-12-31";0.205;"A";"Данные СберИндекса";"Палкинский муниципальный район";"Год";"3";"км";"0"
"2025-11-01";0.488;"A";"Данные СберИндекса";"Палкинский муниципальный район";"Год";"3";"км";"0"
"2024-12-31";9.31;"A";"Данные СберИндекса";"муниципальный округ Зеленоградский";"Год";"3";"км";"0"
"2025-11-01";8.606;"A";"Данные СберИндекса";"муниципальный округ Зеленоградский";"Год";"3";"км";"0"
"2024-12-31";0.807;"A";"Данные СберИндекса";"Киришский муниципальный район";"Год";"3";"км";"0"
"2025-11-01";0.709;"A";"Данные СберИндекса";"Киришский муниципальный район";"Год";"3";"км";"0"
"2024-12-31";4.113;"A";"Данные СберИндекса";"муниципальный округ город Кировск";"Год";"3";"км";"0"
"2025-11-01";5.278;"A";"Данные СберИндекса";"муниципальный округ город Кировск";"Год";"3";"км";"0"
"2024-12-31";3.985;"A";"Данные СберИндекса";"Кингисеппский муниципальный район";"Год";"3";"км";"0"
"2025-11-01";3.906;"A";"Данные СберИндекса";"Кингисеппский муниципальный район";"Год";"3";"км";"0"
"2024-12-31";0.528;"A";"Данные СберИндекса";"Себежский муниципальный район";"Год";"3";"км";"0"
"2025-11-01";0.572;"A";"Данные СберИндекса";"Себежский муниципальный район";"Год";"3";"км";"0"
"2024-12-31";0.958;"A";"Данные СберИндекса";"городской округ город Нарьян-Мар";"Год";"3";"км";"0"
"2025-11-01";1.051;"A";"Данные СберИндекса";"городской округ город Нарьян-Мар";"Год";"3";"км";"0"
"2024-12-31";0.621;"A";"Данные СберИндекса";"Никольский муниципальный округ";"Год";"3";"км";"0"
"2025-11-01";0.632;"A";"Данные СберИндекса";"Никольский муниципальный округ";"Год";"3";"км";"0"
"2024-12-31";0.7;"A";"Данные СберИндекса";"Маловишерский муниципальный район";"Год";"3";"км";"0"
"2025-11-01";0.707;"A";"Данные СберИндекса";"Маловишерский муниципальный район";"Год";"3";"км";"0"
"2024-12-31";0.41;"A";"Данные СберИндекса";"Усть-Кубинский муниципальный округ";"Год";"3";"км";"0"
"2025-11-01";0.522;"A";"Данные СберИндекса";"Усть-Кубинский муниципальный округ";"Год";"3";"км";"0"
"2024-12-31";0.368;"A";"Данные СберИндекса";"муниципальный округ Новоржевский";"Год";"3";"км";"0"
"2025-11-01";0.369;"A";"Данные СберИндекса";"муниципальный округ Новоржевский";"Год";"3";"км";"0"
"2024-12-31";2.137;"A";"Данные СберИндекса";"городской округ город Псков";"Год";"3";"км";"0"
"2025-11-01";2.106;"A";"Данные СберИндекса";"городской округ город Псков";"Год";"3";"км";"0"
"2024-12-31";0.467;"A";"Данные СберИндекса";"Дновский муниципальный район";"Год";"3";"км";"0"
"2025-11-01";0.461;"A";"Данные СберИндекса";"Дновский муниципальный район";"Год";"3";"км";"0"
"2024-12-31";5.701;"A";"Данные СберИндекса";"внутригородская территория города федерального значения муниципальный округ Звездное";"Год";"3";"км";"0"
"2025-11-01";6.216;"A";"Данные СберИндекса";"внутригородская территория города федерального значения муниципальный округ Звездное";"Год";"3";"км";"0"
"2024-12-31";5.442;"A";"Данные СберИндекса";"внутригородская территория города федерального значения муниципальный округ Морские ворота";"Год";"3";"км";"0"
"2025-11-01";6.202;"A";"Данные СберИндекса";"внутригородская территория города федерального значения муниципальный округ Морские ворота";"Год";"3";"км";"0"
"2024-12-31";0.663;"A";"Данные СберИндекса";"Усть-Цилемский муниципальный район";"Год";"3";"км";"0"
"2025-11-01";0.693;"A";"Данные СберИндекса";"Усть-Цилемский муниципальный район";"Год";"3";"км";"0"
"2024-12-31";7.738;"A";"Данные СберИндекса";"внутригородская территория города федерального значения поселок Петро-Славянка";"Год";"3";"км";"0"
"2025-11-01";8.277;"A";"Данные СберИндекса";"внутригородская территория города федерального значения поселок Петро-Славянка";"Год";"3";"км";"0"
"2024-12-31";3.285;"A";"Данные СберИндекса";"внутригородская территория города федерального значения муниципальный округ Литейный округ";"Год";"3";"км";"0"
"2025-11-01";4.247;"A";"Данные СберИндекса";"внутригородская территория города федерального значения муниципальный округ Литейный округ";"Год";"3";"км";"0"
"2024-12-31";0.755;"A";"Данные СберИндекса";"Бабаевский муниципальный округ";"Год";"3";"км";"0"
"2025-11-01";0.753;"A";"Данные СберИндекса";"Бабаевский муниципальный округ";"Год";"3";"км";"0"
"2024-12-31";0.432;"A";"Данные СберИндекса";"Батецкий муниципальный район";"Год";"3";"км";"0"
"2025-11-01";1.695;"A";"Данные СберИндекса";"Батецкий муниципальный район";"Год";"3";"км";"0"
"2024-12-31";0.719;"A";"Данные СберИндекса";"Кадуйский муниципальный округ";"Год";"3";"км";"0"
"2025-11-01";0.697;"A";"Данные СберИндекса";"Кадуйский муниципальный округ";"Год";"3";"км";"0"
"2024-12-31";5.397;"A";"Данные СберИндекса";"внутригородская территория города федерального значения муниципальный округ Народный";"Год";"3";"км";"0"
"2025-11-01";5.573;"A";"Данные СберИндекса";"внутригородская территория города федерального значения муниципальный округ Народный";"Год";"3";"км";"0"
"2024-12-31";4.444;"A";"Данные СберИндекса";"внутригородская территория города федерального значения муниципальный округ № 72";"Год";"3";"км";"0"
"2025-11-01";4.747;"A";"Данные СберИндекса";"внутригородская территория города федерального значения муниципальный округ № 72";"Год";"3";"км";"0"
"2024-12-31";4.654;"A";"Данные СберИндекса";"внутригородская территория города федерального значения муниципальный округ Красненькая речка";"Год";"3";"км";"0"
"2025-11-01";4.378;"A";"Данные СберИндекса";"внутригородская территория города федерального значения муниципальный округ Красненькая речка";"Год";"3";"км";"0"
"2024-12-31";0.418;"A";"Данные СберИндекса";"Кемский муниципальный район";"Год";"3";"км";"0"
"2025-11-01";0.486;"A";"Данные СберИндекса";"Кемский муниципальный район";"Год";"3";"км";"0"
"2024-12-31";14.447;"A";"Данные СберИндекса";"внутригородская территория города федерального значения город Зеленогорск";"Год";"3";"км";"0"
"2025-11-01";14.398;"A";"Данные СберИндекса";"внутригородская территория города федерального значения город Зеленогорск";"Год";"3";"км";"0"
"2024-12-31";10.405;"A";"Данные СберИндекса";"внутригородская территория города федерального значения город Петергоф";"Год";"3";"км";"0"
"2025-11-01";8.845;"A";"Данные СберИндекса";"внутригородская территория города федерального значения город Петергоф";"Год";"3";"км";"0"
"2024-12-31";6.548;"A";"Данные СберИндекса";"Гатчинский муниципальный район";"Год";"3";"км";"0"
"2025-11-01";6.798;"A";"Данные СберИндекса";"Гатчинский муниципальный район";"Год";"3";"км";"0"
"2024-12-31";0.258;"A";"Данные СберИндекса";"Удорский муниципальный район";"Год";"3";"км";"0"
"2025-11-01";0.391;"A";"Данные СберИндекса";"Удорский муниципальный район";"Год";"3";"км";"0"
"2024-12-31";6.868;"A";"Данные СберИндекса";"внутригородская территория города федерального значения поселок Металлострой";"Год";"3";"км";"0"
"2025-11-01";6.305;"A";"Данные СберИндекса";"внутригородская территория города федерального значения поселок Металлострой";"Год";"3";"км";"0"
"2024-12-31";0.601;"A";"Данные СберИндекса";"Валдайский муниципальный район";"Год";"3";"км";"0"
"2025-11-01";0.681;"A";"Данные СберИндекса";"Валдайский муниципальный район";"Год";"3";"км";"0"
"2024-12-31";0.513;"A";"Данные СберИндекса";"Калевальский муниципальный район";"Год";"3";"км";"0"
"2025-11-01";0.479;"A";"Данные СберИндекса";"Калевальский муниципальный район";"Год";"3";"км";"0"
"2024-12-31";10.067;"A";"Данные СберИндекса";"внутригородская территория города федерального значения город Павловск";"Год";"3";"км";"0"
"2025-11-01";9.136;"A";"Данные СберИндекса";"внутригородская территория города федерального значения город Павловск";"Год";"3";"км";"0"
"2024-12-31";0.882;"A";"Данные СберИндекса";"Лахденпохский муниципальный район";"Год";"3";"км";"0"
"2025-11-01";1.031;"A";"Данные СберИндекса";"Лахденпохский муниципальный район";"Год";"3";"км";"0"
"2024-12-31";7.676;"A";"Данные СберИндекса";"внутригородская территория города федерального значения поселок Усть-Ижора";"Год";"3";"км";"0"
"2025-11-01";6.991;"A";"Данные СберИндекса";"внутригородская территория города федерального значения поселок Усть-Ижора";"Год";"3";"км";"0"
"2024-12-31";5.295;"A";"Данные СберИндекса";"внутригородская территория города федерального значения муниципальный округ Обуховский";"Год";"3";"км";"0"
"2025-11-01";5.56;"A";"Данные СберИндекса";"внутригородская территория города федерального значения муниципальный округ Обуховский";"Год";"3";"км";"0"
"2024-12-31";5.268;"A";"Данные СберИндекса";"внутригородская территория города федерального значения муниципальный округ Юго-Запад";"Год";"3";"км";"0"
"2025-11-01";5.123;"A";"Данные СберИндекса";"внутригородская территория города федерального значения муниципальный округ Юго-Запад";"Год";"3";"км";"0"
"2024-12-31";0.665;"A";"Данные СберИндекса";"муниципальный округ Озерский";"Год";"3";"км";"0"
"2025-11-01";1.222;"A";"Данные СберИндекса";"муниципальный округ Озерский";"Год";"3";"км";"0"
"2024-12-31";0.856;"A";"Данные СберИндекса";"Усть-Куломский муниципальный район";"Год";"3";"км";"0"
"2025-11-01";0.857;"A";"Данные СберИндекса";"Усть-Куломский муниципальный район";"Год";"3";"км";"0"
"2024-12-31";3.604;"A";"Данные СберИндекса";"внутригородская территория города федерального значения муниципальный округ Измайловское";"Год";"3";"км";"0"
"2025-11-01";4.142;"A";"Данные СберИндекса";"внутригородская территория города федерального значения муниципальный округ Измайловское";"Год";"3";"км";"0"
"2024-12-31";1.223;"A";"Данные СберИндекса";"городской округ город Великие Луки";"Год";"3";"км";"0"
"2025-11-01";1.21;"A";"Данные СберИндекса";"городской округ город Великие Луки";"Год";"3";"км";"0"
"2024-12-31";4.178;"A";"Данные СберИндекса";"внутригородская территория города федерального значения муниципальный округ Семеновский";"Год";"3";"км";"0"
"2025-11-01";5.886;"A";"Данные СберИндекса";"внутригородская территория города федерального значения муниципальный округ Семеновский";"Год";"3";"км";"0"
"2024-12-31";3.847;"A";"Данные СберИндекса";"городской округ город Калининград";"Год";"3";"км";"0"
"2025-11-01";3.665;"A";"Данные СберИндекса";"городской округ город Калининград";"Год";"3";"км";"0"
"2024-12-31";0.394;"A";"Данные СберИндекса";"Пряжинский муниципальный район";"Год";"3";"км";"0"
"2025-11-01";0.331;"A";"Данные СберИндекса";"Пряжинский муниципальный район";"Год";"3";"км";"0"
"2024-12-31";2.525;"A";"Данные СберИндекса";"Кольский муниципальный район";"Год";"3";"км";"0"
"2025-11-01";2.797;"A";"Данные СберИндекса";"Кольский муниципальный район";"Год";"3";"км";"0"
"2024-12-31";0.375;"A";"Данные СберИндекса";"Лоухский муниципальный район";"Год";"3";"км";"0"
"2025-11-01";1.152;"A";"Данные СберИндекса";"Лоухский муниципальный район";"Год";"3";"км";"0"
"2024-12-31";0.453;"A";"Данные СберИндекса";"Питкярантский муниципальный округ";"Год";"3";"км";"0"
"2025-11-01";0.454;"A";"Данные СберИндекса";"Питкярантский муниципальный округ";"Год";"3";"км";"0"
"2024-12-31";2.392;"A";"Данные СберИндекса";"Новгородский муниципальный район";"Год";"3";"км";"0"
"2025-11-01";2.675;"A";"Данные СберИндекса";"Новгородский муниципальный район";"Год";"3";"км";"0"
"2024-12-31";4.868;"A";"Данные СберИндекса";"внутригородская территория города федерального значения муниципальный округ Юнтолово";"Год";"3";"км";"0"
"2025-11-01";5.234;"A";"Данные СберИндекса";"внутригородская территория города федерального значения муниципальный округ Юнтолово";"Год";"3";"км";"0"
"2024-12-31";0.349;"A";"Данные СберИндекса";"муниципальный округ Вилегодский";"Год";"3";"км";"0"
"2025-11-01";0.546;"A";"Данные СберИндекса";"муниципальный округ Вилегодский";"Год";"3";"км";"0"
"2024-12-31";0.795;"A";"Данные СберИндекса";"муниципальный округ город Мончегорск";"Год";"3";"км";"0"
"2025-11-01";0.77;"A";"Данные СберИндекса";"муниципальный округ город Мончегорск";"Год";"3";"км";"0"
"2024-12-31";5.221;"A";"Данные СберИндекса";"внутригородская территория города федерального значения муниципальный округ № 21";"Год";"3";"км";"0"
"2025-11-01";5.27;"A";"Данные СберИндекса";"внутригородская территория города федерального значения муниципальный округ № 21";"Год";"3";"км";"0"
"2024-12-31";5.613;"A";"Данные СберИндекса";"внутригородская территория города федерального значения муниципальный округ Шувалово-Озерки";"Год";"3";"км";"0"
"2025-11-01";6.014;"A";"Данные СберИндекса";"внутригородская территория города федерального значения муниципальный округ Шувалово-Озерки";"Год";"3";"км";"0"
"2024-12-31";0.53;"A";"Данные СберИндекса";"муниципальный округ Солецкий";"Год";"3";"км";"0"
"2025-11-01";0.458;"A";"Данные СберИндекса";"муниципальный округ Солецкий";"Год";"3";"км";"0"
"2024-12-31";9.887;"A";"Данные СберИндекса";"внутригородская территория города федерального значения поселок Белоостров";"Год";"3";"км";"0"
"2025-11-01";10.917;"A";"Данные СберИндекса";"внутригородская территория города федерального значения поселок Белоостров";"Год";"3";"км";"0"
"2024-12-31";0.841;"A";"Данные СберИндекса";"Подпорожский муниципальный район";"Год";"3";"км";"0"
"2025-11-01";0.805;"A";"Данные СберИндекса";"Подпорожский муниципальный район";"Год";"3";"км";"0"
"2024-12-31";3.059;"A";"Данные СберИндекса";"внутригородская территория города федерального значения муниципальный округ Адмиралтейский округ";"Год";"3";"км";"0"
"2025-11-01";3.632;"A";"Данные СберИндекса";"внутригородская территория города федерального значения муниципальный округ Адмиралтейский округ";"Год";"3";"км";"0"
"2024-12-31";3.226;"A";"Данные СберИндекса";"внутригородская территория города федерального значения муниципальный округ Остров Декабристов";"Год";"3";"км";"0"
"2025-11-01";3.838;"A";"Данные СберИндекса";"внутригородская территория города федерального значения муниципальный округ Остров Декабристов";"Год";"3";"км";"0"
"2024-12-31";7.148;"A";"Данные СберИндекса";"внутригородская территория города федерального значения муниципальный округ Рыбацкое";"Год";"3";"км";"0"
"2025-11-01";7.176;"A";"Данные СберИндекса";"внутригородская территория города федерального значения муниципальный округ Рыбацкое";"Год";"3";"км";"0"
"2024-12-31";0.651;"A";"Данные СберИндекса";"городской округ город Новодвинск";"Год";"3";"км";"0"
"2025-11-01";0.637;"A";"Данные СберИндекса";"городской округ город Новодвинск";"Год";"3";"км";"0"
"2024-12-31";3.296;"A";"Данные СберИндекса";"внутригородская территория города федерального значения муниципальный округ Ланское";"Год";"3";"км";"0"
"2025-11-01";3.889;"A";"Данные СберИндекса";"внутригородская территория города федерального значения муниципальный округ Ланское";"Год";"3";"км";"0"
"2024-12-31";0.735;"A";"Данные СберИндекса";"Плесецкий муниципальный округ";"Год";"3";"км";"0"
"2025-11-01";0.636;"A";"Данные СберИндекса";"Плесецкий муниципальный округ";"Год";"3";"км";"0"
"2024-12-31";0.957;"A";"Данные СберИндекса";"Боровичский муниципальный район";"Год";"3";"км";"0"
"2025-11-01";0.979;"A";"Данные СберИндекса";"Боровичский муниципальный район";"Год";"3";"км";"0"
"2024-12-31";3.957;"A";"Данные СберИндекса";"городской округ город Архангельск";"Год";"3";"км";"0"
"2025-11-01";3.69;"A";"Данные СберИндекса";"городской округ город Архангельск";"Год";"3";"км";"0"
"2024-12-31";0.539;"A";"Данные СберИндекса";"городской округ Инта";"Год";"3";"км";"0"
"2025-11-01";0.526;"A";"Данные СберИндекса";"городской округ Инта";"Год";"3";"км";"0"
"2024-12-31";6.418;"A";"Данные СберИндекса";"Прионежский муниципальный район";"Год";"3";"км";"0"
"2025-11-01";6.738;"A";"Данные СберИндекса";"Прионежский муниципальный район";"Год";"3";"км";"0"
"2024-12-31";6.531;"A";"Данные СберИндекса";"внутригородская территория города федерального значения муниципальный округ Урицк";"Год";"3";"км";"0"
"2025-11-01";6.045;"A";"Данные СберИндекса";"внутригородская территория города федерального значения муниципальный округ Урицк";"Год";"3";"км";"0"
"2024-12-31";0.627;"A";"Данные СберИндекса";"Олонецкий муниципальный район";"Год";"3";"км";"0"
"2025-11-01";0.89;"A";"Данные СберИндекса";"Олонецкий муниципальный район";"Год";"3";"км";"0"
"2024-12-31";0.391;"A";"Данные СберИндекса";"Бабушкинский муниципальный округ";"Год";"3";"км";"0"
"2025-11-01";0.414;"A";"Данные СберИндекса";"Бабушкинский муниципальный округ";"Год";"3";"км";"0"
"2024-12-31";0.522;"A";"Данные СберИндекса";"Верховажский муниципальный округ";"Год";"3";"км";"0"
"2025-11-01";0.511;"A";"Данные СберИндекса";"Верховажский муниципальный округ";"Год";"3";"км";"0"
"2024-12-31";0.655;"A";"Данные СберИндекса";"Парфинский муниципальный район";"Год";"3";"км";"0"
"2025-11-01";0.708;"A";"Данные СберИндекса";"Парфинский муниципальный район";"Год";"3";"км";"0"
"2024-12-31";5.095;"A";"Данные СберИндекса";"внутригородская территория города федерального значения муниципальный округ № 15";"Год";"3";"км";"0"
"2025-11-01";5.499;"A";"Данные СберИндекса";"внутригородская территория города федерального значения муниципальный округ № 15";"Год";"3";"км";"0"
"2024-12-31";8.949;"A";"Данные СберИндекса";"внутригородская территория города федерального значения поселок Понтонный";"Год";"3";"км";"0"
"2025-11-01";7.161;"A";"Данные СберИндекса";"внутригородская территория города федерального значения поселок Понтонный";"Год";"3";"км";"0"
"2024-12-31";0.319;"A";"Данные СберИндекса";"Лешуконский муниципальный округ";"Год";"3";"км";"0"
"2025-11-01";0.311;"A";"Данные СберИндекса";"Лешуконский муниципальный округ";"Год";"3";"км";"0"
"2024-12-31";10.458;"A";"Данные СберИндекса";"внутригородская территория города федерального значения город Кронштадт";"Год";"3";"км";"0"
"2025-11-01";10.152;"A";"Данные СберИндекса";"внутригородская территория города федерального значения город Кронштадт";"Год";"3";"км";"0"
"2024-12-31";2.603;"A";"Данные СберИндекса";"муниципальный округ Нестеровский";"Год";"3";"км";"0"
"2025-11-01";3.386;"A";"Данные СберИндекса";"муниципальный округ Нестеровский";"Год";"3";"км";"0"
"2024-12-31";0.307;"A";"Данные СберИндекса";"Холмогорский муниципальный округ";"Год";"3";"км";"0"
"2025-11-01";0.318;"A";"Данные СберИндекса";"Холмогорский муниципальный округ";"Год";"3";"км";"0"
"2024-12-31";0.561;"A";"Данные СберИндекса";"Красноборский муниципальный округ";"Год";"3";"км";"0"
"2025-11-01";0.793;"A";"Данные СберИндекса";"Красноборский муниципальный округ";"Год";"3";"км";"0"
"2024-12-31";4.499;"A";"Данные СберИндекса";"внутригородская территория города федерального значения муниципальный округ № 54";"Год";"3";"км";"0"
"2025-11-01";4.736;"A";"Данные СберИндекса";"внутригородская территория города федерального значения муниципальный округ № 54";"Год";"3";"км";"0"
"2024-12-31";1.651;"A";"Данные СберИндекса";"муниципальный округ город Полярные Зори";"Год";"3";"км";"0"
"2025-11-01";2.519;"A";"Данные СберИндекса";"муниципальный округ город Полярные Зори";"Год";"3";"км";"0"
"2024-12-31";2.814;"A";"Данные СберИндекса";"внутригородская территория города федерального значения муниципальный округ № 7";"Год";"3";"км";"0"
"2025-11-01";3.44;"A";"Данные СберИндекса";"внутригородская территория города федерального значения муниципальный округ № 7";"Год";"3";"км";"0"
"2024-12-31";0.978;"A";"Данные СберИндекса";"муниципальный округ Струго-Красненский";"Год";"3";"км";"0"
"2025-11-01";1.13;"A";"Данные СберИндекса";"муниципальный округ Струго-Красненский";"Год";"3";"км";"0"
"2024-12-31";0.299;"A";"Данные СберИндекса";"муниципальный округ Вуктыл";"Год";"3";"км";"0"
"2025-11-01";0.28;"A";"Данные СберИндекса";"муниципальный округ Вуктыл";"Год";"3";"км";"0"
"2024-12-31";3.833;"A";"Данные СберИндекса";"внутригородская территория города федерального значения муниципальный округ Комендантский аэродром";"Год";"3";"км";"0"
"2025-11-01";4.335;"A";"Данные СберИндекса";"внутригородская территория города федерального значения муниципальный округ Комендантский аэродром";"Год";"3";"км";"0"
"2024-12-31";6.261;"A";"Данные СберИндекса";"внутригородская территория города федерального значения муниципальный округ Ульянка";"Год";"3";"км";"0"
"2025-11-01";5.76;"A";"Данные СберИндекса";"внутригородская территория города федерального значения муниципальный округ Ульянка";"Год";"3";"км";"0"
"2024-12-31";0.231;"A";"Данные СберИндекса";"Поддорский муниципальный район";"Год";"3";"км";"0"
"2025-11-01";0.228;"A";"Данные СберИндекса";"Поддорский муниципальный район";"Год";"3";"км";"0"
"2024-12-31";0.434;"A";"Данные СберИндекса";"Печенгский муниципальный округ";"Год";"3";"км";"0"
"2025-11-01";0.431;"A";"Данные СберИндекса";"Печенгский муниципальный округ";"Год";"3";"км";"0"
"2024-12-31";0.45;"A";"Данные СберИндекса";"Нюксенский муниципальный округ";"Год";"3";"км";"0"
"2025-11-01";0.471;"A";"Данные СберИндекса";"Нюксенский муниципальный округ";"Год";"3";"км";"0"
"2024-12-31";3.275;"A";"Данные СберИндекса";"внутригородская территория города федерального значения муниципальный округ Владимирский округ";"Год";"3";"км";"0"
"2025-11-01";4.569;"A";"Данные СберИндекса";"внутригородская территория города федерального значения муниципальный округ Владимирский округ";"Год";"3";"км";"0"
"2024-12-31";0.936;"A";"Данные СберИндекса";"Кичменгско-Городецкий муниципальный округ";"Год";"3";"км";"0"
"2025-11-01";0.915;"A";"Данные СберИндекса";"Кичменгско-Городецкий муниципальный округ";"Год";"3";"км";"0"
"2024-12-31";0.876;"A";"Данные СберИндекса";"городской округ Воркута";"Год";"3";"км";"0"
"2025-11-01";1.598;"A";"Данные СберИндекса";"городской округ Воркута";"Год";"3";"км";"0"
"2024-12-31";3.098;"A";"Данные СберИндекса";"внутригородская территория города федерального значения муниципальный округ Гавань";"Год";"3";"км";"0"
"2025-11-01";3.74;"A";"Данные СберИндекса";"внутригородская территория города федерального значения муниципальный округ Гавань";"Год";"3";"км";"0"
"2024-12-31";0.426;"A";"Данные СберИндекса";"Вожегодский муниципальный округ";"Год";"3";"км";"0"
"2025-11-01";0.399;"A";"Данные СберИндекса";"Вожегодский муниципальный округ";"Год";"3";"км";"0"
"2024-12-31";1.249;"A";"Данные СберИндекса";"муниципальный район Печора";"Год";"3";"км";"0"
"2025-11-01";1.238;"A";"Данные СберИндекса";"муниципальный район Печора";"Год";"3";"км";"0"
"2024-12-31";0.357;"A";"Данные СберИндекса";"Шенкурский муниципальный округ";"Год";"3";"км";"0"
"2025-11-01";0.389;"A";"Данные СберИндекса";"Шенкурский муниципальный округ";"Год";"3";"км";"0"
"2024-12-31";5.087;"A";"Данные СберИндекса";"внутригородская территория города федерального значения муниципальный округ Дачное";"Год";"3";"км";"0"
"2025-11-01";4.93;"A";"Данные СберИндекса";"внутригородская территория города федерального значения муниципальный округ Дачное";"Год";"3";"км";"0"
"2024-12-31";3.507;"A";"Данные СберИндекса";"внутригородская территория города федерального значения муниципальный округ Аптекарский остров";"Год";"3";"км";"0"
"2025-11-01";4.168;"A";"Данные СберИндекса";"внутригородская территория города федерального значения муниципальный округ Аптекарский остров";"Год";"3";"км";"0"
"2024-12-31";0.89;"A";"Данные СберИндекса";"Островский муниципальный район";"Год";"3";"км";"0"
"2025-11-01";0.902;"A";"Данные СберИндекса";"Островский муниципальный район";"Год";"3";"км";"0"
"2024-12-31";13.511;"A";"Данные СберИндекса";"внутригородская территория города федерального значения поселок Репино";"Год";"3";"км";"0"
"2025-11-01";14.252;"A";"Данные СберИндекса";"внутригородская территория города федерального значения поселок Репино";"Год";"3";"км";"0"
"2024-12-31";2.804;"A";"Данные СберИндекса";"внутригородская территория города федерального значения муниципальный округ Коломна";"Год";"3";"км";"0"
"2025-11-01";3.436;"A";"Данные СберИндекса";"внутригородская территория города федерального значения муниципальный округ Коломна";"Год";"3";"км";"0"
"2024-12-31";0.673;"A";"Данные СберИндекса";"Коношский муниципальный район";"Год";"3";"км";"0"
"2025-11-01";0.711;"A";"Данные СберИндекса";"Коношский муниципальный район";"Год";"3";"км";"0"
"2024-12-31";0.303;"A";"Данные СберИндекса";"муниципальный округ Локнянский";"Год";"3";"км";"0"
"2025-11-01";0.299;"A";"Данные СберИндекса";"муниципальный округ Локнянский";"Год";"3";"км";"0"
"2024-12-31";2.204;"A";"Данные СберИндекса";"городской округ город Череповец";"Год";"3";"км";"0"
"2025-11-01";2.308;"A";"Данные СберИндекса";"городской округ город Череповец";"Год";"3";"км";"0"
"2024-12-31";0.347;"A";"Данные СберИндекса";"Котласский муниципальный округ";"Год";"3";"км";"0"
"2025-11-01";1.162;"A";"Данные СберИндекса";"Котласский муниципальный округ";"Год";"3";"км";"0"
"2024-12-31";4.163;"A";"Данные СберИндекса";"внутригородская территория города федерального значения муниципальный округ № 78";"Год";"3";"км";"0"
"2025-11-01";5.21;"A";"Данные СберИндекса";"внутригородская территория города федерального значения муниципальный округ № 78";"Год";"3";"км";"0"
"2024-12-31";7.545;"A";"Данные СберИндекса";"городской округ Северодвинск";"Год";"3";"км";"0"
"2025-11-01";1.616;"A";"Данные СберИндекса";"городской округ Северодвинск";"Год";"3";"км";"0"
"2024-12-31";4.286;"A";"Данные СберИндекса";"внутригородская территория города федерального значения муниципальный округ Московская застава";"Год";"3";"км";"0"
"2025-11-01";4.866;"A";"Данные СберИндекса";"внутригородская территория города федерального значения муниципальный округ Московская застава";"Год";"3";"км";"0"
"2024-12-31";0.482;"A";"Данные СберИндекса";"Бокситогорский муниципальный район";"Год";"3";"км";"0"
"2025-11-01";0.474;"A";"Данные СберИндекса";"Бокситогорский муниципальный район";"Год";"3";"км";"0"
"2024-12-31";2.229;"A";"Данные СберИндекса";"муниципальный район Заполярный район";"Год";"3";"км";"0"
"2025-11-01";2.126;"A";"Данные СберИндекса";"муниципальный район Заполярный район";"Год";"3";"км";"0"
"2024-12-31";6.465;"A";"Данные СберИндекса";"внутригородская территория города федерального значения муниципальный округ Пулковский меридиан";"Год";"3";"км";"0"
"2025-11-01";7.164;"A";"Данные СберИндекса";"внутригородская территория города федерального значения муниципальный округ Пулковский меридиан";"Год";"3";"км";"0"
"2024-12-31";8.101;"A";"Данные СберИндекса";"внутригородская территория города федерального значения муниципальный округ Горелово";"Год";"3";"км";"0"
"2025-11-01";7.072;"A";"Данные СберИндекса";"внутригородская территория города федерального значения муниципальный округ Горелово";"Год";"3";"км";"0"
"2024-12-31";2.613;"A";"Данные СберИндекса";"Сыктывдинский муниципальный район";"Год";"3";"км";"0"
"2025-11-01";2.439;"A";"Данные СберИндекса";"Сыктывдинский муниципальный район";"Год";"3";"км";"0"
"2024-12-31";0.402;"A";"Данные СберИндекса";"Сегежский муниципальный округ";"Год";"3";"км";"0"
"2025-11-01";0.398;"A";"Данные СберИндекса";"Сегежский муниципальный округ";"Год";"3";"км";"0"
"2024-12-31";0.385;"A";"Данные СберИндекса";"Вашкинский муниципальный округ";"Год";"3";"км";"0"
"2025-11-01";0.352;"A";"Данные СберИндекса";"Вашкинский муниципальный округ";"Год";"3";"км";"0"
"2024-12-31";3.683;"A";"Данные СберИндекса";"внутригородская территория города федерального значения муниципальный округ Финляндский округ";"Год";"3";"км";"0"
"2025-11-01";4.183;"A";"Данные СберИндекса";"внутригородская территория города федерального значения муниципальный округ Финляндский округ";"Год";"3";"км";"0"
"2024-12-31";12.609;"A";"Данные СберИндекса";"внутригородская территория города федерального значения поселок Комарово";"Год";"3";"км";"0"
"2025-11-01";12.902;"A";"Данные СберИндекса";"внутригородская территория города федерального значения поселок Комарово";"Год";"3";"км";"0"
"2024-12-31";0.795;"A";"Данные СберИндекса";"муниципальный округ Пестовский";"Год";"3";"км";"0"
"2025-11-01";0.826;"A";"Данные СберИндекса";"муниципальный округ Пестовский";"Год";"3";"км";"0"
"2024-12-31";0.598;"A";"Данные СберИндекса";"Тотемский муниципальный округ";"Год";"3";"км";"0"
"2025-11-01";0.602;"A";"Данные СберИндекса";"Тотемский муниципальный округ";"Год";"3";"км";"0"
"2024-12-31";0.434;"A";"Данные СберИндекса";"Шимский муниципальный район";"Год";"3";"км";"0"
"2025-11-01";0.418;"A";"Данные СберИндекса";"Шимский муниципальный район";"Год";"3";"км";"0"
"2024-12-31";5.742;"A";"Данные СберИндекса";"муниципальный округ Краснознаменский";"Год";"3";"км";"0"
"2025-11-01";3.228;"A";"Данные СберИндекса";"муниципальный округ Краснознаменский";"Год";"3";"км";"0"
"2024-12-31";0.558;"A";"Данные СберИндекса";"Виноградовский муниципальный округ";"Год";"3";"км";"0"
"2025-11-01";0.557;"A";"Данные СберИндекса";"Виноградовский муниципальный округ";"Год";"3";"км";"0"
"2024-12-31";0.549;"A";"Данные СберИндекса";"Кондопожский муниципальный район";"Год";"3";"км";"0"
"2025-11-01";0.581;"A";"Данные СберИндекса";"Кондопожский муниципальный район";"Год";"3";"км";"0"
"2024-12-31";2.311;"A";"Данные СберИндекса";"муниципальный район Сосногорск";"Год";"3";"км";"0"
"2025-11-01";1.065;"A";"Данные СберИндекса";"муниципальный район Сосногорск";"Год";"3";"км";"0"
"2024-12-31";0.481;"A";"Данные СберИндекса";"муниципальный округ Полесский";"Год";"3";"км";"0"
"2025-11-01";0.512;"A";"Данные СберИндекса";"муниципальный округ Полесский";"Год";"3";"км";"0"
"2024-12-31";3.167;"A";"Данные СберИндекса";"Приморский муниципальный округ";"Год";"3";"км";"0"
"2025-11-01";3.299;"A";"Данные СберИндекса";"Приморский муниципальный округ";"Год";"3";"км";"0"
"2024-12-31";4.544;"A";"Данные СберИндекса";"внутригородская территория города федерального значения муниципальный округ Оккервиль";"Год";"3";"км";"0"
"2025-11-01";4.707;"A";"Данные СберИндекса";"внутригородская территория города федерального значения муниципальный округ Оккервиль";"Год";"3";"км";"0"
"2024-12-31";3.409;"A";"Данные СберИндекса";"внутригородская территория города федерального значения муниципальный округ Морской";"Год";"3";"км";"0"
"2025-11-01";4.436;"A";"Данные СберИндекса";"внутригородская территория города федерального значения муниципальный округ Морской";"Год";"3";"км";"0"
"2024-12-31";10.536;"A";"Данные СберИндекса";"внутригородская территория города федерального значения поселок Тярлево";"Год";"3";"км";"0"
"2025-11-01";10.327;"A";"Данные СберИндекса";"внутригородская территория города федерального значения поселок Тярлево";"Год";"3";"км";"0"
"2024-12-31";4.616;"A";"Данные СберИндекса";"внутригородская территория города федерального значения муниципальный округ Академическое";"Год";"3";"км";"0"
"2025-11-01";4.83;"A";"Данные СберИндекса";"внутригородская территория города федерального значения муниципальный округ Академическое";"Год";"3";"км";"0"
"2024-12-31";0.424;"A";"Данные СберИндекса";"Усть-Вымский муниципальный район";"Год";"3";"км";"0"
"2025-11-01";0.382;"A";"Данные СберИндекса";"Усть-Вымский муниципальный район";"Год";"3";"км";"0"
"2024-12-31";2.111;"A";"Данные СберИндекса";"городской округ Сосновоборский";"Год";"3";"км";"0"
"2025-11-01";3.955;"A";"Данные СберИндекса";"городской округ Сосновоборский";"Год";"3";"км";"0"
"2024-12-31";0.323;"A";"Данные СберИндекса";"Холмский муниципальный район";"Год";"3";"км";"0"
"2025-11-01";0.321;"A";"Данные СберИндекса";"Холмский муниципальный район";"Год";"3";"км";"0"
"2024-12-31";0.891;"A";"Данные СберИндекса";"городской округ Янтарный";"Год";"3";"км";"0"
"2025-11-01";0.778;"A";"Данные СберИндекса";"городской округ Янтарный";"Год";"3";"км";"0"
"2024-12-31";0.497;"A";"Данные СберИндекса";"городской округ Светловский";"Год";"3";"км";"0"
"2025-11-01";0.607;"A";"Данные СберИндекса";"городской округ Светловский";"Год";"3";"км";"0"
"2024-12-31";3.107;"A";"Данные СберИндекса";"внутригородская территория города федерального значения муниципальный округ Введенский";"Год";"3";"км";"0"
"2025-11-01";3.803;"A";"Данные СберИндекса";"внутригородская территория города федерального значения муниципальный округ Введенский";"Год";"3";"км";"0"
"2024-12-31";3.453;"A";"Данные СберИндекса";"муниципальный округ Неманский";"Год";"3";"км";"0"
"2025-11-01";3.512;"A";"Данные СберИндекса";"муниципальный округ Неманский";"Год";"3";"км";"0"
"2024-12-31";0.341;"A";"Данные СберИндекса";"муниципальный округ Красногородский";"Год";"3";"км";"0"
"2025-11-01";0.328;"A";"Данные СберИндекса";"муниципальный округ Красногородский";"Год";"3";"км";"0"
"2024-12-31";0.567;"A";"Данные СберИндекса";"муниципальный округ Гвардейский";"Год";"3";"км";"0"
"2025-11-01";0.602;"A";"Данные СберИндекса";"муниципальный округ Гвардейский";"Год";"3";"км";"0"
"2024-12-31";4.161;"A";"Данные СберИндекса";"внутригородская территория города федерального значения муниципальный округ Невская застава";"Год";"3";"км";"0"
"2025-11-01";4.544;"A";"Данные СберИндекса";"внутригородская территория города федерального значения муниципальный округ Невская застава";"Год";"3";"км";"0"
"2024-12-31";6.169;"A";"Данные СберИндекса";"Всеволожский муниципальный район";"Год";"3";"км";"0"
"2025-11-01";6.865;"A";"Данные СберИндекса";"Всеволожский муниципальный район";"Год";"3";"км";"0"
"2024-12-31";0.384;"A";"Данные СберИндекса";"Бежаницкий муниципальный район";"Год";"3";"км";"0"
"2025-11-01";0.466;"A";"Данные СберИндекса";"Бежаницкий муниципальный район";"Год";"3";"км";"0"
"2024-12-31";2.018;"A";"Данные СберИндекса";"Великолукский муниципальный район";"Год";"3";"км";"0"
"2025-11-01";2.347;"A";"Данные СберИндекса";"Великолукский муниципальный район";"Год";"3";"км";"0"
"2024-12-31";3.05;"A";"Данные СберИндекса";"Череповецкий муниципальный район";"Год";"3";"км";"0"
"2025-11-01";2.736;"A";"Данные СберИндекса";"Череповецкий муниципальный район";"Год";"3";"км";"0"
"2024-12-31";0.886;"A";"Данные СберИндекса";"Сокольский муниципальный округ";"Год";"3";"км";"0"
"2025-11-01";0.889;"A";"Данные СберИндекса";"Сокольский муниципальный округ";"Год";"3";"км";"0"
"2024-12-31";1.104;"A";"Данные СберИндекса";"Великоустюгский муниципальный округ";"Год";"3";"км";"0"
"2025-11-01";1.131;"A";"Данные СберИндекса";"Великоустюгский муниципальный округ";"Год";"3";"км";"0"
"2024-12-31";4.335;"A";"Данные СберИндекса";"внутригородская территория города федерального значения муниципальный округ Гражданка";"Год";"3";"км";"0"
"2025-11-01";4.407;"A";"Данные СберИндекса";"внутригородская территория города федерального значения муниципальный округ Гражданка";"Год";"3";"км";"0"
"2024-12-31";0.621;"A";"Данные СберИндекса";"Суоярвский муниципальный округ";"Год";"3";"км";"0"
"2025-11-01";0.627;"A";"Данные СберИндекса";"Суоярвский муниципальный округ";"Год";"3";"км";"0"
"2024-12-31";0.936;"A";"Данные СберИндекса";"муниципальный округ Печорский";"Год";"3";"км";"0"
"2025-11-01";0.953;"A";"Данные СберИндекса";"муниципальный округ Печорский";"Год";"3";"км";"0"
"2024-12-31";9.633;"A";"Данные СберИндекса";"внутригородская территория города федерального значения город Сестрорецк";"Год";"3";"км";"0"
"2025-11-01";9.731;"A";"Данные СберИндекса";"внутригородская территория города федерального значения город Сестрорецк";"Год";"3";"км";"0"
"2024-12-31";4.843;"A";"Данные СберИндекса";"внутригородская территория города федерального значения муниципальный округ Северный";"Год";"3";"км";"0"
"2025-11-01";5.102;"A";"Данные СберИндекса";"внутригородская территория города федерального значения муниципальный округ Северный";"Год";"3";"км";"0"
"2024-12-31";0.488;"A";"Данные СберИндекса";"муниципальный округ Усинск";"Год";"3";"км";"0"
"2025-11-01";0.507;"A";"Данные СберИндекса";"муниципальный округ Усинск";"Год";"3";"км";"0"
"2024-12-31";0.533;"A";"Данные СберИндекса";"Порховский муниципальный район";"Год";"3";"км";"0"
"2025-11-01";0.513;"A";"Данные СберИндекса";"Порховский муниципальный район";"Год";"3";"км";"0"
"2024-12-31";2.915;"A";"Данные СберИндекса";"городской округ Сыктывкар";"Год";"3";"км";"0"
"2025-11-01";2.981;"A";"Данные СберИндекса";"городской округ Сыктывкар";"Год";"3";"км";"0"
"2024-12-31";0.734;"A";"Данные СберИндекса";"муниципальный округ Каргопольский";"Год";"3";"км";"0"
"2025-11-01";0.706;"A";"Данные СберИндекса";"муниципальный округ Каргопольский";"Год";"3";"км";"0"
"2024-12-31";0.644;"A";"Данные СберИндекса";"Терский муниципальный район";"Год";"3";"км";"0"
"2025-11-01";0.73;"A";"Данные СберИндекса";"Терский муниципальный район";"Год";"3";"км";"0"
"2024-12-31";4.114;"A";"Данные СберИндекса";"муниципальный округ город Апатиты";"Год";"3";"км";"0"
"2025-11-01";1.346;"A";"Данные СберИндекса";"муниципальный округ город Апатиты";"Год";"3";"км";"0"
"2024-12-31";0.416;"A";"Данные СберИндекса";"Ижемский муниципальный район";"Год";"3";"км";"0"
"2025-11-01";0.412;"A";"Данные СберИндекса";"Ижемский муниципальный район";"Год";"3";"км";"0"
"2024-12-31";3.729;"A";"Данные СберИндекса";"внутригородская территория города федерального значения муниципальный округ Сампсониевское";"Год";"3";"км";"0"
"2025-11-01";4.41;"A";"Данные СберИндекса";"внутригородская территория города федерального значения муниципальный округ Сампсониевское";"Год";"3";"км";"0"
"2024-12-31";0.916;"A";"Данные СберИндекса";"Шекснинский муниципальный район";"Год";"3";"км";"0"
"2025-11-01";0.955;"A";"Данные СберИндекса";"Шекснинский муниципальный район";"Год";"3";"км";"0"
"2024-12-31";4.51;"A";"Данные СберИндекса";"внутригородская территория города федерального значения муниципальный округ Пороховые";"Год";"3";"км";"0"
"2025-11-01";4.759;"A";"Данные СберИндекса";"внутригородская территория города федерального значения муниципальный округ Пороховые";"Год";"3";"км";"0"
"2024-12-31";0.472;"A";"Данные СберИндекса";"Кирилловский муниципальный округ";"Год";"3";"км";"0"
"2025-11-01";0.511;"A";"Данные СберИндекса";"Кирилловский муниципальный округ";"Год";"3";"км";"0"
"2024-12-31";15.044;"A";"Данные СберИндекса";"внутригородская территория города федерального значения поселок Молодежное";"Год";"3";"км";"0"
"2025-11-01";14.644;"A";"Данные СберИндекса";"внутригородская территория города федерального значения поселок Молодежное";"Год";"3";"км";"0"
"2024-12-31";0.373;"A";"Данные СберИндекса";"Ковдорский муниципальный округ";"Год";"3";"км";"0"
"2025-11-01";0.382;"A";"Данные СберИндекса";"Ковдорский муниципальный округ";"Год";"3";"км";"0"
"2024-12-31";5.233;"A";"Данные СберИндекса";"внутригородская территория города федерального значения муниципальный округ Коломяги";"Год";"3";"км";"0"
"2025-11-01";5.627;"A";"Данные СберИндекса";"внутригородская территория города федерального значения муниципальный округ Коломяги";"Год";"3";"км";"0"
"2024-12-31";7.05;"A";"Данные СберИндекса";"внутригородская территория города федерального значения муниципальный округ Сосновая поляна";"Год";"3";"км";"0"
"2025-11-01";6.94;"A";"Данные СберИндекса";"внутригородская территория города федерального значения муниципальный округ Сосновая поляна";"Год";"3";"км";"0"
"2024-12-31";5.478;"A";"Данные СберИндекса";"внутригородская территория города федерального значения  Александровский муниципальный округ";"Год";"3";"км";"0"
"2025-11-01";5.957;"A";"Данные СберИндекса";"внутригородская территория города федерального значения  Александровский муниципальный округ";"Год";"3";"км";"0"
"2024-12-31";0.569;"A";"Данные СберИндекса";"Ленский муниципальный район";"Год";"3";"км";"0"
"2025-11-01";0.62;"A";"Данные СберИндекса";"Ленский муниципальный район";"Год";"3";"км";"0"
"2024-12-31";5.332;"A";"Данные СберИндекса";"внутригородская территория города федерального значения муниципальный округ Сергиевское";"Год";"3";"км";"0"
"2025-11-01";5.633;"A";"Данные СберИндекса";"внутригородская территория города федерального значения муниципальный округ Сергиевское";"Год";"3";"км";"0"